<?xml version='1.0' encoding='UTF-8'?>
<shortcuts>
    <shortcut>
        <label>40171</label>
        <label2>$INFO[Window(home).Property(Movies.Count)]$INFO[Window(home).Property(TVShows.Count), / ]</label2>
        <defaultID>home</defaultID>
        <icon>special://skin/extras/icons/home.png</icon>
        <action>RunScript(script.skin.helper.service,action=videosearch)</action>
    </shortcut>
    <shortcut>
        <label>3</label>
        <label2></label2>
        <defaultID>videos</defaultID>
        <icon>special://skin/extras/icons/video-addons.png</icon>
        <action>ActivateWindow(Videos,VideoLibrary)</action>
    </shortcut>
    <shortcut>
        <label>$VAR[MovieHub]</label>
        <label2>$INFO[Window(home).Property(Movies.watched)]$INFO[Window(home).Property(Movies.Count), / ]</label2>
        <defaultID>movies</defaultID>
        <icon>special://skin/extras/icons/movie.png</icon>
        <action condition="!Skin.HasSetting(donotuse.moviehub)">ActivateWindow(1113)</action>
        <action condition="Skin.HasSetting(donotuse.moviehub)">ActivateWindow(Videos,MovieTitles,return)</action>
    </shortcut>
    <shortcut>
        <label>$VAR[TVHub]</label>
        <label2>$INFO[Window(home).Property(Episodes.watched)]$INFO[Window(home).Property(Episodes.Count), / ]</label2>
        <defaultID>tvshows</defaultID>
        <icon>special://skin/extras/icons/tv.png</icon>
        <action condition="!Skin.HasSetting(donotuse.tvhub)">ActivateWindow(1114)</action>
        <action condition="Skin.HasSetting(donotuse.tvhub)">ActivateWindow(Videos,TvShowTitles,return)</action>
    </shortcut>
    <shortcut>
        <label>20389</label>
        <label2></label2>
        <defaultID>musicvideo</defaultID>
        <icon>special://skin/extras/icons/musicvideo.png</icon>
        <action>ActivateWindow(Videos,MusicVideoTitles,return)</action>
    </shortcut>
    <shortcut>
        <label>2</label>
        <label2>$INFO[Window(Home).Property(Music.AlbumsCount)]$INFO[Window(home).Property(Music.SongsCount), / ]</label2>
        <defaultID>music</defaultID>
        <icon>special://skin/extras/icons/music.png</icon>
        <action>ActivateWindow(Music,Artists,return)</action>
    </shortcut>
    <shortcut>
        <label>19021</label>
        <label2></label2>
        <defaultID>radio</defaultID>
        <icon>special://skin/extras/icons/radio.png</icon>
        <action>ActivateWindow(RadioChannels,return)</action>
    </shortcut>
    <shortcut>
        <label>19020</label>
        <label2>$INFO[Pvr.BackendChannels]</label2>
        <defaultID>livetv</defaultID>
        <icon>special://skin/extras/icons/livetv.png</icon>
        <action>ActivateWindow(TVChannels,return)</action>
    </shortcut>
    <shortcut>
        <label>1</label>
        <label2>$INFO[Window(Home).Property(SkinHelper.TotalPicturesAddons)]</label2>
        <defaultID>pictures</defaultID>
        <icon>special://skin/extras/icons/pictures.png</icon>
        <action>ActivateWindow(Pictures,return)</action>
    </shortcut>
    <shortcut>
        <label>24001</label>
        <label2></label2>
        <defaultID>addons</defaultID>
        <icon>special://skin/extras/icons/addons.png</icon>
        <action>ActivateWindow(1100)</action>
    </shortcut>
    <shortcut>
        <label>8</label>
        <label2>$INFO[Weather.Temperature,[COLOR=white],[/COLOR]]$INFO[Weather.Conditions, ,]</label2>
        <defaultID>weather</defaultID>
        <icon>special://skin/extras/icons/sun.png</icon>
        <action>ActivateWindow(Weather)</action>
    </shortcut>
</shortcuts>
