<?xml version="1.0" encoding="UTF-8"?>
<overrides>

<!-- Icons overrides -->
	<useDefaultThumbAsIcon>True</useDefaultThumbAsIcon>
	<icon labelID="tvhub">icons/sidemenu/tv.png</icon>
	<icon labelID="moviehub">icons/sidemenu/movies.png</icon>
	<icon image="DefaultShortcut.png">special://skin/extras/icons/addtile.png</icon>
	<icon image="DefaultFolder.png">DefaultFolderSquare.png</icon>
	<icon image="DefaultVideo.png">DefaultAddonVideo.png</icon>
	<icon image="DefaultMovies.png">DefaultMoviesSquare.png</icon>
	<icon image="DefaultTVShows.png">DefaultTVShowsSquare.png</icon>
	<icon image="DefaultMusicVideos.png">DefaultMusicVideosSquare.png</icon>
	<icon image="DefaultPicture.png">DefaultAddonPicture.png</icon>
	<icon image="DefaultDVDFull.png">DefaultDVDFullSquare.png</icon>
	<icon image="DefaultInProgressShows.png">DefaultInProgressShowsSquare.png</icon>
	<icon image="DefaultRecentlyAddedMovies.png">DefaultRecentlyAddedMoviesSquare.png</icon>
	<icon image="DefaultRecentlyAddedEpisodes.png">DefaultRecentlyAddedEpisodesSquare.png</icon>
	<icon image="DefaultVideoPlaylists.png">DefaultMusicPlaylists.png</icon>
	<icon image="DefaultPlaylist.png">DefaultMusicPlaylists.png</icon>
	<icon labelID="livetv">DefaultTVGuide.png</icon>
	<icon labelID="radio">DefaultRadioGuide.png</icon>

	<!-- Default Widgets -->
    <widgetdefault labelID="videos">SourcesWidget</widgetdefault>
    <widgetdefault labelID="movies">MoviesWidget</widgetdefault>
    <widgetdefault labelID="tvshows">TVShowsWidget</widgetdefault>
    <widgetdefault labelID="musicvideo">MusicVideoWidget</widgetdefault>
    <widgetdefault labelID="music">MusicWidget</widgetdefault>
    <widgetdefault labelID="radio">RadioWidget</widgetdefault>
    <widgetdefault labelID="livetv">LiveTVWidget</widgetdefault>
    <widgetdefault labelID="pictures">PictureWidget</widgetdefault>
    <widgetdefault labelID="addons">AddonsWidget</widgetdefault>
    <widgetdefault labelID="weather">WeatherWidget</widgetdefault>
	<widgetdefault labelID="home">HomeWidget</widgetdefault>

<!-- Default Backgrounds -->        
    <backgrounddefault labelID="videos">$INFO[Window(Home).Property(SkinHelper.AllVideosBackground)]</backgrounddefault>
    <backgrounddefault labelID="movies">$INFO[Window(Home).Property(SkinHelper.AllMoviesBackground)]</backgrounddefault>
    <backgrounddefault labelID="tvshows">$INFO[Window(Home).Property(SkinHelper.AllTvShowsBackground)]</backgrounddefault>
    <backgrounddefault labelID="musicvideo">$INFO[Window(Home).Property(SkinHelper.AllMusicVideosBackground)]</backgrounddefault>
    <backgrounddefault labelID="music">$INFO[Window(Home).Property(SkinHelper.AllMusicBackground)]</backgrounddefault>
    <backgrounddefault labelID="radio">$INFO[Window(Home).Property(SkinHelper.PvrBackground)]</backgrounddefault>
    <backgrounddefault labelID="livetv">$INFO[Window(Home).Property(SkinHelper.PvrBackground)]</backgrounddefault>
    <backgrounddefault labelID="pictures">$INFO[Window(Home).Property(SkinHelper.PicturesBackground)]</backgrounddefault>
    <backgrounddefault labelID="addons">special://skin/extras/home-images/addons.jpg</backgrounddefault>
    <backgrounddefault labelID="weather">$VAR[WeatherFanart]$INFO[Window(Weather).Property(Current.FanartCode)]</backgrounddefault>
	<backgrounddefault labelID="home">$INFO[Window(Home).Property(SkinHelper.GlobalFanartBackground)]</backgrounddefault>

	<shortcut label="40206" type="TVHub" grouping="common" icon="icons/sidemenu/tv.png">ActivateWindow(1112)</shortcut>
	<shortcut label="40205" type="MovieHub" grouping="common" icon="icons/sidemenu/movies.png">ActivateWindow(1111)</shortcut>


	<!-- Widget1 Icon Aspect Ratio -->
	<propertySettings property="widget1Icon" title="Select Aspect Ratio" showNone="False" />
	<property property="widget1Icon">Poster</property>
	<property property="widget1Icon">Square</property>
	<property property="widget1Icon">Landscape</property>

	<propertySettings property="widget2Icon" title="Select Aspect Ratio" showNone="False" />
	<property property="widget2Icon">Poster</property>
	<property property="widget2Icon">Square</property>
	<property property="widget2Icon">Landscape</property>

	<propertySettings property="widget3Icon" title="Select Aspect Ratio" showNone="False" />
	<property property="widget3Icon">Poster</property>
	<property property="widget3Icon">Square</property>
	<property property="widget3Icon">Landscape</property>

<!-- Widget Settings -->    
    <propertySettings toggle="HideBannerWidget" buttonID="3129" templateonly="True" />
    <propertySettings property="PictureWidget" buttonID="3128" title="Path" showNone="True" imageBrowse="True" />    

<!-- Background -->
	<!-- Browse for Backgrounds -->
	<background label="::PLAYLIST::">playlistBackground</background>
	<background label="smartshortcuts">||BROWSE||plugin://script.skin.helper.service/?action=backgrounds</background>
	<background label="smartshortcuts">||BROWSE||special://skin/extras/backgrounds</background>
	<backgroundBrowse default="protocol://">True</backgroundBrowse>


	<!-- Icons Directory -->
    <thumbnailBrowseDefault>special://skin/extras/icons/</thumbnailBrowseDefault>    

<!-- Groupings -->    
    <groupings>

		<!-- smart shortcuts -->
		<shortcut label="Smart Shortcuts" type="32010">||BROWSE||script.skin.helper.service/?action=smartshortcuts</shortcut>

		<!-- common items -->
		<node label="Common">
			<shortcut label="342" grouping="32029" icon="icons/sidemenu/movies.png">ActivateWindow(10025,videodb://movies/titles/,return)</shortcut>
			<shortcut label="20343" grouping="32029" icon="icons/sidemenu/tv.png">ActivateWindow(10025,videodb://tvshows/titles/,return)</shortcut>

			<shortcut label="Movie Hub" type="Hub" icon="icons/sidemenu/movies.png">ActivateWindow(1111,return)</shortcut>
			<shortcut label="TV Hub" type="Hub" icon="icons/sidemenu/tv.png">ActivateWindow(1112,return)</shortcut>


			<shortcut label="10005" grouping="32029" icon="icons/sidemenu/music.png">ActivateWindow(10502,musicdb://,return)</shortcut>
			<shortcut label="20389" grouping="32029" icon="icons/sidemenu/musicvideos.png">ActivateWindow(10025,videodb://musicvideos/titles/,return)</shortcut>
			<shortcut label="12600" grouping="32029" icon="icons/sidemenu/weather.png">ActivateWindow(Weather)</shortcut>

			<shortcut label="10002" grouping="32029" icon="icons/sidemenu/pictures.png">ActivateWindow(pictures,return)</shortcut>
			<shortcut label="10006" grouping="32029" icon="icons/sidemenu/videos.png">ActivateWindow(Videos,return)</shortcut>
			<shortcut label="10004" grouping="32029" icon="icons/settings.png">ActivateWindow(Settings)</shortcut>
			<shortcut label="32022" grouping="32029" icon="icons/sidemenu/livetv.png" condition="PVR.HasTVChannels">ActivateWindow(TVGuide)</shortcut>

			<shortcut label="19021" grouping="32029" icon="icons/sidemenu/radio.png">ActivateWindow(radiochannels,return)</shortcut>
			<shortcut label="7" grouping="32029" icon="icons/filemanager.png">ActivateWindow(filemanager)</shortcut>
			<shortcut label="10040" grouping="32029" icon="icons/sidemenu/programs.png">ActivateWindow(Programs,Addons,return)</shortcut>
			<shortcut label="20244" grouping="32029" icon="icons/sidemenu/android.png" condition="System.Platform.Android">ActivateWindow(10001,androidapp://sources/apps/,return)</shortcut>
			<shortcut label="10134" grouping="32029" icon="icons/favourites.png">ActivateWindow(favourites)</shortcut>
			<shortcut label="31062" grouping="32029" type="youtube" icon="special://skin/extras/icons/youtube.png" condition="System.HasAddon(plugin.video.youtube)">ActivateWindow(10025,plugin://plugin.video.youtube,return)</shortcut>
		</node>

		<node label="32030">
			<shortcut label="19140" grouping="1211" type="1211">RunScript(script.skin.helper.service,action=VIDEOSEARCH)</shortcut>
			<shortcut label="20381" type="32010">||BROWSE||script.skin.helper.widgets</shortcut>
			<content>video</content>
			<node label="32040">
				<content>playlist-video</content>
			</node>
			<node label="32010">
				<shortcut label="1037" type="32014" icon="DefaultAddonVideo.png">ActivateWindow(10025,addons://sources/video/,return)</shortcut>
				<content>addon-video</content>
			</node>

			<node label="32075">
				<content>videosources</content>
				<content>upnp-video</content>
			</node>
		</node>
		<node label="32031">
			<shortcut label="10005" grouping="32029" icon="icons/sidemenu/music.png">ActivateWindow(10502,musicdb://,return)</shortcut>
			<shortcut label="19021" grouping="32029" icon="icons/sidemenu/radio.png">ActivateWindow(radiochannels,return)</shortcut>
			<shortcut label="19140" grouping="1211" type="1211">RunScript(script.skin.helper.service,action=MUSICSEARCH)</shortcut>
			<content>music</content>
			<node label="32040">
				<content>playlist-audio</content>
			</node>
			<node label="32011">
				<shortcut label="1038" type="32019" icon="DefaultAddonMusic.png">ActivateWindow(MusicLibrary,Addons,return)</shortcut>
				<content>addon-audio</content>
			</node>
			<node label="32075">
				<content>musicsources</content>
				<content>upnp-music</content>
			</node>
		</node>

		<!-- Live TV -->
		<node label="32017" condition="PVR.HasTVChannels">
			<shortcut label="32022" grouping="32029" icon="icons/sidemenu/livetv.png" condition="PVR.HasTVChannels">ActivateWindow(TVGuide)</shortcut>
			<shortcut label="19021" grouping="32029" icon="icons/sidemenu/radio.png" condition="PVR.HasTVChannels">ActivateWindow(radiochannels,return)</shortcut>
			<node label="32017" condition="PVR.HasTVChannels">
				<content>pvr</content>
				<node label="19023">
					<content>pvr-tv</content>
				</node>
			</node>
			<node label="32087" condition="PVR.HasRadioChannels">
				<content>radio</content>
				<node label="19024">
					<content>pvr-radio</content>
				</node>
			</node>
		</node>

		<node label="32020">
			<shortcut label="10002" grouping="32029" icon="icons/sidemenu/pictures.png">ActivateWindow(pictures,return)</shortcut>
			<content>picturesources</content>
		</node>
		<node label="32007">
			<node label="32009">
				<shortcut label="10001" type="32021" icon="DefaultAddonProgram.png">ActivateWindow(Programs,Addons,return)</shortcut>
				<shortcut label="20244" type="32021" icon="DefaultAddonProgram.png" condition="System.Platform.Android">ActivateWindow(Programs,androidapp://sources/apps,return)</shortcut>
				<content>addon-program</content>
			</node>
			<node label="32010">
				<shortcut label="1037" type="32014" icon="DefaultAddonVideo.png">ActivateWindow(Videos,Addons,return)</shortcut>
				<content>addon-video</content>
			</node>
			<node label="32011">
				<shortcut label="1038" type="32019" icon="DefaultAddonMusic.png">ActivateWindow(MusicLibrary,Addons,return)</shortcut>
				<content>addon-audio</content>
			</node>
			<node label="32012">
				<shortcut label="1039" type="32020" icon="DefaultAddonPicture.png">ActivateWindow(Pictures,Addons,return)</shortcut>
				<content>addon-image</content>
			</node>
		</node>
		<node label="32006">
			<content>favourite</content>
		</node>
		<node label="10004">
			<content>settings</content>
		</node>
		<node label="32054">
		        <shortcut label="20183" type="32054" icon="ReloadSkin.png">ReloadSkin()</shortcut>
			<content>commands</content>
		</node>
	</groupings>
	
	<widget-groupings>
        <shortcut label="40085" icon="DefaultFolderSquare.png" condition="System.HasAddon(script.skin.helper.service)">||BROWSE||script.skin.helper.service/?action=widgets&amp;path=skinplaylists,librarydataprovider,scriptwidgets,extendedinfo,smartshortcuts,pvr,smartishwidgets</shortcut>

        <shortcut label="32107" type="32021" icon="DefaultAddon.png" condition="!System.HasAddon(script.skin.helper.service)">::INSTALL::script.skin.helper.service</shortcut>
	
	        <node label="40084">
	                <content>widgets</content>
	        </node> 
		<node label="32030">
			<content>video</content>
			<node label="32040">
				<content>playlist-video</content>
			</node>
			<node label="32010">
				<content>addon-video</content>
			</node>
			<node label="32075">
				<content>videosources</content>
			</node>
		</node>
		<node label="32031">
			<content>music</content>
			<node label="32040">
				<content>playlist-audio</content>
			</node>
			<node label="32011">
				<content>addon-audio</content>
			</node>
			<node label="32075">
				<content>musicsources</content>
			</node>
		</node>
		<node label="32020">
			<content>picturesources</content>
		</node>
		<node label="32007">
			<node label="32009">
				<content>addon-program-plugin</content>
			</node>
			<node label="32010">
				<content>addon-video</content>
			</node>
			<node label="32011">
				<content>addon-audio</content>
			</node>
			<node label="32012">
				<content>addon-image</content>
			</node>
			<shortcut label="10001" type="32021" icon="DefaultAddonProgram.png" widget="addon" widgetType="program" widgetTarget="programs">addons://sources/executable</shortcut>
			<shortcut label="20244" type="32021" icon="DefaultAddonProgram.png" widget="addon" widgetType="program" widgetTarget="programs" condition="System.Platform.Android">androidapp://sources/apps</shortcut>
			<shortcut label="1037" type="32014" icon="DefaultAddonVideo.png" widget="addon" widgetType="video" widgetTarget="video">addons://sources/video</shortcut>
			<shortcut label="1038" type="32019" icon="DefaultAddonMusic.png" widget="addon" widgetType="music" widgetTarget="music">addons://sources/audio</shortcut>
			<shortcut label="1039" type="32020" icon="DefaultAddonPicture.png" widget="addon" widgetType="picture" widgetTarget="pictures">addons://sources/image</shortcut>
		</node>
	</widget-groupings>
            
</overrides>
