<?xml version="1.0" encoding="UTF-8"?>
<includes>
	<variable name="PVRStatusImageVar">
		<value condition="ListItem.IsRecording">windows/pvr/record.png</value>
		<value condition="ListItem.HasTimer | ListItem.HasTimerSchedule">windows/pvr/timer.png</value>
	</variable>
	<variable name="AutoCompletionContentVar">
		<value condition="System.HasAddon(plugin.program.autocompletion) + !System.HasHiddenInput">plugin://plugin.program.autocompletion?info=autocomplete&amp;&amp;id=$INFO[Control.GetLabel(312).index(1)]&amp;&amp;limit=9</value>
	</variable>
	<variable name="PlaylistLabelVar">
		<value condition="String.IsEqual(ListItem.DbType,episode)">$INFO[ListItem.TVShowtitle,,: ]$INFO[ListItem.Season,,x]$INFO[ListItem.Episode,,. ]$INFO[ListItem.Title]</value>
		<value condition="String.IsEqual(ListItem.DbType,musicvideo)">$INFO[ListItem.Artist,, - ]$INFO[ListItem.Title]</value>
		<value>$INFO[ListItem.Label]</value>
	</variable>
	<variable name="PlaylistLabel2Var">
		<value condition="Window.IsActive(musicplaylist)">$INFO[ListItem.Duration]</value>
		<value>$INFO[ListItem.Duration,, $LOCALIZE[12391]]</value>
	</variable>
	<variable name="InfoListPathVar">
		<value condition="String.IsEmpty(Container.PluginName)">$INFO[ListItem.FolderPath]</value>
		<value></value>
	</variable>
	<variable name="AddonCountLabel">
		<value condition="Integer.IsGreater(Container(8000).NumItems,10)">&gt;9</value>
		<value condition="Integer.IsGreater(Container(8000).NumItems,9)">9</value>
		<value condition="Integer.IsGreater(Container(8000).NumItems,8)">8</value>
		<value condition="Integer.IsGreater(Container(8000).NumItems,7)">7</value>
		<value condition="Integer.IsGreater(Container(8000).NumItems,6)">6</value>
		<value condition="Integer.IsGreater(Container(8000).NumItems,5)">5</value>
		<value condition="Integer.IsGreater(Container(8000).NumItems,4)">4</value>
		<value condition="Integer.IsGreater(Container(8000).NumItems,3)">3</value>
		<value condition="Integer.IsGreater(Container(8000).NumItems,2)">2</value>
		<value condition="Integer.IsGreater(Container(8000).NumItems,0)">1</value>
		<value>[COLOR grey]0[/COLOR]</value>
	</variable>
	<variable name="MusicInfoTextboxVar">
		<value condition="String.IsEqual(ListItem.DbType,song) + !String.IsEmpty(ListItem.ContributorAndRole)">$INFO[ListItem.ContributorAndRole,[B]$LOCALIZE[31128][/B][CR][COLOR=white],[/COLOR]]</value>
		<value condition="String.IsEqual(ListItem.DbType,song)">$INFO[ListItem.Comment,[B]$LOCALIZE[569][/B][CR][COLOR=white],[/COLOR]]</value>
		<value condition="String.IsEqual(ListItem.DbType,album)">$INFO[ListItem.Property(Album_Description),[COLOR=white],[/COLOR]]</value>
		<value condition="String.IsEqual(ListItem.DbType,artist)">$INFO[ListItem.Property(Artist_Description),[COLOR=white],[/COLOR]]</value>
	</variable>
	<variable name="NowPlayingSublabelVar">
		<value condition="VideoPlayer.Content(episodes)">$INFO[VideoPlayer.TvShowTitle]</value>
		<value condition="VideoPlayer.Content(movies)">$INFO[VideoPlayer.Year]$INFO[VideoPlayer.Genre, - ]</value>
		<value condition="VideoPlayer.Content(livetv)">$INFO[VideoPlayer.ChannelName]</value>
		<value condition="Player.HasAudio">$INFO[MusicPlayer.Artist]</value>
	</variable>
	<variable name="FullScreenInfoTextBoxVar">
		<value condition="Control.HasFocus(5553)">$INFO[VideoPlayer.Tagline,[B],[/B][CR]]$INFO[VideoPlayer.Plot]</value>
		<value condition="Control.HasFocus(5555)">$INFO[VideoPlayer.NextTitle,[B],[/B][CR]]$INFO[VideoPlayer.NextPlot]</value>
		<value>$INFO[VideoPlayer.CastAndRole]</value>
	</variable>
	<variable name="NowPlayingIconVar">
		<value condition="Player.Paused">icons/now-playing/pause.png</value>
		<value>icons/now-playing/play.png</value>
	</variable>
	<variable name="NowPlayingPosterVar">
		<value condition="!String.IsEmpty(Player.Art(poster))">$INFO[Player.Art(poster)]</value>
		<value condition="!String.IsEmpty(Player.Art(tvshow.poster))">$INFO[Player.Art(tvshow.poster)]</value>
		<value condition="String.IsEmpty(Player.Art(thumb)) + VideoPlayer.Content(livetv)">DefaultTVShows.png</value>
		<value>$INFO[Player.Art(thumb)]</value>
	</variable>
	<variable name="ShiftThumbVar">
		<value condition="ListItem.IsParentFolder">DefaultFolderBackSquare.png</value>
		<value condition="String.IsEmpty(Listitem.Thumb) + [String.IsEqual(listitem.dbtype,album) | String.IsEqual(listitem.dbtype,artist)]">DefaultAudio.png</value>
		<value condition="ListItem.IsFolder + String.IsEmpty(ListItem.Thumb)">DefaultFolderSquare.png</value>
		<value>$INFO[ListItem.Thumb]</value>
	</variable>
	<variable name="InfoWallThumbVar">
		<value condition="!String.IsEmpty(Listitem.Art(poster))">$INFO[Listitem.Art(poster)]</value>
		<value>$INFO[ListItem.Icon]</value>
	</variable>
	<variable name="IconWallThumbVar">
		<value condition="String.IsEqual(listitem.dbtype,studio)">$INFO[ListItem.Label,resource://resource.images.studios.white/,.png]</value>
		<value condition="!String.isempty(ListItem.Thumb)">$INFO[ListItem.Thumb]</value>
		<value>$INFO[ListItem.Icon]</value>
	</variable>
	<variable name="ListLabel2Var">
		<value condition="String.IsEmpty(Container.PluginName) + Container.Content(tvshows) + String.IsEqual(Container.SortMethod,$LOCALIZE[556])">$INFO[ListItem.Property(WatchedEpisodes)]$INFO[ListItem.Property(TotalEpisodes), / ,]</value>
		<value condition="String.IsEqual(Container.SortMethod,$LOCALIZE[556])">$INFO[ListItem.Year]</value>
		<value condition="!String.isempty(ListItem.Appearances)">$LOCALIZE[38026]: $INFO[ListItem.Appearances]</value>
		<value>$INFO[ListItem.Label2]</value>
	</variable>
	<variable name="ShiftLeftTextBoxVar">
		<value condition="Window.IsActive(pictures)">$INFO[ListItem.Property(description),,[CR]]$INFO[ListItem.PictureDatetime,[COLOR button_focus]$LOCALIZE[552]:  [/COLOR],[CR]]$INFO[ListItem.PictureResolution,[COLOR button_focus]$LOCALIZE[169]:  [/COLOR],[CR]]$INFO[ListItem.PictureCamMake,[COLOR button_focus]$LOCALIZE[31041]:  [/COLOR],[CR]]$INFO[ListItem.PictureCamModel,[COLOR button_focus]$LOCALIZE[21823]:  [/COLOR],[CR]]</value>
		<value condition="String.IsEqual(listitem.dbtype,artist)">$INFO[ListItem.Genre,[COLOR button_focus]$LOCALIZE[515]:  [/COLOR],[CR]]$INFO[ListItem.Property(Artist_YearsActive),[COLOR button_focus]$LOCALIZE[21898]:  [/COLOR],[CR]]$INFO[ListItem.Property(Artist_Style),[COLOR button_focus]$LOCALIZE[736]:  [/COLOR],[CR]]</value>
		<value condition="String.IsEqual(listitem.dbtype,album)">$INFO[ListItem.Year,[COLOR button_focus]$LOCALIZE[345]:  [/COLOR],[CR]]$INFO[ListItem.Genre,[COLOR button_focus]$LOCALIZE[515]:  [/COLOR],[CR]]$INFO[ListItem.Property(album_label),[COLOR button_focus]$LOCALIZE[21899]:  [/COLOR],[CR]]$INFO[ListItem.Property(album_style),[COLOR button_focus]$LOCALIZE[736]:  [/COLOR],[CR]]</value>
		<value condition="String.IsEqual(Listitem.DBType,season) | String.IsEqual(Listitem.DBType,tvshow)">$INFO[ListItem.Genre,[COLOR button_focus]$LOCALIZE[515]:  [/COLOR],[CR]]$INFO[ListItem.Premiered,[COLOR button_focus]$LOCALIZE[20416]:  [/COLOR]]</value>
		<value>$INFO[ListItem.Genre,[COLOR button_focus]$LOCALIZE[515]:  [/COLOR],[CR]]$INFO[ListItem.Director,[COLOR button_focus]$LOCALIZE[20339]:  [/COLOR],[CR]]$INFO[ListItem.Writer,[COLOR button_focus]$LOCALIZE[20417]:  [/COLOR],[CR]]$INFO[ListItem.Premiered,[COLOR button_focus]$LOCALIZE[20416]:  [/COLOR]]</value>
	</variable>
	<variable name="ShiftRightTextBoxVar">
		<value condition="Window.IsActive(pictures)">$INFO[ListItem.Size,[COLOR button_focus]$LOCALIZE[289]:  [/COLOR],[CR]]$INFO[ListItem.PictureAperture,[COLOR button_focus]$LOCALIZE[21826]:  [/COLOR],[CR]]$INFO[ListItem.PictureFocalLen,[COLOR button_focus]$LOCALIZE[21827]:  [/COLOR],[CR]]$INFO[ListItem.PictureExpTime,[COLOR button_focus]$LOCALIZE[21830]:  [/COLOR],[CR]]$INFO[ListItem.Date,[COLOR button_focus]$LOCALIZE[552]:  [/COLOR],[CR]]</value>
		<value condition="String.IsEqual(listitem.dbtype,artist)">$INFO[ListItem.Property(artist_description)]</value>
		<value condition="String.IsEqual(listitem.dbtype,album)">$INFO[ListItem.Property(album_description)]</value>
		<value>$INFO[ListItem.Plot]</value>
	</variable>
	<variable name="SelectLabel">
		<value condition="Control.IsVisible(3)">[COLOR=button_focus]$INFO[Container(3).NumItems][/COLOR] $LOCALIZE[31036] - [COLOR=button_focus]$INFO[Container(3).CurrentPage]/$INFO[Container(3).NumPages][/COLOR]</value>
		<value>[COLOR=button_focus]$INFO[Container(6).NumItems][/COLOR] $LOCALIZE[31036] - [COLOR=button_focus]$INFO[Container(6).CurrentPage]/$INFO[Container(6).NumPages][/COLOR]</value>
	</variable>
	<variable name="FileBrowserSelectLabel">
		<value condition="Control.IsVisible(450)">[COLOR=button_focus]$INFO[Container(450).NumItems][/COLOR] $LOCALIZE[31036] - [COLOR=button_focus]$INFO[Container(450).CurrentPage]/$INFO[Container(450).NumPages][/COLOR]</value>
		<value>[COLOR=button_focus]$INFO[Container(451).NumItems][/COLOR] $LOCALIZE[31036] - [COLOR=button_focus]$INFO[Container(451).CurrentPage]/$INFO[Container(451).NumPages][/COLOR]</value>
	</variable>
	<variable name="BannerArtVar">
		<value condition="ListItem.IsParentFolder">DefaultBackBanner.png</value>
		<value condition="!String.IsEmpty(ListItem.Art(banner))">$INFO[ListItem.Art(banner)]</value>
		<value condition="!String.isempty(ListItem.Art(fanart))">$INFO[ListItem.Art(fanart)]</value>
		<value>dialogs/dialog-bg-nobo.png</value>
	</variable>
	<variable name="FanartImageVar">
		<value condition="ListItem.IsParentFolder">special://skin/extras/home-images/movie.jpg</value>
		<value>$INFO[ListItem.Art(fanart)]</value>
	</variable>
	<variable name="ListBoxInfoVar">
		<value condition="String.IsEqual(Container.FolderPath,addons://outdated/) + !String.IsEmpty(ListItem.Addonnews)">$INFO[ListItem.Addonnews]</value>
		<value condition="Container.Content(addons)">$INFO[ListItem.AddonDescription]</value>
		<value condition="String.IsEqual(listitem.dbtype,album)">$INFO[ListItem.Property(album_description)]</value>
		<value condition="String.IsEqual(listitem.dbtype,musicvideo) | String.IsEqual(listitem.dbtype,video)">$INFO[ListItem.Genre,[COLOR button_focus]$LOCALIZE[515]: [/COLOR],[CR]]$INFO[ListItem.Plot]</value>
		<value condition="String.IsEqual(listitem.dbtype,artist)">$INFO[ListItem.Property(artist_description)]</value>
		<value condition="!String.IsEmpty(ListItem.Plot)">$INFO[ListItem.Plot]</value>
		<value condition="String.IsEqual(listitem.dbtype,song)">$INFO[ListItem.Genre,[COLOR button_focus]$LOCALIZE[515]: [/COLOR],[CR]]$INFO[ListItem.Duration,[COLOR button_focus]$LOCALIZE[180]: [/COLOR],[CR]]$INFO[ListItem.Playcount,[COLOR button_focus]$LOCALIZE[567]: [/COLOR],[CR]]</value>
		<value>$INFO[ListItem.Genre,[COLOR button_focus]$LOCALIZE[515]: [/COLOR],[CR]]</value>
	</variable>
	<variable name="WidgetGenreIconVar">
		<value condition="System.HasAddon(resource.images.moviegenreicons.transparent)">$INFO[ListItem.Label,resource://resource.images.moviegenreicons.transparent/,.png]</value>
		<value>DefaultGenre.png</value>
	</variable>
	<variable name="AddonsLabel2Var">
		<value condition="ListItem.Property(addon.downloading)">$INFO[ListItem.Property(addon.status)]</value>
		<value condition="!String.IsEqual(Container.SortMethod,$LOCALIZE[551])">$INFO[ListItem.Label2]</value>
		<value>$INFO[ListItem.AddonCreator,, - ]$INFO[ListItem.AddonVersion]</value>
	</variable>
	<variable name="AddonsListIconVar">
		<value condition="!String.IsEmpty(ListItem.AddonBroken)">icons/addonstatus/disable.png</value>
		<value condition="ListItem.Property(addon.orphaned)">icons/addonstatus/orphan.png</value>
		<value condition="ListItem.Property(addon.downloading)">icons/addonstatus/install.png</value>
		<value condition="ListItem.Property(addon.isinstalled) + !ListItem.Property(addon.isenabled) + Window.IsActive(addonbrowser)">icons/addonstatus/disable.png</value>
		<value condition="ListItem.Property(addon.hasupdate)">icons/addonstatus/update.png</value>
		<value condition="ListItem.Property(addon.isinstalled)">OverlayWatched.png</value>
		<value condition="!ListItem.IsParentFolder">OverlayUnwatched.png</value>
	</variable>
	<variable name="ResolutionFlagVar">
		<value condition="ListItem.IsStereoscopic">flags/videoresolution/3D.png</value>
		<value condition="Integer.IsGreater(ListItem.VideoResolution,1080)">flags/videoresolution/4K.png</value>
		<value>$INFO[ListItem.VideoResolution,flags/videoresolution/,.png]</value>
	</variable>
	<variable name="BannerVar">
		<value condition="!String.IsEmpty(ListItem.Art(banner))">$INFO[ListItem.Art(banner)]</value>
		<value>$INFO[ListItem.Art(tvshow.banner)]</value>
	</variable>
	<variable name="PosterVar">
		<value condition="ListItem.IsParentFolder">DefaultFolderBackPoster.png</value>
		<value condition="!String.IsEmpty(Container.Art(season.poster)) + Container.Content(episodes)">$INFO[Container.Art(season.poster)]</value>
		<value condition="!String.IsEmpty(Container.Art(tvshow.poster)) + Container.Content(episodes)">$INFO[Container.Art(tvshow.poster)]</value>
		<value condition="!String.IsEmpty(Container.Art(tvshow.poster)) + Container.Content(seasons) + Window.IsActive(movieinformation)">$INFO[Container.Art(tvshow.poster)]</value>
		<value condition="Container.Content(actors) | Container.Content(directors)">$INFO[Container.ListItem.Art(thumb)]</value>
		<value condition="!String.IsEmpty(ListItem.Art(tvshow.poster)) + !String.IsEqual(listitem.dbtype,season)">$INFO[ListItem.Art(tvshow.poster)]</value>
		<value>$INFO[ListItem.Art(poster)]</value>
	</variable>
	<variable name="InfoDialogPosterVar">
		<value condition="!String.IsEmpty(ListItem.Art(poster))">$INFO[ListItem.Art(poster)]</value>
		<value condition="!String.IsEmpty(ListItem.Art(season.poster))">$INFO[ListItem.Art(season.poster)]</value>
		<value condition="!String.IsEmpty(ListItem.Art(tvshow.poster))">$INFO[ListItem.Art(tvshow.poster)]</value>
	</variable>
	<variable name="ListPosterVar">
		<value condition="ListItem.IsParentFolder">DefaultFolderBackPoster.png</value>
		<value>$INFO[ListItem.Art(poster)]</value>
	</variable>
	<variable name="BannerLabel2Var">
		<value condition="String.IsEqual(Listitem.DBType,tvshow)">$INFO[ListItem.Property(WatchedEpisodes)]$INFO[ListItem.Property(TotalEpisodes), / ,]</value>
		<!-- <value>$INFO[ListItem.Year]</value>
		 -->
	</variable>
	<variable name="VideoPlayerForwardRewindVar">
		<value condition="Player.Forwarding2x | Player.Rewinding2x">2x</value>
		<value condition="Player.Forwarding4x | Player.Rewinding4x">4x</value>
		<value condition="Player.Forwarding8x | Player.Rewinding8x">8x</value>
		<value condition="Player.Forwarding16x | Player.Rewinding16x">16x</value>
		<value condition="Player.Forwarding32x | Player.Rewinding32x">32x</value>
	</variable>
	<variable name="SeekLabel">
		<value condition="!String.IsEmpty(Player.SeekStepSize)">$LOCALIZE[773][COLOR=grey] $INFO[Player.SeekStepSize][/COLOR]</value>
		<value condition="Player.Paused">$LOCALIZE[112]</value>
		<value condition="Player.Forwarding">$LOCALIZE[31039] $VAR[VideoPlayerForwardRewindVar]</value>
		<value condition="Player.Rewinding">$LOCALIZE[31038] $VAR[VideoPlayerForwardRewindVar]</value>
		<value condition="Player.IsTempo">$LOCALIZE[31142]: $INFO[Player.PlaySpeed]</value>
	</variable>
	<variable name="SeekTimeLabelVar">
		<value condition="!String.IsEmpty(Player.SeekNumeric)">[B]$INFO[Player.SeekNumeric(hh:mm:ss)][/B]</value>
		<value condition="Player.Seeking">$INFO[Player.SeekTime]$INFO[Player.Duration, / ]</value>
		<value>$INFO[Player.Time]$INFO[Player.Duration, / ]</value>
	</variable>
	<variable name="VideoOSDHelpTextVar">
		<value condition="Control.HasFocus(87) + [Player.Rewinding | Player.Forwarding]">$LOCALIZE[31050]</value>
		<value condition="Control.HasFocus(70011)">$LOCALIZE[20060]</value>
		<value condition="Control.HasFocus(700)">$LOCALIZE[298]</value>
		<value condition="Control.HasFocus(703)">$LOCALIZE[31106]</value>
		<value condition="Control.HasFocus(704)">$LOCALIZE[24012]</value>
		<value condition="Control.HasFocus(804)">$LOCALIZE[31092]</value>
		<value condition="Control.HasFocus(70040)">$LOCALIZE[19019]</value>
		<value condition="Control.HasFocus(70041)">$LOCALIZE[19069]</value>
		<value condition="Control.HasFocus(70043)">$LOCALIZE[5]</value>
		<value condition="Control.HasFocus(255)">$LOCALIZE[36501]</value>
		<value condition="Control.HasFocus(606)+ Player.Recording">$LOCALIZE[19059]</value>
		<value condition="Control.HasFocus(606)">$LOCALIZE[264]</value>
		<value condition="ControlGroup(6000).HasFocus + Player.SeekEnabled">$LOCALIZE[31054]</value>
	</variable>
	<variable name="MusicOSDHelpTextVar">
		<value condition="Control.HasFocus(620)">$LOCALIZE[31033]$INFO[MusicPlayer.UserRating, : ]</value>
		<value condition="Control.HasFocus(704)">$LOCALIZE[486]$INFO[Playlist.Repeat, : ]</value>
		<value condition="Control.HasFocus(607) + Playlist.IsRandom">$LOCALIZE[590]: $LOCALIZE[16041]</value>
		<value condition="Control.HasFocus(607)">$LOCALIZE[590]: $LOCALIZE[16039]</value>
		<value condition="Control.HasFocus(703)">$LOCALIZE[24013]</value>
		<value condition="Control.HasFocus(5000)">$LOCALIZE[10004]</value>
	</variable>
	<variable name="SkinSettingsHelpTextVar">
		<value condition="Container(9000).HasFocus(1)">$LOCALIZE[31129]</value>
		<value condition="Container(9000).HasFocus(2)">$LOCALIZE[31130]</value>
	</variable>
	<variable name="DSPManagerHelpTextVar">
		<value condition="Control.HasFocus(20)">$INFO[Container(20).ListItem.Property(Description)]</value>
		<value condition="Control.HasFocus(21)">$INFO[Container(21).ListItem.Property(Description)]</value>
		<value>$INFO[Container(9000).ListItem.Label2]</value>
	</variable>
	<variable name="VolumeIconVar">
		<value condition="Player.Muted">dialogs/volume/mute.png</value>
		<value condition="Integer.IsGreater(Player.Volume,66)">dialogs/volume/volume.png</value>
		<value condition="Integer.IsGreater(Player.Volume,33)">dialogs/volume/volume2.png</value>
		<value condition="player.passthrough">dialogs/volume/volume.png</value>
		<value>dialogs/volume/volume1.png</value>
	</variable>
	<variable name="ListSubLabelVar">
		<value condition="ListItem.IsCollection"></value>
		<value>[COLOR grey]$INFO[ListItem.Year, (,)][/COLOR]</value>
	</variable>
	<variable name="VideoInfoMainLabelVar">
		<value condition="!String.IsEmpty(ListItem.Title)">$INFO[ListItem.Title]$INFO[ListItem.Year, ([COLOR grey],[/COLOR])]</value>
		<value>$INFO[ListItem.Label]$INFO[ListItem.Year, ([COLOR grey],[/COLOR])]</value>
	</variable>
	<variable name="VideoInfoSubLabelVar">
		<value condition="Control.HasFocus(7302)">$INFO[Container(7302).ListItem.Season]$INFO[Container(7302).ListItem.Episode,[COLOR grey]x[/COLOR], : ]$INFO[Container(7302).ListItem.Title]</value>
		<value condition="Control.HasFocus(7399)">$INFO[Container(7399).ListItem.Label2]</value>

		<value condition="String.IsEqual(ListItem.DBType,episode)">$INFO[ListItem.Season]$INFO[ListItem.Episode,[COLOR grey]x[/COLOR],: ]$INFO[ListItem.TVShowTitle]</value>
		<value condition="String.IsEqual(ListItem.DBType,movie)">$INFO[ListItem.Tagline,[I],[/I]]</value>
		<value condition="!IsEmpty(Window(Home).Property(SkinHelper.ListItem.Tagline))">$INFO[Window(Home).Property(SkinHelper.ListItem.Tagline),[I][COLOR=cadmium yellow],[/COLOR][/I]]</value>

		<value>$INFO[ListItem.Genre]</value>
	</variable>

	<variable name="NowPlayingBreadcrumbsVar">
		<value condition="VideoPlayer.Content(livetv)">$INFO[VideoPlayer.Title]</value>
		<value condition="Window.IsActive(fullscreenvideo)">$INFO[VideoPlayer.Title]$INFO[VideoPlayer.Year, ([COLOR button_focus],[/COLOR])]</value>
		<value condition="MusicPartyMode.Enabled">$LOCALIZE[589]</value>
		<value>$LOCALIZE[31000]...</value>
	</variable>
	<variable name="OSDSubLabelVar">
		<value condition="Window.IsActive(visualisation)">$LOCALIZE[554] $INFO[Playlist.Position] / $INFO[Playlist.Length]</value>
		<value condition="VideoPlayer.Content(musicvideos)">$INFO[VideoPlayer.Artist]$INFO[VideoPlayer.Album, - ]</value>
		<value condition="VideoPlayer.Content(episodes)">$INFO[VideoPlayer.Season,[COLOR button_focus]S,[/COLOR]]$INFO[VideoPlayer.Episode,[COLOR button_focus]E,: [/COLOR]]$INFO[VideoPlayer.TVShowTitle]</value>
		<value condition="VideoPlayer.Content(LiveTV) | PVR.IsPlayingRecording">$INFO[VideoPlayer.ChannelNumberLabel,([COLOR=blue],[/COLOR]) ]$INFO[VideoPlayer.ChannelName]</value>
		<value>$INFO[VideoPlayer.Genre]</value>
	</variable>
	<variable name="AddonsFanartVar">
		<value condition="Skin.HasSetting(no_fanart)"></value>
		<value condition="Window.IsActive(musicinformation) | Window.IsActive(movieinformation) | Window.IsActive(addoninformation) | Window.IsActive(pvrguideinfo) | Window.IsActive(pvrrecordinginfo) | Window.IsActive(pictureinfo) | Window.IsVisible(script-script.extendedinfo-DialogVideoInfo.xml) | Window.IsVisible(script-script.extendedinfo-DialogInfo.xml) | Window.IsVisible(script-script.extendedinfo-VideoList.xml)">$INFO[Window(home).Property(infobackground)]</value>
		<value condition="!String.IsEmpty(Container.ListItem.Art(fanart))">$INFO[Container.ListItem.Art(fanart)]</value>
		<value condition="!String.IsEmpty(Skin.String(HomeFanart.path))">$INFO[Skin.String(HomeFanart.path)]$INFO[Container(9000).ListItem.Property(id)]$INFO[Skin.String(HomeFanart.ext)]</value>
	</variable>
	<variable name="HomeFanartVar">
		<value condition="Skin.HasSetting(no_fanart)"></value>
		<value condition="Window.IsActive(musicinformation) | Window.IsActive(movieinformation) | Window.IsActive(addoninformation) | Window.IsActive(pvrguideinfo) | Window.IsActive(pvrrecordinginfo) | Window.IsActive(pictureinfo) | Window.IsVisible(script-script.extendedinfo-DialogVideoInfo.xml) | Window.IsVisible(script-script.extendedinfo-DialogInfo.xml) | Window.IsVisible(script-script.extendedinfo-VideoList.xml)">$INFO[Window(home).Property(infobackground)]</value>
		<value condition="!String.IsEmpty(Container(7306).ListItem.Art(fanart)) + Control.HasFocus(7306)">$INFO[Container(7306).ListItem.Art(fanart)]</value>

		<value condition="[ControlGroup(7301).HasFocus | Window.IsActive(1111) | Window.IsActive(1112)] + !String.IsEmpty(Window(Home).Property(SkinHelper.ListItem.Art.ExtraFanArt))">$INFO[Window(Home).Property(SkinHelper.ListItem.Art.ExtraFanArt)]</value>
		<value condition="!String.IsEmpty(Container(9500).ListItem.Art(fanart)) + [Window.IsActive(1111) | Window.IsActive(1112)]">$INFO[Container(9500).ListItem.Art(fanart)]</value>

		<value condition="!String.IsEmpty(Container(7302).ListItem.Art(fanart)) + Control.HasFocus(7302)">$INFO[Container(7302).ListItem.Art(fanart)]</value>
		<value condition="!String.IsEmpty(Container(7303).ListItem.Art(fanart)) + Control.HasFocus(7303)">$INFO[Container(7303).ListItem.Art(fanart)]</value>
		<value condition="!String.IsEmpty(Container(7304).ListItem.Art(fanart)) + Control.HasFocus(7304)">$INFO[Container(7304).ListItem.Art(fanart)]</value>
		<value condition="!String.IsEmpty(Container(7305).ListItem.Art(fanart)) + Control.HasFocus(7305)">$INFO[Container(7305).ListItem.Art(fanart)]</value>
		<value condition="!String.IsEmpty(Container(7307).ListItem.Art(fanart)) + Control.HasFocus(7307)">$INFO[Container(7307).ListItem.Art(fanart)]</value>
		<value condition="!String.IsEmpty(Container(7308).ListItem.Art(fanart)) + Control.HasFocus(7308)">$INFO[Container(7308).ListItem.Art(fanart)]</value>
		<value condition="!String.IsEmpty(Container(7309).ListItem.Art(fanart)) + Control.HasFocus(7309)">$INFO[Container(7309).ListItem.Art(fanart)]</value>
		<value condition="!String.IsEmpty(Container(7310).ListItem.Art(fanart)) + Control.HasFocus(7310)">$INFO[Container(7310).ListItem.Art(fanart)]</value>
		<value condition="!String.IsEmpty(Container(7311).ListItem.Art(fanart)) + Control.HasFocus(7311)">$INFO[Container(7311).ListItem.Art(fanart)]</value>
		<value condition="!String.IsEmpty(Container(7312).ListItem.Art(fanart)) + Control.HasFocus(7312)">$INFO[Container(7312).ListItem.Art(fanart)]</value>

		<value condition="!String.IsEmpty(Container(5100).ListItem.Art(fanart)) + Control.HasFocus(5100)">$INFO[Container(5100).ListItem.Art(fanart)]</value>
		<value condition="!String.IsEmpty(Container(5200).ListItem.Art(fanart)) + Control.HasFocus(5200)">$INFO[Container(5200).ListItem.Art(fanart)]</value>
		<value condition="!String.IsEmpty(Container(5300).ListItem.Art(fanart)) + Control.HasFocus(5300)">$INFO[Container(5300).ListItem.Art(fanart)]</value>
		<value condition="!String.IsEmpty(Container(5400).ListItem.Art(fanart)) + Control.HasFocus(5400)">$INFO[Container(5400).ListItem.Art(fanart)]</value>
		<value condition="!String.IsEmpty(Container(6100).ListItem.Art(fanart)) + Control.HasFocus(6100)">$INFO[Container(6100).ListItem.Art(fanart)]</value>
		<value condition="!String.IsEmpty(Container(6200).ListItem.Art(fanart)) + Control.HasFocus(6200)">$INFO[Container(6200).ListItem.Art(fanart)]</value>
		<value condition="!String.IsEmpty(Container(6300).ListItem.Art(fanart)) + Control.HasFocus(6300)">$INFO[Container(6300).ListItem.Art(fanart)]</value>
		<value condition="!String.IsEmpty(Container(6400).ListItem.Art(fanart)) + Control.HasFocus(6400)">$INFO[Container(6400).ListItem.Art(fanart)]</value>
		<value condition="!String.IsEmpty(Container(7100).ListItem.Art(fanart)) + Control.HasFocus(7100)">$INFO[Container(7100).ListItem.Art(fanart)]</value>
		<value condition="!String.IsEmpty(Container(7200).ListItem.Art(fanart)) + Control.HasFocus(7200)">$INFO[Container(7200).ListItem.Art(fanart)]</value>
		<value condition="!String.IsEmpty(Container(7300).ListItem.Art(fanart)) + Control.HasFocus(7300)">$INFO[Container(7300).ListItem.Art(fanart)]</value>
		<value condition="!String.IsEmpty(Container(7400).ListItem.Art(fanart)) + Control.HasFocus(7400)">$INFO[Container(7400).ListItem.Art(fanart)]</value>
		<value condition="!String.IsEmpty(Container(8100).ListItem.Art(fanart)) + Control.HasFocus(8100)">$INFO[Container(8100).ListItem.Art(fanart)]</value>
		<value condition="!String.IsEmpty(Container(8200).ListItem.Art(fanart)) + Control.HasFocus(8200)">$INFO[Container(8200).ListItem.Art(fanart)]</value>
		<value condition="!String.IsEmpty(Container(8300).ListItem.Art(fanart)) + Control.HasFocus(8300)">$INFO[Container(8300).ListItem.Art(fanart)]</value>
		<value condition="!String.IsEmpty(Container(8400).ListItem.Art(fanart)) + Control.HasFocus(8400)">$INFO[Container(8400).ListItem.Art(fanart)]</value>
		<value condition="!String.IsEmpty(Container(8500).ListItem.Art(fanart)) + Control.HasFocus(8500)">$INFO[Container(8500).ListItem.Art(fanart)]</value>
		<value condition="!String.IsEmpty(Container(15100).ListItem.Property(FanartCode)) + Control.HasFocus(15100)">$INFO[Skin.String(WeatherFanart.path)]$INFO[Container(15100).ListItem.Property(FanartCode)]$INFO[Skin.String(WeatherFanart.ext)]</value>
		<value condition="!String.IsEmpty(Container(15200).ListItem.Property(FanartCode)) + Control.HasFocus(15200)">$INFO[Skin.String(WeatherFanart.path)]$INFO[Container(15200).ListItem.Property(FanartCode)]$INFO[Skin.String(WeatherFanart.ext)]</value>

		<value condition="Control.HasFocus(7399) + !String.IsEmpty(Container(7399).ListItem.Property(Background))">$INFO[Container(7399).ListItem.Property(Background)]</value>

		<value condition="Control.HasFocus(7399) + String.IsEqual(Container(7399).ListItem.Property(defaultID),movies)">$INFO[Window(Home).Property(SkinHelper.AllMoviesBackground)]</value>
		<value condition="Control.HasFocus(7399) + String.IsEqual(Container(7399).ListItem.Property(defaultID),tvshows)">$INFO[Window(Home).Property(SkinHelper.AllTvShowsBackground)]</value>
		<value condition="Control.HasFocus(7399) + String.IsEqual(Container(7399).ListItem.Property(defaultID),music)">$INFO[Window(Home).Property(SkinHelper.AllMusicBackground)]</value>
		<value condition="Control.HasFocus(7399) + String.IsEqual(Container(7399).ListItem.Property(defaultID),musicvideo)">$INFO[Window(Home).Property(SkinHelper.AllMusicVideosBackground)]</value>
		<value condition="Control.HasFocus(7399) + String.IsEqual(Container(7399).ListItem.Property(defaultID),livetv)">$INFO[Window(Home).Property(SkinHelper.PvrBackground)]</value>
		<value condition="Control.HasFocus(7399) + String.IsEqual(Container(7399).ListItem.Property(defaultID),radio)">$INFO[Window(Home).Property(SkinHelper.PvrBackground)]</value>
		<value condition="Control.HasFocus(7399) + String.IsEqual(Container(7399).ListItem.Property(defaultID),pictures)">$INFO[Window(Home).Property(SkinHelper.PicturesBackground)]</value>
		<value condition="Control.HasFocus(7399) + String.IsEqual(Container(7399).ListItem.Property(defaultID),videos)">$INFO[Window(Home).Property(SkinHelper.GlobalFanartBackground)]</value>
		<value condition="Control.HasFocus(7399) + String.IsEqual(Container(7399).ListItem.Property(defaultID),favorites)">$INFO[Window(Home).Property(SkinHelper.GlobalFanartBackground)]</value>
		<value condition="Control.HasFocus(7399) + String.IsEqual(Container(7399).ListItem.Property(defaultID),addons)">$INFO[Window(Home).Property(SkinHelper.GlobalFanartBackground)]</value>
		<value condition="Control.HasFocus(7399) + String.IsEqual(Container(7399).ListItem.Property(defaultID),weather)">$INFO[Skin.String(WeatherFanart.path)]$INFO[Window(Weather).Property(Current.FanartCode)]$INFO[Skin.String(WeatherFanart.ext)]</value>


		<value condition="!String.IsEmpty(Container.ListItem.Art(fanart))">$INFO[Container.ListItem.Art(fanart)]</value>


		<value condition="!String.IsEmpty(Container.ListItem.Property(FanartCode))">$INFO[Skin.String(WeatherFanart.path)]$INFO[Container.ListItem.Property(FanartCode)]$INFO[Skin.String(WeatherFanart.ext)]</value>
		<value condition="!String.IsEmpty(Skin.String(HomeFanart.path)) + Control.HasFocus(804)">$INFO[Skin.String(HomeFanart.path)]power$INFO[Skin.String(HomeFanart.ext)]</value>
		<value condition="!String.IsEmpty(Skin.String(HomeFanart.path)) + Control.HasFocus(802)">$INFO[Skin.String(HomeFanart.path)]settings$INFO[Skin.String(HomeFanart.ext)]</value>
		<value condition="!String.IsEmpty(Skin.String(HomeFanart.path)) + Control.HasFocus(803)">$INFO[Skin.String(HomeFanart.path)]favorites$INFO[Skin.String(HomeFanart.ext)]</value>
		<value condition="!String.IsEmpty(Skin.String(HomeFanart.path)) + Control.HasFocus(801)">$INFO[Skin.String(HomeFanart.path)]search$INFO[Skin.String(HomeFanart.ext)]</value>
		<value condition="!String.IsEmpty(Skin.String(HomeFanart.path))">$INFO[Skin.String(HomeFanart.path)]$INFO[Container(9000).ListItem.Property(id)]$INFO[Skin.String(HomeFanart.ext)]</value>

	</variable>
	<variable name="MediaFanartVar">
		<value condition="Skin.HasSetting(no_fanart)"></value>
		<value condition="Window.IsActive(musicinformation) | Window.IsActive(movieinformation) | Window.IsActive(addoninformation) | Window.IsActive(pvrguideinfo) | Window.IsActive(pvrrecordinginfo) | Window.IsActive(pictureinfo) | Window.IsVisible(script-script.extendedinfo-DialogVideoInfo.xml) | Window.IsVisible(script-script.extendedinfo-DialogInfo.xml) | Window.IsVisible(script-script.extendedinfo-VideoList.xml)">$INFO[Window(home).Property(infobackground)]</value>
		<value condition="Container.Content(genres) + Window.IsActive(videos)">$INFO[Skin.String(MovieGenreFanart.path)]$INFO[ListItem.Label]$INFO[Skin.String(MovieGenreFanart.ext)]</value>
		<value condition="Window.IsActive(pictures) + String.IsEmpty(ListItem.Art(fanart))">$INFO[ListItem.FolderPath]</value>
		<value condition="!String.IsEmpty(Window(Home).Property(SkinHelper.ListItem.Art.ExtraFanArt))">$INFO[Window(Home).Property(SkinHelper.ListItem.Art.ExtraFanArt)]</value>
		<value condition="!String.IsEmpty(ListItem.Art(fanart))">$INFO[ListItem.Art(fanart)]</value>
		<value condition="!String.IsEmpty(Container.Art(tvshow.fanart))">$INFO[Container.Art(tvshow.fanart)]</value>
		<value condition="!String.IsEmpty(Container.Art(artist.fanart))">$INFO[Container.Art(artist.fanart)]</value>
		<value>$INFO[Container.Art(fanart)]</value>
	</variable>
	<variable name="WeatherFanartVar">
		<value condition="!String.IsEmpty(Container.ListItem.Property(FanartCode))">$INFO[Skin.String(WeatherFanart.path)]$INFO[Container.ListItem.Property(FanartCode)]$INFO[Skin.String(WeatherFanart.ext)]</value>
		<value condition="!String.IsEmpty(Window(weather).Property(current.fanartcode)) + !String.IsEmpty(Skin.String(weatherfanart.path))">$INFO[Skin.String(weatherfanart.path)]$INFO[Window(Weather).Property(Current.FanartCode)]$INFO[Skin.String(weatherfanart.ext)]</value>
		<value condition="!String.IsEmpty(Skin.String(HomeFanart.path))">$INFO[Skin.String(HomeFanart.path)]weather$INFO[Skin.String(HomeFanart.ext)]</value>
	</variable>
	<variable name="ListWatchedIconVar">
		<value condition="ListItem.IsRecording">windows/pvr/record.png</value>
		<value condition="ListItem.IsPlaying">overlays/watched/OverlayPlaying-List.png</value>
		<value condition="ListItem.IsResumable">overlays/watched/resume.png</value>
		<value condition="ListItem.IsCollection">overlays/set.png</value>
		<value condition="!String.IsEmpty(ListItem.Overlay)">$INFO[ListItem.Overlay]</value>
		<value condition="!ListItem.IsParentFolder">OverlayUnwatched.png</value>
	</variable>
	<variable name="WallWatchedIconVar">
		<value condition="ListItem.IsRecording">windows/pvr/record.png</value>
		<value condition="ListItem.IsCollection">overlays/set.png</value>
		<value condition="ListItem.IsPlaying">overlays/watched/OverlayPlaying-List.png</value>
		<value condition="ListItem.IsResumable">overlays/watched/resume.png</value>
		<value condition="Integer.IsGreater(ListItem.Playcount,0)">$INFO[ListItem.Overlay]</value>
	</variable>
	<!-- Breadcrumbs -->
	<variable name="BreadcrumbsVideoVar">
		<value condition="Container.Content(movies) | String.StartsWith(container.folderpath,library://video/movies/) | String.StartsWith(container.folderpath,videodb://movies)">$LOCALIZE[20342]</value>
		<value condition="Container.Content(musicvideos) | String.StartsWith(container.folderpath,library://video/musicvideos/) | String.StartsWith(container.folderpath,videodb://musicvideos)">$LOCALIZE[20389]</value>
		<value condition="Container.Content(tvshows) | String.StartsWith(container.folderpath,library://video/tvshows/) | String.StartsWith(container.folderpath,videodb://tvshows)">$LOCALIZE[20343]</value>
		<value condition="Container.Content(seasons)">$LOCALIZE[20343]</value>
		<value condition="Container.Content(episodes)">$LOCALIZE[20343]</value>
		<value>$LOCALIZE[3]</value>
	</variable>
	<variable name="BreadcrumbsPVRChannelsVar">
		<value condition="Window.IsActive(TVChannels)">$LOCALIZE[19020] / $LOCALIZE[19019] / $INFO[Control.GetLabel(29)]</value>
		<value>$LOCALIZE[19021] / $LOCALIZE[19019] / $INFO[Control.GetLabel(29)]</value>
	</variable>
	<variable name="BreadcrumbsPVRGuideVar">
		<value condition="Window.IsActive(TVGuide)">$LOCALIZE[19020] / $INFO[Control.GetLabel(29)] - $INFO[Control.GetLabel(30)]</value>
		<value>$LOCALIZE[19021] / $INFO[Control.GetLabel(29)] - $INFO[Control.GetLabel(30)]</value>
	</variable>
	<variable name="BreadcrumbsPVRRecordingsVar">
		<value condition="Window.IsActive(TVRecordings)">$LOCALIZE[19020] / $LOCALIZE[19017]$INFO[Control.GetLabel(30), / ]</value>
		<value>$LOCALIZE[19021] / $LOCALIZE[19017]$INFO[Control.GetLabel(30), / ]</value>
	</variable>
	<variable name="BreadcrumbsPVRTimersVar">
		<value condition="Window.IsActive(TVTimers)">$LOCALIZE[19020] / $LOCALIZE[19040]</value>
		<value condition="Window.IsActive(RadioTimers)">$LOCALIZE[19021] / $LOCALIZE[19040]</value>
		<value condition="Window.IsActive(TVTimerRules)">$LOCALIZE[19020] / $LOCALIZE[19138]$INFO[Control.GetLabel(29), / ]</value>
		<value>$LOCALIZE[19021] / $LOCALIZE[19138]$INFO[Control.GetLabel(29), / ]</value>
	</variable>
	<variable name="BreadcrumbsPVRSearchVar">
		<value condition="Window.IsActive(TVSearch)">$LOCALIZE[19020] / $LOCALIZE[137]</value>
		<value>$LOCALIZE[19021] / $LOCALIZE[137]</value>
	</variable>
	<variable name="RepeatButtonColordiffuseVar">
		<value condition="Control.HasFocus(704)">button_focus</value>
		<value>FFFFFFFF</value>
	</variable>
	<variable name="PVRChannelMgrHeader">
		<value condition="!String.IsEmpty(Window.Property(IsRadio))">$LOCALIZE[19199] - $LOCALIZE[19024]</value>
		<value>$LOCALIZE[19199] - $LOCALIZE[19023]</value>
	</variable>
	<variable name="PVRAreaVar">
		<value condition="Control.HasFocus(100)">$LOCALIZE[19019]</value>
		<value condition="Control.HasFocus(101)">$LOCALIZE[19069]</value>
		<value condition="Control.HasFocus(102)">$LOCALIZE[19017]</value>
		<value condition="Control.HasFocus(103)">$LOCALIZE[19040]</value>
		<value condition="Control.HasFocus(104)">$LOCALIZE[19138]</value>
		<value condition="Control.HasFocus(105)">$LOCALIZE[137]</value>
	</variable>
	<variable name="PlayerControlsRepeatImageVar">
		<value condition="Playlist.IsRepeatOne">osd/fullscreen/buttons/repeat-one.png</value>
		<value condition="Playlist.IsRepeat">osd/fullscreen/buttons/repeat-all.png</value>
		<value>osd/fullscreen/buttons/repeat-off.png</value>
	</variable>
	<variable name="PlayerLabel1">
		<value condition="Player.HasVideo">$INFO[VideoPlayer.Title]</value>
		<value condition="Player.HasAudio">$INFO[MusicPlayer.Artist]</value>
	</variable>
	<variable name="PlayerLabel2">
		<value condition="VideoPlayer.Content(episodes)">$LOCALIZE[20373]$INFO[VideoPlayer.Season,: , / ]$LOCALIZE[20359]$INFO[VideoPlayer.Episode,: ]</value>
		<value condition="VideoPlayer.Content(movies)">$INFO[VideoPlayer.Year]</value>
		<value condition="VideoPlayer.Content(livetv)">$INFO[VideoPlayer.ChannelName]</value>
		<value condition="Player.HasAudio">[COLOR grey]$INFO[MusicPlayer.Album][/COLOR]$INFO[MusicPlayer.Year, [,] ]</value>
	</variable>
	<variable name="PlayerLabel3">
		<value condition="VideoPlayer.Content(episodes)">$INFO[VideoPlayer.TvShowTitle]</value>
		<value condition="VideoPlayer.Content(movies) | VideoPlayer.Content(livetv)">$INFO[VideoPlayer.Genre]</value>
		<value condition="Player.HasAudio">$INFO[MusicPlayer.TrackNumber,,: ][COLOR=grey]$INFO[Player.Title][/COLOR]</value>
	</variable>
	<variable name="PVRTimerIcon">
		<value condition="ListItem.IsRecording">icons/pvr/PVR-IsRecording.png</value>
		<value condition="ListItem.HasTimerSchedule + ListItem.TimerHasError">icons/pvr/PVR-HasTimerScheduleError.png</value>
		<value condition="ListItem.HasTimer + ListItem.TimerHasError">icons/pvr/PVR-HasTimerError.png</value>
		<value condition="ListItem.HasTimerSchedule + ListItem.TimerHasConflict">icons/pvr/PVR-HasTimerScheduleConflict.png</value>
		<value condition="ListItem.HasTimer + ListItem.TimerHasConflict">icons/pvr/PVR-HasTimerConflict.png</value>
		<value condition="ListItem.HasRecording">icons/pvr/PVR-HasRecording.png</value>
		<value condition="ListItem.HasTimerSchedule + !ListItem.TimerIsActive">icons/pvr/PVR-HasTimerScheduleDisabled.png</value>
		<value condition="ListItem.HasTimer + !ListItem.TimerIsActive">icons/pvr/PVR-HasTimerDisabled.png</value>
		<value condition="ListItem.HasTimerSchedule">icons/pvr/PVR-HasTimerSchedule.png</value>
		<value condition="ListItem.HasTimer">icons/pvr/PVR-HasTimer.png</value>
	</variable>
	<variable name="VideoHWDecoder">
		<value condition="Player.Process(videohwdecoder)">HW</value>
		<value>SW</value>
	</variable>
	<variable name="AddonNewsVar">
		<value condition="!String.IsEmpty(ListItem.AddonNews)">$LOCALIZE[31136]</value>
	</variable>
	<variable name="TimersSubLabel">
		<value condition="[Window.IsActive(tvtimerrules) | Window.IsActive(radiotimerrules)] + !ListItem.HasTimerSchedule">$INFO[ListItem.Timertype]</value>
		<value>$INFO[ListItem.EpisodeName]</value>
	</variable>
	<variable name="BackgroundOverlayTypeVar">
		<value condition="String.IsEqual(Skin.String(background_overlay),7)">$LOCALIZE[231]</value>
		<value>$INFO[Skin.String(background_overlay),$LOCALIZE[467] ]</value>
	</variable>


	<variable name="DefWidgetDefault1Content">
		<value condition="!String.IsEmpty(Container(9000).ListItem.Property(widgetPath.default1))">$INFO[Container(9000).ListItem.Property(widgetPath.default1)]</value>
	</variable>
	<variable name="DefWidgetDefault1Target">
		<value condition="!String.IsEmpty(Container(9000).ListItem.Property(widgetTarget.default1))">$INFO[Container(9000).ListItem.Property(widgetTarget.default1)]</value>
		<value>video</value>
	</variable>
	<variable name="DefWidgetDefault1Label">
		<value condition="!String.IsEmpty(Container(9000).ListItem.Property(widgetName.default1))">$INFO[Container(9000).ListItem.Property(widgetName.default1)]</value>
	</variable>
	<variable name="DefWidgetDefault2Content">
		<value condition="!String.IsEmpty(Container(9000).ListItem.Property(widgetPath.default2))">$INFO[Container(9000).ListItem.Property(widgetPath.default2)]</value>
	</variable>
	<variable name="DefWidgetDefault2Target">
		<value condition="!String.IsEmpty(Container(9000).ListItem.Property(widgetTarget.default2))">$INFO[Container(9000).ListItem.Property(widgetTarget.default2)]</value>
		<value>video</value>
	</variable>
	<variable name="DefWidgetDefault2Label">
		<value condition="!String.IsEmpty(Container(9000).ListItem.Property(widgetName.default2))">$INFO[Container(9000).ListItem.Property(widgetName.default2)]</value>
	</variable>
	<variable name="DefWidgetDefault3Content">
		<value condition="!String.IsEmpty(Container(9000).ListItem.Property(widgetPath.default3))">$INFO[Container(9000).ListItem.Property(widgetPath.default3)]</value>
	</variable>
	<variable name="DefWidgetDefault3Target">
		<value condition="!String.IsEmpty(Container(9000).ListItem.Property(widgetTarget.default3))">$INFO[Container(9000).ListItem.Property(widgetTarget.default3)]</value>
		<value>video</value>
	</variable>
	<variable name="DefWidgetDefault3Label">
		<value condition="!String.IsEmpty(Container(9000).ListItem.Property(widgetName.default3))">$INFO[Container(9000).ListItem.Property(widgetName.default3)]</value>
	</variable>

	<variable name="DefWidgetMovie1Content">
		<value condition="!String.IsEmpty(Container(9000).ListItem.Property(widgetPath.movies1))">$INFO[Container(9000).ListItem.Property(widgetPath.movies1)]</value>
		<value>plugin://script.skin.helper.service/?action=inprogressandrecommendedmovies&amp;reload=$INFO[Window(Home).Property(widgetreload)]</value>
	</variable>
	<variable name="DefWidgetMovie1Target">
		<value condition="!String.IsEmpty(Container(9000).ListItem.Property(widgetTarget.movies1))">$INFO[Container(9000).ListItem.Property(widgetTarget.movies1)]</value>
		<value>video</value>
	</variable>
	<variable name="DefWidgetMovie1Label">
		<value condition="!String.IsEmpty(Container(9000).ListItem.Property(widgetName.movies1))">$INFO[Container(9000).ListItem.Property(widgetName.movies1)]</value>
		<value>$LOCALIZE[31010]</value>
	</variable>
	<variable name="DefWidgetMovie2Content">
		<value condition="!String.IsEmpty(Container(9000).ListItem.Property(widgetPath.movies2))">$INFO[Container(9000).ListItem.Property(widgetPath.movies2)]</value>
		<value>plugin://service.library.data.provider?type=recentmovies&amp;reload=$INFO[Window.Property(recentmovies)]</value>
	</variable>
	<variable name="DefWidgetMovie2Target">
		<value condition="!String.IsEmpty(Container(9000).ListItem.Property(widgetTarget.movies2))">$INFO[Container(9000).ListItem.Property(widgetTarget.movies2)]</value>
		<value>video</value>
	</variable>
	<variable name="DefWidgetMovie2Label">
		<value condition="!String.IsEmpty(Container(9000).ListItem.Property(widgetName.movies2))">$INFO[Container(9000).ListItem.Property(widgetName.movies2)]</value>
		<value>$LOCALIZE[20386]</value>
	</variable>
	<variable name="DefWidgetMovie3Content">
		<value condition="!String.IsEmpty(Container(9000).ListItem.Property(widgetPath.movies3))">$INFO[Container(9000).ListItem.Property(widgetPath.movies3)]</value>
		<value>special://skin/playlists/unwatched_movies.xsp</value>
	</variable>
	<variable name="DefWidgetMovie3Target">
		<value condition="!String.IsEmpty(Container(9000).ListItem.Property(widgetTarget.movies3))">$INFO[Container(9000).ListItem.Property(widgetTarget.movies3)]</value>
		<value>video</value>
	</variable>
	<variable name="DefWidgetMovie3Label">
		<value condition="!String.IsEmpty(Container(9000).ListItem.Property(widgetName.movies3))">$INFO[Container(9000).ListItem.Property(widgetName.movies3)]</value>
		<value>$LOCALIZE[31007]</value>
	</variable>
	<variable name="DefWidgetMovie4Content">
		<value condition="!String.IsEmpty(Container(9000).ListItem.Property(widgetPath.movies4))">$INFO[Container(9000).ListItem.Property(widgetPath.movies4)]</value>
		<value>special://skin/playlists/random_movies.xsp</value>
	</variable>
	<variable name="DefWidgetMovie4Target">
		<value condition="!String.IsEmpty(Container(9000).ListItem.Property(widgetTarget.movies4))">$INFO[Container(9000).ListItem.Property(widgetTarget.movies4)]</value>
		<value>video</value>
	</variable>
	<variable name="DefWidgetMovie4Label">
		<value condition="!String.IsEmpty(Container(9000).ListItem.Property(widgetName.movies4))">$INFO[Container(9000).ListItem.Property(widgetName.movies4)]</value>
		<value>$LOCALIZE[31006]</value>
	</variable>
	<variable name="DefWidgetTvShows1Content">
		<value condition="!String.IsEmpty(Container(9000).ListItem.Property(widgetPath.tvshows1))">$INFO[Container(9000).ListItem.Property(widgetPath.tvshows1)]</value>
		<value>plugin://script.skin.helper.service/?action=nextepisodes&amp;limit=40&amp;reload=$INFO[Window(Home).Property(widgetreload)]</value>
	</variable>
	<variable name="DefWidgetTvShows1Target">
		<value condition="!String.IsEmpty(Container(9000).ListItem.Property(widgetTarget.tvshows1))">$INFO[Container(9000).ListItem.Property(widgetTarget.tvshows1)]</value>
		<value>video</value>
	</variable>
	<variable name="DefWidgetTvShows1Label">
		<value condition="!String.IsEmpty(Container(9000).ListItem.Property(widgetName.tvshows1))">$INFO[Container(9000).ListItem.Property(widgetName.tvshows1)]</value>
		<value>$LOCALIZE[40004]</value>
	</variable>
	<variable name="DefWidgetTvShows2Content">
		<value condition="!String.IsEmpty(Container(9000).ListItem.Property(widgetPath.tvshows2))">$INFO[Container(9000).ListItem.Property(widgetPath.tvshows2)]</value>
		<value>videodb://recentlyaddedepisodes/</value>
	</variable>
	<variable name="DefWidgetTvShows2Target">
		<value condition="!String.IsEmpty(Container(9000).ListItem.Property(widgetTarget.tvshows2))">$INFO[Container(9000).ListItem.Property(widgetTarget.tvshows2)]</value>
		<value>video</value>
	</variable>
	<variable name="DefWidgetTvShows2Label">
		<value condition="!String.IsEmpty(Container(9000).ListItem.Property(widgetName.tvshows2))">$INFO[Container(9000).ListItem.Property(widgetName.tvshows2)]</value>
		<value>$LOCALIZE[20387]</value>
	</variable>
	<variable name="DefWidgetTvShows3Content">
		<value condition="!String.IsEmpty(Container(9000).ListItem.Property(widgetPath.tvshows3))">$INFO[Container(9000).ListItem.Property(widgetPath.tvshows3)]</value>
		<value>special://skin/playlists/unwatched_tvshows.xsp</value>
	</variable>
	<variable name="DefWidgetTvShows3Target">
		<value condition="!String.IsEmpty(Container(9000).ListItem.Property(widgetTarget.tvshows3))">$INFO[Container(9000).ListItem.Property(widgetTarget.tvshows3)]</value>
		<value>video</value>
	</variable>
	<variable name="DefWidgetTvShows3Label">
		<value condition="!String.IsEmpty(Container(9000).ListItem.Property(widgetName.tvshows3))">$INFO[Container(9000).ListItem.Property(widgetName.tvshows3)]</value>
		<value>$LOCALIZE[31122]</value>
	</variable>
	<variable name="DefWidgetMusic1Content">
		<value condition="!String.IsEmpty(Container(9000).ListItem.Property(widgetPath.music1))">$INFO[Container(9000).ListItem.Property(widgetPath.music1)]</value>
		<value>musicdb://recentlyaddedalbums/</value>
	</variable>
	<variable name="DefWidgetMusic1Target">
		<value condition="!String.IsEmpty(Container(9000).ListItem.Property(widgetTarget.music1))">$INFO[Container(9000).ListItem.Property(widgetTarget.music1)]</value>
		<value>music</value>
	</variable>
	<variable name="DefWidgetMusic1Label">
		<value condition="!String.IsEmpty(Container(9000).ListItem.Property(widgetName.music1))">$INFO[Container(9000).ListItem.Property(widgetName.music1)]</value>
		<value>$LOCALIZE[359]</value>
	</variable>
	<variable name="DefWidgetMusic2Content">
		<value condition="!String.IsEmpty(Container(9000).ListItem.Property(widgetPath.music2))">$INFO[Container(9000).ListItem.Property(widgetPath.music2)]</value>
		<value>musicdb://recentlyplayedalbums</value>
	</variable>
	<variable name="DefWidgetMusic2Target">
		<value condition="!String.IsEmpty(Container(9000).ListItem.Property(widgetTarget.music2))">$INFO[Container(9000).ListItem.Property(widgetTarget.music2)]</value>
		<value>music</value>
	</variable>
	<variable name="DefWidgetMusic2Label">
		<value condition="!String.IsEmpty(Container(9000).ListItem.Property(widgetName.music2))">$INFO[Container(9000).ListItem.Property(widgetName.music2)]</value>
		<value>$LOCALIZE[517]</value>
	</variable>
	<variable name="DefWidgetMusic3Content">
		<value condition="!String.IsEmpty(Container(9000).ListItem.Property(widgetPath.music3))">$INFO[Container(9000).ListItem.Property(widgetPath.music3)]</value>
		<value>special://skin/playlists/random_albums.xsp</value>
	</variable>
	<variable name="DefWidgetMusic3Target">
		<value condition="!String.IsEmpty(Container(9000).ListItem.Property(widgetTarget.music3))">$INFO[Container(9000).ListItem.Property(widgetTarget.music3)]</value>
		<value>music</value>
	</variable>
	<variable name="DefWidgetMusic3Label">
		<value condition="!String.IsEmpty(Container(9000).ListItem.Property(widgetName.music3))">$INFO[Container(9000).ListItem.Property(widgetName.music3)]</value>
		<value>$LOCALIZE[31012]</value>
	</variable>
	<variable name="DefWidgetMusic4Content">
		<value condition="!String.IsEmpty(Container(9000).ListItem.Property(widgetPath.music4))">$INFO[Container(9000).ListItem.Property(widgetPath.music4)]</value>
		<value>special://skin/playlists/random_artists.xsp</value>
	</variable>
	<variable name="DefWidgetMusic4Target">
		<value condition="!String.IsEmpty(Container(9000).ListItem.Property(widgetTarget.music4))">$INFO[Container(9000).ListItem.Property(widgetTarget.music4)]</value>
		<value>music</value>
	</variable>
	<variable name="DefWidgetMusic4Label">
		<value condition="!String.IsEmpty(Container(9000).ListItem.Property(widgetName.music4))">$INFO[Container(9000).ListItem.Property(widgetName.music4)]</value>
		<value>$LOCALIZE[31013]</value>
	</variable>
	<variable name="DefWidgetHome1Content">
		<value condition="!String.IsEmpty(Skin.String(home1.path))">$INFO[Skin.String(home1.path)]</value>
		<value>plugin://script.skin.helper.widgets/?action=next&mediatype=episodes&reload=$INFO[Window(Home).Property(widgetreload)]</value>
	</variable>
	<variable name="DefWidgetHome1Target">
		<value condition="!String.IsEmpty(Skin.String(home1.target))">$INFO[Skin.String(home1.target)]</value>
		<value>video</value>
	</variable>
	<variable name="DefWidgetHome1Label">
		<value condition="!String.IsEmpty(Skin.String(home1.name))">$INFO[Skin.String(home1.name)]</value>
		<value>$LOCALIZE[40004]</value>
	</variable>
	<variable name="DefWidgetHome2Content">
		<value condition="!String.IsEmpty(Skin.String(home2.path))">$INFO[Skin.String(home2.path)]</value>
		<value>plugin://script.skin.helper.widgets/?action=similar&mediatype=movies&reload=$INFO[Window(Home).Property(widgetreload2)]</value>
	</variable>
	<variable name="DefWidgetHome2Target">
		<value condition="!String.IsEmpty(Skin.String(home2.target))">$INFO[Skin.String(home2.target)]</value>
		<value>video</value>
	</variable>
	<variable name="DefWidgetHome2Label">
		<value condition="!String.IsEmpty(Skin.String(home2.name))">$INFO[Skin.String(home2.name)]</value>
		<value>$LOCALIZE[40005]$INFO[Container(7303).ListItem.Property(similartitle), ","]</value>
	</variable>
	<variable name="DefWidgetHome3Content">
		<value condition="!String.IsEmpty(Skin.String(home3.path))">$INFO[Skin.String(home3.path)]</value>
		<value>special://skin/playlists/unwatched_tvshows.xsp</value>
	</variable>
	<variable name="DefWidgetHome3Target">
		<value condition="!String.IsEmpty(Skin.String(home3.target))">$INFO[Skin.String(home3.target)]</value>
		<value>video</value>
	</variable>
	<variable name="DefWidgetHome3Label">
		<value condition="!String.IsEmpty(Skin.String(home3.name))">$INFO[Skin.String(home3.name)]</value>
		<value>$LOCALIZE[40008]</value>
	</variable>
	<variable name="DefWidgetHome4Content">
		<value condition="!String.IsEmpty(Skin.String(home4.path))">$INFO[Skin.String(home4.path)]</value>
		<value>special://skin/playlists/unwatched_movies.xsp</value>
	</variable>
	<variable name="DefWidgetHome4Target">
		<value condition="!String.IsEmpty(Skin.String(home4.target))">$INFO[Skin.String(home4.target)]</value>
		<value>video</value>
	</variable>
	<variable name="DefWidgetHome4Label">
		<value condition="!String.IsEmpty(Skin.String(home4.name))">$INFO[Skin.String(home4.name)]</value>
		<value>$LOCALIZE[40009]</value>
	</variable>
	<variable name="DefWidgetHome5Content">
		<value condition="!String.IsEmpty(Skin.String(home5.path))">$INFO[Skin.String(home5.path)]</value>
		<value>plugin://script.skin.helper.widgets/?action=similarshows&reload=$INFO[Window(Home).Property(widgetreload2)]</value>
	</variable>
	<variable name="DefWidgetHome5Target">
		<value condition="!String.IsEmpty(Skin.String(home5.target))">$INFO[Skin.String(home5.target)]</value>
		<value>video</value>
	</variable>
	<variable name="DefWidgetHome5Label">
		<value condition="!String.IsEmpty(Skin.String(home5.name))">$INFO[Skin.String(home5.name)]</value>
		<value>$LOCALIZE[40005]$INFO[Container(7306).ListItem.Property(similartitle), ,]</value>
	</variable>
	<variable name="DefWidgetHome6Content">
		<value condition="!String.IsEmpty(Skin.String(home6.path))">$INFO[Skin.String(home6.path)]</value>
		<value>plugin://script.skin.helper.widgets/?action=top250&mediatype=movies&reload=$INFO[Window(Home).Property(widgetreload2)]</value>
	</variable>
	<variable name="DefWidgetHome6Target">
		<value condition="!String.IsEmpty(Skin.String(home6.target))">$INFO[Skin.String(home6.target)]</value>
		<value>video</value>
	</variable>
	<variable name="DefWidgetHome6Label">
		<value condition="!String.IsEmpty(Skin.String(home6.name))">$INFO[Skin.String(home6.name)]</value>
		<value>$LOCALIZE[40012]</value>
	</variable>
	<variable name="DefWidgetHome7Content">
		<value condition="!String.IsEmpty(Skin.String(home7.path))">$INFO[Skin.String(home7.path)]</value>
		<value>plugin://script.skin.helper.widgets/?action=top250&mediatype=tvshows&reload=$INFO[Window(Home).Property(widgetreload2)]</value>
	</variable>
	<variable name="DefWidgetHome7Target">
		<value condition="!String.IsEmpty(Skin.String(home7.target))">$INFO[Skin.String(home7.target)]</value>
		<value>video</value>
	</variable>
	<variable name="DefWidgetHome7Label">
		<value condition="!String.IsEmpty(Skin.String(home7.name))">$INFO[Skin.String(home7.name)]</value>
		<value>$LOCALIZE[40013]</value>
	</variable>
	<variable name="DefWidgetHome8Content">
		<value condition="!String.IsEmpty(Skin.String(home8.path))">$INFO[Skin.String(home8.path)]</value>
		<value>plugin://script.extendedinfo?info=trendingshows</value>
	</variable>
	<variable name="DefWidgetHome8Target">
		<value condition="!String.IsEmpty(Skin.String(home8.target))">$INFO[Skin.String(home8.target)]</value>
		<value>video</value>
	</variable>
	<variable name="DefWidgetHome8Label">
		<value condition="!String.IsEmpty(Skin.String(home8.name))">$INFO[Skin.String(home8.name)]</value>
		<value>$LOCALIZE[40014]</value>
	</variable>
	<variable name="DefWidgetHome9Content">
		<value condition="!String.IsEmpty(Skin.String(home9.path))">$INFO[Skin.String(home9.path)]</value>
		<value>plugin://script.extendedinfo?info=trendingmovies</value>
	</variable>
	<variable name="DefWidgetHome9Target">
		<value condition="!String.IsEmpty(Skin.String(home9.target))">$INFO[Skin.String(home9.target)]</value>
		<value>video</value>
	</variable>
	<variable name="DefWidgetHome9Label">
		<value condition="!String.IsEmpty(Skin.String(home9.name))">$INFO[Skin.String(home9.name)]</value>
		<value>$LOCALIZE[40015]</value>
	</variable>
	<variable name="DefWidgetHome10Content">
		<value condition="!String.IsEmpty(Skin.String(home10.path))">$INFO[Skin.String(home10.path)]</value>
		<value>plugin://script.extendedinfo?info=populartvshows</value>
	</variable>
	<variable name="DefWidgetHome10Target">
		<value condition="!String.IsEmpty(Skin.String(home10.target))">$INFO[Skin.String(home10.target)]</value>
		<value>video</value>
	</variable>
	<variable name="DefWidgetHome10Label">
		<value condition="!String.IsEmpty(Skin.String(home10.name))">$INFO[Skin.String(home10.name)]</value>
		<value>$LOCALIZE[40018]</value>
	</variable>
	<variable name="DefWidgetHome11Content">
		<value condition="!String.IsEmpty(Skin.String(home11.path))">$INFO[Skin.String(home11.path)]</value>
		<value>plugin://script.extendedinfo?info=popularmovies</value>
	</variable>
	<variable name="DefWidgetHome11Target">
		<value condition="!String.IsEmpty(Skin.String(home11.target))">$INFO[Skin.String(home11.target)]</value>
		<value>video</value>
	</variable>
	<variable name="DefWidgetHome11Label">
		<value condition="!String.IsEmpty(Skin.String(home11.name))">$INFO[Skin.String(home11.name)]</value>
		<value>$LOCALIZE[40017]</value>
	</variable>

	<variable name="DefWidgetVideos1Content">
		<value condition="!String.IsEmpty(Container(9000).ListItem.Property(widgetPath.videos1))">$INFO[Container(9000).ListItem.Property(widgetPath.videos1)]</value>
		<value>plugin://script.extendedinfo?info=trendingmovies</value>
	</variable>
	<variable name="DefWidgetVideos1Target">
		<value condition="!String.IsEmpty(Container(9000).ListItem.Property(widgetTarget.videos1))">$INFO[Container(9000).ListItem.Property(widgetTarget.videos1)]</value>
		<value>video</value>
	</variable>
	<variable name="DefWidgetVideos1Label">
		<value condition="!String.IsEmpty(Container(9000).ListItem.Property(widgetName.videos1))">$INFO[Container(9000).ListItem.Property(widgetName.videos1)]</value>
		<value>$LOCALIZE[40174]</value>
	</variable>
	<variable name="DefWidgetVideos2Content">
		<value condition="!String.IsEmpty(Container(9000).ListItem.Property(widgetPath.videos2))">$INFO[Container(9000).ListItem.Property(widgetPath.videos2)]</value>
		<value>plugin://script.extendedinfo?info=trendingshows</value>
	</variable>
	<variable name="DefWidgetVideos2Target">
		<value condition="!String.IsEmpty(Container(9000).ListItem.Property(widgetTarget.videos2))">$INFO[Container(9000).ListItem.Property(widgetTarget.videos2)]</value>
		<value>video</value>
	</variable>
	<variable name="DefWidgetVideos2Label">
		<value condition="!String.IsEmpty(Container(9000).ListItem.Property(widgetName.videos2))">$INFO[Container(9000).ListItem.Property(widgetName.videos2)]</value>
		<value>$LOCALIZE[40175]</value>
	</variable>
	<variable name="DefWidgetVideos3Content">
		<value condition="!String.IsEmpty(Container(9000).ListItem.Property(widgetPath.videos3))">$INFO[Container(9000).ListItem.Property(widgetPath.videos3)]</value>
		<value>plugin://script.extendedinfo?info=popularmovies</value>
	</variable>
	<variable name="DefWidgetVideos3Target">
		<value condition="!String.IsEmpty(Container(9000).ListItem.Property(widgetTarget.videos3))">$INFO[Container(9000).ListItem.Property(widgetTarget.videos3)]</value>
		<value>video</value>
	</variable>
	<variable name="DefWidgetVideos3Label">
		<value condition="!String.IsEmpty(Container(9000).ListItem.Property(widgetName.videos3))">$INFO[Container(9000).ListItem.Property(widgetName.videos3)]</value>
		<value>$LOCALIZE[40176]</value>
	</variable>
	<variable name="LibraryMenu">
		<value >VerticalMenu</value>
	</variable>
	<variable name="TVShowWidgetImageVar">
		<value condition="ListItem.IsParentFolder">DefaultBackFanart.png</value>
		<value condition="!String.IsEmpty(ListItem.Art(landscape))">$INFO[ListItem.Art(landscape)]</value>
		<value condition="!String.IsEmpty(ListItem.Art(tvshow.landscape))">$INFO[ListItem.Art(tvshow.landscape)]</value>
		<value condition="!String.IsEmpty(ListItem.Art(fanart))">$INFO[ListItem.Art(fanart)]</value>
		<value>$INFO[ListItem.Icon]</value>
	</variable>

	<variable name="WidgetLabelKarma">
		<value condition="Control.HasFocus(7302)">$INFO[Container(7302).ListItem.TVShowTitle][COLOR= ccffffff]$INFO[Window(Home).Property(SkinHelper.ListItem.Premiered.formatted), (,)][/COLOR]</value>
		<value condition="Control.HasFocus(7303)">$INFO[Container(7303).ListItem.Label][COLOR= ccffffff]$INFO[Window(Home).Property(SkinHelper.ListItem.Year), (,)][/COLOR]</value>
		<value condition="Control.HasFocus(7304)">$INFO[Container(7304).ListItem.Label][COLOR= ccffffff]$INFO[Window(Home).Property(SkinHelper.ListItem.Premiered.formatted), (,)][/COLOR]</value>
		<value condition="Control.HasFocus(7305)">$INFO[Container(7305).ListItem.Label][COLOR= ccffffff]$INFO[Window(Home).Property(SkinHelper.ListItem.Year), (,)][/COLOR]</value>
		<value condition="Control.HasFocus(7306)">$INFO[Container(7306).ListItem.Label][COLOR= ccffffff]$INFO[Window(Home).Property(SkinHelper.ListItem.Premiered.formatted), (,)][/COLOR]</value>
		<value condition="Control.HasFocus(7307)">$INFO[Container(7307).ListItem.Label][COLOR= ccffffff]$INFO[Window(Home).Property(SkinHelper.ListItem.Year), (,)][/COLOR]</value>
		<value condition="Control.HasFocus(7399)">$INFO[Container(7399).ListItem.Label]</value>
		<value condition="Control.HasFocus(9500)">$INFO[Container(9500).ListItem.Label]</value>

	</variable>

	<variable name="KarmaEndTimeLabel">
		<value condition="!String.IsEmpty(Container(7302).ListItem.EndTime) + Control.HasFocus(7302)">$INFO[Container(7302).ListItem.EndTime(hh:mm),$LOCALIZE[31080] [COLOR=secondary],[/COLOR]]</value>
		<value condition="!String.IsEmpty(Container(7303).ListItem.EndTime) + Control.HasFocus(7303)">$INFO[Container(7303).ListItem.EndTime(hh:mm),$LOCALIZE[31080] [COLOR=secondary],[/COLOR]]</value>
		<value condition="!String.IsEmpty(Container(7304).ListItem.EndTime) + Control.HasFocus(7304)">$INFO[Container(7304).ListItem.EndTime(hh:mm),$LOCALIZE[31080] [COLOR=secondary],[/COLOR]]</value>
		<value condition="!String.IsEmpty(Container(7305).ListItem.EndTime) + Control.HasFocus(7305)">$INFO[Container(7305).ListItem.EndTime(hh:mm),$LOCALIZE[31080] [COLOR=secondary],[/COLOR]]</value>
		<value condition="!String.IsEmpty(Container(7306).ListItem.EndTime) + Control.HasFocus(7306)">$INFO[Container(7306).ListItem.EndTime(hh:mm),$LOCALIZE[31080] [COLOR=secondary],[/COLOR]]</value>
		<value condition="!String.IsEmpty(Container(7307).ListItem.EndTime) + Control.HasFocus(7307)">$INFO[Container(7307).ListItem.EndTime(hh:mm),$LOCALIZE[31080] [COLOR=secondary],[/COLOR]]</value>
		<value condition="!String.IsEmpty(Container(7308).ListItem.EndTime) + Control.HasFocus(7308)">$INFO[Container(7308).ListItem.EndTime(hh:mm),$LOCALIZE[31080] [COLOR=secondary],[/COLOR]]</value>
		<value condition="!String.IsEmpty(Container(7309).ListItem.EndTime) + Control.HasFocus(7309)">$INFO[Container(7309).ListItem.EndTime(hh:mm),$LOCALIZE[31080] [COLOR=secondary],[/COLOR]]</value>
		<value condition="!String.IsEmpty(Container(7310).ListItem.EndTime) + Control.HasFocus(7310)">$INFO[Container(7310).ListItem.EndTime(hh:mm),$LOCALIZE[31080] [COLOR=secondary],[/COLOR]]</value>
		<value condition="!String.IsEmpty(Container(7311).ListItem.EndTime) + Control.HasFocus(7311)">$INFO[Container(7311).ListItem.EndTime(hh:mm),$LOCALIZE[31080] [COLOR=secondary],[/COLOR]]</value>
		<value condition="!String.IsEmpty(Container(7312).ListItem.EndTime) + Control.HasFocus(7312)">$INFO[Container(7312).ListItem.EndTime(hh:mm),$LOCALIZE[31080] [COLOR=secondary],[/COLOR]]</value>
		<value condition="!String.IsEmpty(Container(9500).ListItem.EndTime) + Control.HasFocus(9500)">$INFO[Container(9500).ListItem.EndTime(hh:mm),$LOCALIZE[31080] [COLOR=secondary],[/COLOR]]</value>

	</variable>

	<variable name="WidgetLogoKarma">
		<value>$INFO[Window(Home).Property(SkinHelper.ListItem.Art.Clearlogo)]</value>

	</variable>

	<variable name="WidgetKarmaPlot">
		<value condition="!String.IsEmpty(Container(7302).ListItem.Plot) + Control.HasFocus(7302)">$INFO[Container(7302).ListItem.Plot]</value>
		<value condition="!String.IsEmpty(Container(7303).ListItem.Plot) + Control.HasFocus(7303)">$INFO[Container(7303).ListItem.Plot]</value>
		<value condition="!String.IsEmpty(Container(7304).ListItem.Plot) + Control.HasFocus(7304)">$INFO[Container(7304).ListItem.Plot]</value>
		<value condition="!String.IsEmpty(Container(7305).ListItem.Plot) + Control.HasFocus(7305)">$INFO[Container(7305).ListItem.Plot]</value>
		<value condition="!String.IsEmpty(Container(7306).ListItem.Plot) + Control.HasFocus(7306)">$INFO[Container(7306).ListItem.Plot]</value>
		<value condition="!String.IsEmpty(Container(7307).ListItem.Plot) + Control.HasFocus(7307)">$INFO[Container(7307).ListItem.Plot]</value>
		<value condition="!String.IsEmpty(Container(7308).ListItem.Plot) + Control.HasFocus(7308)">$INFO[Container(7308).ListItem.Plot]</value>
		<value condition="!String.IsEmpty(Container(7309).ListItem.Plot) + Control.HasFocus(7309)">$INFO[Container(7309).ListItem.Plot]</value>
		<value condition="!String.IsEmpty(Container(7310).ListItem.Plot) + Control.HasFocus(7310)">$INFO[Container(7310).ListItem.Plot]</value>
		<value condition="!String.IsEmpty(Container(7311).ListItem.Plot) + Control.HasFocus(7311)">$INFO[Container(7311).ListItem.Plot]</value>
		<value condition="!String.IsEmpty(Container(7312).ListItem.Plot) + Control.HasFocus(7312)">$INFO[Container(7312).ListItem.Plot]</value>

	</variable>

	<variable name="RottenTomatoesIcon">
		<value condition="String.IsEqual(Window(Home).Property(SkinHelper.ListItem.RottenTomatoes.Image),certified)">ratings/certifiedfresh.png</value>
		<value condition="Integer.IsGreater(Window(Home).Property(SkinHelper.ListItem.RottenTomatoes.Meter),59)">ratings/tomatoe.png</value>
		<value condition="!Integer.IsGreaterThan(Window(Home).Property(SkinHelper.ListItem.RottenTomatoes.Meter),59)">ratings/splat.png</value>
	</variable>

	<variable name="RottenTomatoesLabel">
		<value>$INFO[Window(Home).Property(SkinHelper.ListItem.RottenTomatoes.Meter),,% ]</value>
	</variable>
	<variable name="RottenAudienceIcon">
		<value condition="!Integer.IsGreater(Window(Home).Property(SkinHelper.ListItem.RottenTomatoes.UserMeter), 59)">ratings/popcornside.png</value>
		<value condition="Integer.IsGreater(Window(Home).Property(SkinHelper.ListItem.RottenTomatoes.UserMeter), 59)">ratings/popcorn.png</value>
	</variable>

	<variable name="DefTVHubWidget">
		<value condition="!String.IsEmpty(Skin.String(tvhubwidget.path))">$INFO[Skin.String(tvhubwidget.path)]</value>
		<value>plugin://script.skin.helper.widgets/?action=next&mediatype=episodes&reload=$INFO[Window(Home).Property(widgetreload)]</value>
	</variable>
	<variable name="DefTVHubWidgetTarget">
		<value condition="!String.IsEmpty(Skin.String(tvhubwidget.target))">$INFO[Skin.String(tvhubwidget.target)]</value>
		<value>video</value>
	</variable>
	<variable name="DefTVHubWidgetLabel">
		<value condition="!String.IsEmpty(Skin.String(tvhubwidget.name))">$INFO[Skin.String(tvhubwidget.name)]</value>
		<value>$LOCALIZE[40004]</value>
	</variable>

	<variable name="DefMovieHubWidget">
		<value condition="!String.IsEmpty(Skin.String(moviehubwidget.path))">$INFO[Skin.String(moviehubwidget.path)]</value>
		<value>special://skin/playlists/movies.xsp</value>
	</variable>
	<variable name="DefMovieHubWidgetTarget">
		<value condition="!String.IsEmpty(Skin.String(moviehubwidget.target))">$INFO[Skin.String(moviehubwidget.target)]</value>
		<value>video</value>
	</variable>
	<variable name="DefMovieHubWidgetLabel">
		<value condition="!String.IsEmpty(Skin.String(moviehubwidget.name))">$INFO[Skin.String(moviehubwidget.name)]</value>
		<value>$LOCALIZE[342]</value>
	</variable>

	<variable name="LandscapeImageOnly">
		<value condition="!String.IsEmpty(ListItem.Art(landscape))">$INFO[ListItem.Art(landscape)]</value>
		<value condition="!String.IsEmpty(ListItem.Art(tvshow.landscape))">$INFO[ListItem.Art(tvshow.landscape)]</value>
		<value condition="!String.IsEmpty(ListItem.Art(fanart))">$INFO[ListItem.Art(fanart)]</value>
		<value>$INFO[ListItem.Icon]</value>
	</variable>

	<variable name="HomeCategoriesColor">
		<value>hotpink</value>
	<!--	<value condition="String.IsEqual(Container(7399).ListItem.Property(type),movies)">hotpink</value>
		<value condition="String.IsEqual(Container(7399).ListItem.Property(type),tvshows)">yellow</value>
		<value condition="String.IsEqual(Container(7399).ListItem.Property(type),music)">crimson</value>
		<value condition="String.IsEqual(Container(7399).ListItem.Property(type),sets)">green</value> -->
	</variable>

	<variable name="DefOSDCast">
		<value condition="!String.IsEmpty(Window(home).Property(NextUpNotification.NowPlaying.Type)) + String.IsEqual(Window(home).Property(NextUpNotification.NowPlaying.Type),movie) + Integer.IsGreater(Window(home).Property(NextUpNotification.NowPlaying.DBID),-1)">plugin://script.skin.helper.service/?castaction=extendedinfo&amp;downloadthumbs=true&amp;action=getcast&amp;movie=$INFO[Window(home).Property(NextUpNotification.NowPlaying.DBID)]</value>
		<value condition="!String.IsEmpty(Window(home).Property(NextUpNotification.NowPlaying.Type)) + String.IsEqual(Window(home).Property(NextUpNotification.NowPlaying.Type),episode) + Integer.IsGreater(Window(home).Property(NextUpNotification.NowPlaying.DBID),-1)">plugin://script.skin.helper.service/?castaction=extendedinfo&amp;downloadthumbs=truet&amp;action=getcast&amp;tvshow=$INFO[Window(home).Property(NextUpNotification.NowPlaying.DBID)]</value>
		<value condition="VideoPlayer.Content(movies) +!String.IsEmpty(VideoPlayer.DBID)">plugin://script.skin.helper.service/?action=getcast&amp;movie=$INFO[VideoPlayer.DBID]&castaction=extendedinfo&amp;downloadthumbs=true</value>
		<value condition="VideoPlayer.Content(episodes) +!String.IsEmpty(VideoPlayer.DBID)">plugin://script.skin.helper.service/?action=getcast&amp;tvshow=$INFO[VideoPlayer.DBID]&castaction=extendedinfo&amp;downloadthumbs=true</value>
		<value condition="VideoPlayer.Content(movies) + String.IsEmpty(VideoPlayer.DBID)">plugin://script.skin.helper.service/?action=getcast&amp;movie=$INFO[VideoPlayer.Title]&castaction=extendedinfo&amp;downloadthumbs=true</value>
		<value condition="VideoPlayer.Content(episodes) + String.IsEmpty(VideoPlayer.DBID)">plugin://script.skin.helper.service/?action=getcast&amp;tvshow=$INFO[VideoPlayer.TvShowTitle]&castaction=extendedinfo&amp;downloadthumbs=true</value>

	</variable>

	<variable name="HomeWidgetFadeTime">
		<value condition="!String.IsEmpty(Skin.String(widgets.dim.time))">$INFO[Skin.String(widgets.dim.time)]</value>
		<value>10</value>
	</variable>

	<variable name="ColourStudio">
		<value>$INFO[Window(home).Property(SkinHelper.ListItem.StudioLogo)]</value>
	</variable>

</includes>
