<?xml version="1.0" encoding="UTF-8"?>
<window>
	<defaultcontrol>9000</defaultcontrol>
	<backgroundcolor>background</backgroundcolor>
	<onload condition="String.IsEmpty(Skin.String(background_overlay))">Skin.SetString(background_overlay,1)</onload>
	<controls>
		<include>DefaultBackground</include>
		<control type="multiimage">
			<depth>DepthBackground</depth>
			<include>FullScreenDimensions</include>
			<aspectratio>scale</aspectratio>
			<fadetime>600</fadetime>
			<animation effect="zoom" center="auto" end="102,102" time="0" condition="Integer.IsGreater(System.StereoscopicMode,0)">conditional</animation>
			<animation effect="fade" start="0" end="100" time="400">WindowOpen</animation>
			<animation effect="fade" start="100" end="0" time="300">WindowClose</animation>
			<animation effect="fade" time="400">VisibleChange</animation>
			<imagepath background="true" colordiffuse="bg_overlay">$INFO[Skin.String(HomeFanart.path)]settings$INFO[Skin.String(HomeFanart.ext)]</imagepath>
			<visible>!Player.HasMedia + !String.IsEmpty(Skin.String(HomeFanart.path))</visible>
		</control>
		<control type="group" id="10000">
			<left>470</left>
			<include>OpenClose_Right</include>
			<control type="grouplist" id="400">
				<top>160</top>
				<left>0</left>
				<right>0</right>
				<bottom>140</bottom>
				<onleft>9000</onleft>
				<onright>60</onright>
				<onup>400</onup>
				<ondown>400</ondown>
				<visible>Container(9000).HasFocus(4)</visible>
				<control type="button" id="411">
					<label>40028</label>
					<include>DefaultSettingButton</include>
					<onclick>ActivateWindow(1113)</onclick>
				</control>
				<control type="button" id="401">
					<label>40030</label>
					<include>DefaultSettingButton</include>
					<onclick>RunScript(script.skinshortcuts,type=manage&amp;group=librarymenu)</onclick>
				</control>

				<control type="button" id="402">
					<label>40026</label>
					<include>DefaultSettingButton</include>
					<onclick>RunScript(script.skinshortcuts,type=manage&amp;group=movieshub)</onclick>
				</control>
				<control type="button" id="403">
					<include>DefaultSettingButton</include>
					<label>40024</label>
					<label2 fallback="">$VAR[DefMovieHubWidgetLabel]</label2>
					<onclick>RunScript(script.skinshortcuts,type=widgets&amp;showNone=True&amp;skinWidgetName=moviehubwidget.name&amp;skinWidgetTarget=moviehubwidget.target&amp;skinWidgetPath=moviehubwidget.path)</onclick>
				</control>
				<control type="button" id="404">
					<label>40027</label>
					<include>DefaultSettingButton</include>
					<onclick>RunScript(script.skinshortcuts,type=manage&amp;group=episodeshub)</onclick>
				</control>
				<control type="button" id="405">
					<include>DefaultSettingButton</include>
					<label>40025</label>
					<label2 fallback="">$VAR[DefTVHubWidgetLabel]</label2>
					<onclick>RunScript(script.skinshortcuts,type=widgets&amp;showNone=True&amp;skinWidgetName=tvhubwidget.name&amp;skinWidgetTarget=tvhubwidget.target&amp;skinWidgetPath=tvhubwidget.path)</onclick>
				</control>
				<control type="image" id="10">
					<description>separator image</description>
					<height>3</height>
					<texture colordiffuse="button_focus" border="2">dialogs/separator-grey.png</texture>
				</control>
				<control type="radiobutton" id="407" description="Fade widgets">
					<include>DefaultSettingButton</include>
					<label>40041</label>
					<selected>Skin.HasSetting(widgets.dim)</selected>
					<onclick>Skin.ToggleSetting(widgets.dim)</onclick>
				</control>

				<control type="image" id="111">
					<description>separator image</description>
					<height>3</height>
					<texture colordiffuse="button_focus" border="2">dialogs/separator-grey.png</texture>
				</control>
				<control type="button" id="406">
					<label>40029</label>
					<include>DefaultSettingButton</include>
					<onclick>RunScript(script.skinshortcuts,type=resetall)</onclick>
				</control>
			</control>
			<control type="grouplist" id="700">
				<top>160</top>
				<left>0</left>
				<right>0</right>
				<bottom>140</bottom>
				<onleft>9000</onleft>
				<onright>60</onright>
				<onup>600</onup>
				<ondown>600</ondown>
				<visible>Container(9000).HasFocus(1)</visible>
				<control type="radiobutton" id="701">
					<label>$LOCALIZE[31095]</label>
					<include>DefaultSettingButton</include>
					<selected>!Skin.HasSetting(no_slide_animations)</selected>
					<onclick>Skin.ToggleSetting(no_slide_animations)</onclick>
				</control>
				<control type="radiobutton" id="702">
					<label>$LOCALIZE[20189]</label>
					<include>DefaultSettingButton</include>
					<onclick>Skin.ToggleSetting(autoscroll)</onclick>
					<selected>Skin.HasSetting(autoscroll)</selected>
				</control>
				<control type="radiobutton" id="703">
					<label>$LOCALIZE[31158]</label>
					<include>DefaultSettingButton</include>
					<onclick>Skin.ToggleSetting(touchmode)</onclick>
					<selected>Skin.HasSetting(touchmode)</selected>
				</control>
				<control type="radiobutton" id="704">
					<label>$LOCALIZE[31093]</label>
					<include>DefaultSettingButton</include>
					<onclick condition="!String.IsEmpty(Weather.Plugin)">Skin.ToggleSetting(show_weatherinfo)</onclick>
					<onclick condition="String.IsEmpty(Weather.Plugin)">ActivateWindow(servicesettings,weather)</onclick>
					<selected>Skin.HasSetting(show_weatherinfo) + !String.IsEmpty(Weather.Plugin)</selected>
				</control>
				<control type="radiobutton" id="705">
					<label>$LOCALIZE[31160]</label>
					<include>DefaultSettingButton</include>
					<onclick>Skin.ToggleSetting(hide_mediaflags)</onclick>
					<selected>!Skin.HasSetting(hide_mediaflags)</selected>
				</control>
			</control>
			<control type="grouplist" id="600">
				<top>160</top>
				<left>0</left>
				<right>0</right>
				<bottom>140</bottom>
				<onleft>9000</onleft>
				<onright>60</onright>
				<onup>600</onup>
				<ondown>600</ondown>
				<visible>Container(9000).HasFocus(3)</visible>
				<control type="radiobutton" id="605">
					<label>$LOCALIZE[31002]</label>
					<include>DefaultSettingButton</include>
					<onclick>Skin.ToggleSetting(no_fanart)</onclick>
					<selected>!Skin.HasSetting(no_fanart)</selected>
				</control>
				<control type="radiobutton" id="6055">
					<label>$LOCALIZE[40044]</label>
					<include>DefaultSettingButton</include>
					<onclick>Skin.ToggleSetting(SkinHelper.EnableAnimatedPosters)</onclick>
					<selected>Skin.HasSetting(SkinHelper.EnableAnimatedPosters)</selected>
				</control>
				<control type="button" id="607">
					<label>$LOCALIZE[31156]</label>
					<label2>$VAR[BackgroundOverlayTypeVar]</label2>
					<include>DefaultSettingButton</include>
					<onclick condition="String.IsEqual(Skin.String(background_overlay),7)">Skin.SetString(background_overlay,0)</onclick>
					<onclick condition="String.IsEqual(Skin.String(background_overlay),6)">Skin.SetString(background_overlay,7)</onclick>
					<onclick condition="String.IsEqual(Skin.String(background_overlay),5)">Skin.SetString(background_overlay,6)</onclick>
					<onclick condition="String.IsEqual(Skin.String(background_overlay),4)">Skin.SetString(background_overlay,5)</onclick>
					<onclick condition="String.IsEqual(Skin.String(background_overlay),3)">Skin.SetString(background_overlay,4)</onclick>
					<onclick condition="String.IsEqual(Skin.String(background_overlay),2)">Skin.SetString(background_overlay,3)</onclick>
					<onclick condition="String.IsEqual(Skin.String(background_overlay),1)">Skin.SetString(background_overlay,2)</onclick>
					<onclick condition="String.IsEqual(Skin.String(background_overlay),0)">Skin.SetString(background_overlay,1)</onclick>
				</control>
				<control type="button" id="608">
					<label>$LOCALIZE[31131]</label>
					<label2>$INFO[Skin.String(HomeFanart.name)]</label2>
					<include>DefaultSettingButton</include>
					<onclick condition="System.HasAddon(script.image.resource.select)">RunScript(script.image.resource.select,property=HomeFanart&amp;type=resource.images.skinbackgrounds)</onclick>
					<onclick condition="!System.HasAddon(script.image.resource.select)">InstallAddon(script.image.resource.select)</onclick>
					<enable>!Skin.HasSetting(no_fanart)</enable>
				</control>
				<control type="button" id="609">
					<label>$LOCALIZE[31062]</label>
					<label2>$INFO[Skin.String(WeatherFanart.name)]</label2>
					<include>DefaultSettingButton</include>
					<onclick condition="System.HasAddon(script.image.resource.select)">RunScript(script.image.resource.select,property=WeatherFanart&amp;type=resource.images.weatherfanart)</onclick>
					<onclick condition="!System.HasAddon(script.image.resource.select)">InstallAddon(script.image.resource.select)</onclick>
					<enable>!Skin.HasSetting(no_fanart)</enable>
				</control>
				<control type="button" id="6066">
					<label>$LOCALIZE[31149]</label>
					<label2>$INFO[Skin.String(MovieGenreFanart.Name)]</label2>
					<include>DefaultSettingButton</include>
					<onclick condition="!System.HasAddon(script.image.resource.select)">InstallAddon(script.image.resource.select)</onclick>
					<onclick condition="System.HasAddon(script.image.resource.select)">RunScript(script.image.resource.select,property=MovieGenreFanart&amp;type=resource.images.moviegenrefanart)</onclick>
				</control>
			</control>
			<control type="grouplist" id="500">
				<top>160</top>
				<left>0</left>
				<right>0</right>
				<bottom>140</bottom>
				<onleft>9000</onleft>
				<onright>60</onright>
				<onup>500</onup>
				<ondown>500</ondown>
				<visible>Container(9000).HasFocus(5)</visible>
				<control type="radiobutton" id="501">
					<label>service.nextup.notification $INFO[System.AddonVersion(service.nextup.notification),(,)]</label>
					<textureradioonfocus colordiffuse="primary">buttons/status-on.png</textureradioonfocus>
					<textureradioonnofocus colordiffuse="primary">buttons/status-on.png</textureradioonnofocus>
					<textureradioofffocus colordiffuse="secondary">buttons/status-off.png</textureradioofffocus>
					<textureradiooffnofocus colordiffuse="secondary">buttons/status-off.png</textureradiooffnofocus>
					<include>DefaultSettingButton</include>
					<selected>System.HasAddon(service.nextup.notification)</selected>
					<onclick condition="!System.HasAddon(service.nextup.notification)">InstallAddon(service.nextup.notification)</onclick>
					<onclick condition="System.HasAddon(service.nextup.notification)">Addon.OpenSettings(service.nextup.notification)</onclick>
				</control>
				<control type="radiobutton" id="502">
					<label>script.extendedinfo $INFO[System.AddonVersion(script.extendedinfo),(,)]</label>
					<textureradioonfocus colordiffuse="primary">buttons/status-on.png</textureradioonfocus>
					<textureradioonnofocus colordiffuse="primary">buttons/status-on.png</textureradioonnofocus>
					<textureradioofffocus colordiffuse="secondary">buttons/status-off.png</textureradioofffocus>
					<textureradiooffnofocus colordiffuse="secondary">buttons/status-off.png</textureradiooffnofocus>
					<include>DefaultSettingButton</include>
					<selected>System.HasAddon(script.extendedinfo)</selected>
					<onclick condition="!System.HasAddon(script.extendedinfo)">InstallAddon(script.extendedinfo)</onclick>
					<onclick condition="System.HasAddon(script.extendedinfo)">Addon.OpenSettings(script.extendedinfo)</onclick>
				</control>
				<control type="radiobutton" id="503">
					<label>script.playalbum $INFO[System.AddonVersion(script.playalbum),(,)]</label>
					<textureradioonfocus colordiffuse="primary">buttons/status-on.png</textureradioonfocus>
					<textureradioonnofocus colordiffuse="primary">buttons/status-on.png</textureradioonnofocus>
					<textureradioofffocus colordiffuse="secondary">buttons/status-off.png</textureradioofffocus>
					<textureradiooffnofocus colordiffuse="secondary">buttons/status-off.png</textureradiooffnofocus>
					<include>DefaultSettingButton</include>
					<selected>System.HasAddon(script.playalbum)</selected>
					<onclick condition="!System.HasAddon(script.playalbum)">InstallAddon(script.playalbum)</onclick>
					<onclick condition="System.HasAddon(script.playalbum)">Addon.OpenSettings(script.playalbum)</onclick>
				</control>
				<control type="radiobutton" id="504">
					<label>weather.openweathermap.extended $INFO[System.AddonVersion(weather.openweathermap.extended),(,)]</label>
					<textureradioonfocus colordiffuse="primary">buttons/status-on.png</textureradioonfocus>
					<textureradioonnofocus colordiffuse="primary">buttons/status-on.png</textureradioonnofocus>
					<textureradioofffocus colordiffuse="secondary">buttons/status-off.png</textureradioofffocus>
					<textureradiooffnofocus colordiffuse="secondary">buttons/status-off.png</textureradiooffnofocus>
					<include>DefaultSettingButton</include>
					<selected>System.HasAddon(weather.openweathermap.extended)</selected>
					<onclick condition="!System.HasAddon(weather.openweathermap.extended)">InstallAddon(weather.openweathermap.extended)</onclick>
					<onclick condition="System.HasAddon(weather.openweathermap.extended)">Addon.OpenSettings(weather.openweathermap.extended)</onclick>
				</control>
				<control type="radiobutton" id="505">
					<label>script.tv.show.next.aired $INFO[System.AddonVersion(script.tv.show.next.aired),(,)]</label>
					<textureradioonfocus colordiffuse="primary">buttons/status-on.png</textureradioonfocus>
					<textureradioonnofocus colordiffuse="primary">buttons/status-on.png</textureradioonnofocus>
					<textureradioofffocus colordiffuse="secondary">buttons/status-off.png</textureradioofffocus>
					<textureradiooffnofocus colordiffuse="secondary">buttons/status-off.png</textureradiooffnofocus>
					<include>DefaultSettingButton</include>
					<selected>System.HasAddon(script.tv.show.next.aired)</selected>
					<onclick condition="!System.HasAddon(script.tv.show.next.aired)">InstallAddon(script.tv.show.next.aired)</onclick>
					<onclick condition="System.HasAddon(script.tv.show.next.aired)">Addon.OpenSettings(script.tv.show.next.aired)</onclick>
				</control>
				<control type="radiobutton" id="506">
					<label>resource.images.studios.coloured $INFO[System.AddonVersion(resource.images.studios.coloured),(,)]</label>
					<textureradioonfocus colordiffuse="primary">buttons/status-on.png</textureradioonfocus>
					<textureradioonnofocus colordiffuse="primary">buttons/status-on.png</textureradioonnofocus>
					<textureradioofffocus colordiffuse="secondary">buttons/status-off.png</textureradioofffocus>
					<textureradiooffnofocus colordiffuse="secondary">buttons/status-off.png</textureradiooffnofocus>
					<include>DefaultSettingButton</include>
					<selected>System.HasAddon(resource.images.studios.coloured)</selected>
					<onclick condition="!System.HasAddon(resource.images.studios.coloured)">InstallAddon(resource.images.studios.coloured)</onclick>
					<onclick condition="System.HasAddon(resource.images.studios.coloured)">Addon.OpenSettings(resource.images.studios.coloured)</onclick>
				</control>

			</control>
			<control type="image">
				<description>Dialog Header image</description>
				<left>0</left>
				<top>160</top>
				<right>0</right>
				<height>3</height>
				<texture colordiffuse="button_focus" border="2">dialogs/separator-grey.png</texture>
			</control>
			<control type="image">
				<description>Dialog Header image</description>
				<left>0</left>
				<bottom>134</bottom>
				<right>0</right>
				<height>3</height>
				<texture colordiffuse="button_focus" border="2">dialogs/separator-grey.png</texture>
			</control>
		</control>
		<control type="group">
			<depth>DepthContentPanel</depth>
			<left>0</left>
			<include>OpenClose_Left</include>
			<include content="ContentPanel">
				<param name="width" value="530" />
			</include>
			<control type="list" id="9000">
				<description>button area</description>
				<left>0</left>
				<top>160</top>
				<width>470</width>
				<height>700</height>
				<onleft>10000</onleft>
				<onright>10000</onright>
				<onup>9000</onup>
				<ondown>9000</ondown>
				<itemlayout height="90" width="470">
					<control type="label">
						<textoffsetx>30</textoffsetx>
						<width>470</width>
						<height>90</height>
						<label>$INFO[ListItem.Label]</label>
						<font>font37</font>
						<aligny>center</aligny>
					</control>
				</itemlayout>
				<focusedlayout height="90" width="470">
					<control type="image">
						<width>470</width>
						<height>90</height>
						<texture colordiffuse="button_focus">lists/focus.png</texture>
						<animation effect="fade" start="100" end="50" time="40" condition="!Control.HasFocus(9000)">Conditional</animation>
					</control>
					<control type="label">
						<textoffsetx>30</textoffsetx>
						<width>470</width>
						<height>90</height>
						<font>font37</font>
						<aligny>center</aligny>
						<label>$INFO[ListItem.Label]</label>
					</control>
				</focusedlayout>
				<content>
					<item id="4">
						<label>$LOCALIZE[40001]</label>
						<onclick>noop</onclick>
					</item>
					<item id="1">
						<label>$LOCALIZE[128]</label>
						<onclick>noop</onclick>
					</item>
					<item id="3">
						<label>$LOCALIZE[31159]</label>
						<onclick>noop</onclick>
					</item>
					<item id="5">
						<label>$LOCALIZE[40023]</label>
						<onclick>noop</onclick>
					</item>
				</content>
			</control>
		</control>
		<control type="scrollbar" id="60">
			<right>0</right>
			<top>163</top>
			<width>12</width>
			<bottom>137</bottom>
			<orientation>vertical</orientation>
			<texturesliderbackground />
			<animation effect="slide" end="6,0" time="300" tween="sine" easing="inout" condition="!Control.HasFocus(60)">conditional</animation>
			<onleft>610</onleft>
			<onright>610</onright>
			<animation effect="fade" start="0" end="100" time="200" delay="300">Visible</animation>
			<animation effect="fade" start="100" end="0" time="200">Hidden</animation>
			<animation effect="fade" start="0" end="100" delay="300" time="320">WindowOpen</animation>
			<animation effect="fade" start="100" end="0" time="150">WindowClose</animation>
			<visible>Control.IsVisible(610)</visible>
		</control>
		<include content="TopBar">
			<param name="breadcrumbs_label" value="$LOCALIZE[5] / $LOCALIZE[20077]" />
		</include>
		<include>BottomBar</include>
		<control type="textbox" id="6">
			<include>OpenClose_Right</include>
			<description>description area</description>
			<left>510</left>
			<bottom>27</bottom>
			<width>1350</width>
			<height>100</height>
			<font>font12</font>
			<align>justify</align>
			<textcolor>button_focus</textcolor>
			<label>$VAR[SkinSettingsHelpTextVar]</label>
			<autoscroll time="3000" delay="5000" repeat="5000">true</autoscroll>
		</control>
	</controls>
</window>
