<?xml version="1.0" encoding="UTF-8"?>
<window>
	<defaultcontrol always="true">11</defaultcontrol>
	<coordinates>
		<left>0</left>
		<top>0</top>
	</coordinates>
	<include>OpenClose_Right</include>
	<controls>
		<control type="image">
			<description>background image</description>
			<left>0</left>
			<top>0</top>
			<depth>DepthBackground</depth>
			<include>FullScreenDimensions</include>
			<texture>skyq/Backgrounds/full.png</texture>
			<animation effect="fade" start="100" end="70" time="0" condition="true">Conditional</animation>
		</control>
		<control type="label">
			<top>70</top>
			<width>480</width>
			<align>center</align>
			<height>55</height>
			<font>skybold55</font>
			<label>$LOCALIZE[19019]</label>
		</control>
		<control type="label">
			<top>680</top>
			<width>480</width>
			<align>center</align>
			<height>40</height>
			<font>sky40</font>
			<label>[COLOR =subwhite][B]&lt;&gt;[/B][/COLOR]  $INFO[VideoPlayer.ChannelGroup]</label>
		</control>

		<control type="grouplist">
			<animation effect="fade" start="0" end="100" time="400">WindowOpen</animation>
			<animation effect="fade" start="100" end="0" time="300">WindowClose</animation>
			<orientation>horizontal</orientation>
			<align>left</align>
			<top>1015</top>
			<left>24</left>
			<width>1200</width>
			<itemgap>10</itemgap>
			<animation effect="fade" delay="1" time="200">VisibleChange</animation>
			<control type="label">
				<width>auto</width>
				<height>48</height>
				<aligny>center</aligny>
				<align>right</align>
				<shadowcolor>text_shadow</shadowcolor>
				<label>$INFO[Container(11).CurrentItem,, / ]$INFO[Container(11).NumItems]</label>
				<font>sky25</font>
			</control>
			<control type="image">
				<width>54</width>
				<height>44</height>
				<aspectratio>keep</aspectratio>
				<texture colordiffuse="$VAR[ColourFocus]">frame/item-count.png</texture>
				<animation effect="fade" time="200">VisibleChange</animation>
				<visible>!String.IsEmpty(Container(11).NumItems)</visible>
				<animation effect="fade" start="100" end="0" time="250" delay="200" reversible="true" condition="Control.IsVisible(23000)">Conditional</animation>
				<animation effect="fade" start="0" end="100" time="250" reversible="true" delay="200" condition="!Control.IsVisible(23000)">Conditional</animation>
			</control>
		</control>
		<control type="group">
			<include>OpenClose_Left</include>
			<top>100</top>
			<left>500</left>
			<animation effect="fade" start="100" end="0" time="200" tween="sine" condition="$EXP[infodialog_active]">Conditional</animation>
			<control type="list" id="11">
				<left>0</left>
				<top>220</top>
				<width>1350</width>
				<height>810</height>
				<onleft>PreviousChannelGroup</onleft>
				<onright>NextChannelGroup</onright>
				<onup>11</onup>
				<ondown>11</ondown>
				<pagecontrol>60</pagecontrol>
				<scrolltime>200</scrolltime>
				<focusedlayout height="84" width="1350">
					<control type="image">
						<width>1350</width>
						<height>1</height>
						<texture>skyq/Backgrounds/line-h.png</texture>
					</control>
					<control type="image">
						<left>1</left>
						<top>9</top>
						<width>1348</width>
						<height>70</height>
						<texture colordiffuse="$VAR[ColourFocus]">lists/focus.png</texture>
						<animation effect="fade" start="100" end="50" time="0" condition="true">Conditional</animation>
						<visible>Control.hasFocus(11)</visible>
					</control>
					<control type="label">
						<left>1</left>
						<width>100</width>
						<height>84</height>
						<font>sky47</font>
						<align>left</align>
						<aligny>center</aligny>
						<label>$INFO[ListItem.ChannelNumber]</label>
					</control>
					<control type="progress">
						<right>10</right>
						<top>48</top>
						<width>50</width>
						<height>12</height>
						<midtexture border="3">progress/texturebg_white.png</midtexture>
						<visible>ListItem.HasEpg + !ListItem.IsRecording</visible>
						<info>ListItem.Progress</info>
					</control>
					<control type="image">
						<right>5</right>
						<top>9</top>
						<width>40</width>
						<height>40</height>
						<texture>$VAR[PVRStatusImageVar]</texture>
					</control>
					<control type="label">
						<left>105</left>
						<top>0</top>
						<height>84</height>
						<width>1150</width>
						<aligny>center</aligny>
						<align>left</align>
						<font>sky28</font>
						<label>$INFO[ListItem.Label,,  ]$INFO[ListItem.Title]</label>
						<shadowcolor>text_shadow</shadowcolor>
					</control>
				</focusedlayout>
				<itemlayout height="84">

					<control type="image">
						<width>1350</width>
						<height>1</height>
						<texture>skyq/Backgrounds/line-h.png</texture>
					</control>

					<control type="label">
						<left>1</left>
						<width>100</width>
						<height>84</height>
						<font>sky47</font>
						<align>left</align>
						<aligny>center</aligny>
						<label>$INFO[ListItem.ChannelNumber]</label>
					</control>
					<control type="progress">
						<left>1289</left>
						<top>48</top>
						<width>50</width>
						<height>12</height>
						<colordiffuse>88FFFFFF</colordiffuse>
						<visible>ListItem.HasEpg + !ListItem.IsRecording</visible>
						<info>ListItem.Progress</info>
					</control>
					<control type="image">
						<right>5</right>
						<top>9</top>
						<width>40</width>
						<height>40</height>
						<texture>$VAR[PVRStatusImageVar]</texture>
					</control>
					<control type="label">
						<left>105</left>
						<top>0</top>
						<height>84</height>
						<width>1150</width>
						<aligny>center</aligny>
						<align>left</align>
						<font>sky28</font>
						<label>$INFO[ListItem.Label,,  ]$INFO[ListItem.Title]</label>
						<shadowcolor>text_shadow</shadowcolor>
					</control>
				</itemlayout>
			</control>
			<control type="group">
				<top>295</top>
				<left>-499</left>
				<control type="image" id="343543">
					<width>480</width>
					<height>290</height>
					<aspectratio>keep</aspectratio>
					<fadetime>400</fadetime>
					<texture fallback="empty.png">http://localhost:52307/getpvrthumb&amp;title=$INFO[Container(11).ListItem.Title]&amp;channel=$INFO[Container(11).ListItem.ChannelName]&amp;type=fanart,thumb</texture>
				</control>
				<control type="image">
					<width>480</width>
					<height>290</height>
					<aspectratio>keep</aspectratio>
					<fadetime>400</fadetime>
					<texture fallback="special://skin/extras/home-images/tv.jpg">$INFO[Container(11).ListItem.Icon]</texture>
					<visible>Substring(Control.GetLabel(343543),empty.png)</visible>
				</control>
			</control>
			<control type="group">
				<control type="group">
					<top>-20</top>
					<control type="group">
						<control type="label">
							<width>1040</width>
							<height>40</height>
							<align>left</align>
							<font>sky40</font>
							<label>$INFO[Container(11).ListItem.Title]</label>
							<!--<label>$INFO[ListItem.StartTime,, - ]$INFO[ListItem.EndTime]$INFO[ListItem.Title,  [COLOR grey],[/COLOR]]$INFO[ListItem.Genre,      $LOCALIZE[515] : [COLOR grey],[/COLOR]]</label> -->
						</control>
						<control type="textbox">
							<top>51</top>
							<width>1040</width>
							<height>120</height>
							<align>left</align>
							<font>sky28</font>
							<label>$INFO[Container(11).ListItem.Plot]</label>
							<autoscroll delay="10000" time="3000" repeat="10000"/>
						</control>
					</control>
				</control>
				<control type="group">
					<visible>!IsEmpty(Container(11).ListItem.Date)</visible>
					<top>-20</top>
					<left>1050</left>
					<control type="group">
						<control type="image">
							<width>1</width>
							<top>51</top>
							<height>130</height>
							<texture flipy="true">skyq/Backgrounds/line-h.png</texture>
						</control>
						<control type="image">
							<top>33</top>
							<left>180</left>
							<width>100</width>
							<height>140</height>
							<aspectratio>keep</aspectratio>
							<fadetime>400</fadetime>
							<texture>http://localhost:52307/getpvrthumb&amp;title=$INFO[Container(11).ListItem.Title]&amp;channel=$INFO[Container(11).ListItem.ChannelName]&amp;type=poster</texture>
						</control>
						<control type="image">
							<top>33</top>
							<left>180</left>
							<width>100</width>
							<height>140</height>
							<aspectratio>keep</aspectratio>
							<fadetime>400</fadetime>
							<texture>$INFO[Window(Home).Property(SkinHelper.PVR.Poster)]</texture>
						</control>
						<control type="image">
							<top>54</top>
							<left>20</left>
							<width>100</width>
							<height>60</height>
							<aspectratio>keep</aspectratio>
							<fadetime>400</fadetime>
							<texture>$INFO[Window(Home).Property(SkinHelper.PVR.ClearLogo)]</texture>
							<visible>!IsEmpty(Window(Home).Property(SkinHelper.PVR.ClearLogo))</visible>
						</control>
						<control type="image">
							<top>54</top>
							<left>20</left>
							<width>100</width>
							<height>60</height>
							<aspectratio>keep</aspectratio>
							<fadetime>400</fadetime>
							<texture>$INFO[Container(11).ListItem.Icon]</texture>
							<visible>IsEmpty(Window(Home).Property(SkinHelper.PVR.ClearLogo))</visible>
						</control>
						<control type="label">
							<top>120</top>
							<left>20</left>
							<width>300</width>
							<height>30</height>
							<font>sky24</font>
							<align>left</align>
							<label>$INFO[Container(11).ListItem.Duration]</label>
							<!--<label>$INFO[ListItem.StartTime,, - ]$INFO[ListItem.EndTime]$INFO[ListItem.Title,  [COLOR grey],[/COLOR]]$INFO[ListItem.Genre,      $LOCALIZE[515] : [COLOR grey],[/COLOR]]</label> -->
						</control>
						<control type="label">
							<top>150</top>
							<left>20</left>
							<width>300</width>
							<height>30</height>
							<font>sky20</font>
							<align>left</align>
							<label>$INFO[Container(11).ListItem.StartTime]$INFO[Container(50).ListItem.EndTime, - ,]</label>
							<!--<label>$INFO[ListItem.StartTime,, - ]$INFO[ListItem.EndTime]$INFO[ListItem.Title,  [COLOR grey],[/COLOR]]$INFO[ListItem.Genre,      $LOCALIZE[515] : [COLOR grey],[/COLOR]]</label> -->
						</control>
					</control>
				</control>
			</control>
		</control>
	</controls>
</window>
