<?xml version="1.0" encoding="UTF-8"?>
<window>
	<defaultcontrol always="true">50</defaultcontrol>
	<backgroundcolor>background</backgroundcolor>
	<views>50</views>
	<menucontrol>9000</menucontrol>
	<controls>
		<control type="image">
			<depth>DepthBackground</depth>
			<include>FullScreenDimensions</include>
			<aspectratio>scale</aspectratio>
			<animation effect="fade" start="100" end="bg_alpha" time="0" condition="Player.HasMedia + String.IsEmpty(Window(videolibrary).Property(PlayingBackgroundMedia))">Conditional</animation>
			<animation effect="fade" start="0" end="100" time="300" condition="Window.Previous(fullscreenvideo) | Window.Previous(startup)">WindowOpen</animation>
			<texture>skyq/Backgrounds/full.png</texture>
		</control>
		<control type="label">
			<top>70</top>
			<width>480</width>
			<align>center</align>
			<height>55</height>
			<font>skybold55</font>
			<label>$LOCALIZE[19017]</label>
		</control>
		<control type="group">
			<animation effect="fade" start="100" end="0" time="200" tween="sine" condition="$EXP[infodialog_active]">Conditional</animation>
			<control type="group">
				<top>100</top>
				<left>500</left>
				<include>OpenClose_Left</include>
				<control type="list" id="50">
					<left>0</left>
					<top>220</top>
					<width>1346</width>
					<height>800</height>
					<onleft>9000</onleft>
					<onright>73</onright>
					<onup>50</onup>
					<ondown>50</ondown>
					<pagecontrol>73</pagecontrol>
					<scrolltime>200</scrolltime>
					<focusedlayout height="70">
						<control type="image">
							<width>1350</width>
							<height>1</height>
							<texture>skyq/Backgrounds/line-h.png</texture>
						</control>
						<control type="image">
							<left>0</left>
							<top>0</top>
							<width>1350</width>
							<height>70</height>
							<texture colordiffuse="$VAR[ColourFocus]">lists/focus.png</texture>
							<animation effect="fade" start="100" end="50" time="0" condition="true">Conditional</animation>
						</control>
						<control type="image">
							<left>10</left>
							<top>5</top>
							<width>60</width>
							<height>60</height>
							<aspectratio>keep</aspectratio>
							<texture background="true">icons/defaulticons/$INFO[ListItem.Icon]</texture>
						</control>
						<control type="label">
							<left>65</left>
							<textoffsetx>15</textoffsetx>
							<top>0</top>
							<height>70</height>
							<width>1350</width>
							<aligny>center</aligny>
							<scroll>true</scroll>
							<font>sky28</font>
							<label>$INFO[ListItem.Label]</label>
						</control>
						<control type="label">
							<left>0</left>
							<textoffsetx>15</textoffsetx>
							<top>0</top>
							<height>70</height>
							<width>1350</width>
							<align>right</align>
							<aligny>center</aligny>
							<font>sky25</font>
							<label>$INFO[ListItem.Date]</label>
						</control>
					</focusedlayout>
					<itemlayout height="70">
						<control type="image">
							<width>1350</width>
							<height>1</height>
							<texture>skyq/Backgrounds/line-h.png</texture>
						</control>
						<control type="image">
							<left>10</left>
							<top>5</top>
							<width>60</width>
							<height>60</height>
							<aspectratio>keep</aspectratio>
							<texture background="true">icons/defaulticons/$INFO[ListItem.Icon]</texture>
						</control>
						<control type="label">
							<left>65</left>
							<textoffsetx>15</textoffsetx>
							<top>0</top>
							<height>70</height>
							<width>1350</width>
							<aligny>center</aligny>
							<font>sky28</font>
							<label>$INFO[ListItem.Label]</label>
						</control>
						<control type="label">
							<left>0</left>
							<textoffsetx>15</textoffsetx>
							<top>0</top>
							<height>70</height>
							<width>1350</width>
							<align>right</align>
							<aligny>center</aligny>
							<font>sky25</font>
							<label>$INFO[ListItem.Date]</label>
							<shadowcolor>text_shadow</shadowcolor>
						</control>
					</itemlayout>
				</control>
				<control type="group">
					<top>295</top>
					<left>-499</left>
					<control type="videowindow">
						<width>480</width>
						<height>290</height>
						<visible>Player.HasVideo</visible>
					</control>
					<control type="image">
						<width>480</width>
						<height>290</height>
						<aspectratio>keep</aspectratio>
						<fadetime>400</fadetime>
						<texture fallback="special://skin/extras/home-images/tv.jpg">$INFO[Container(50).ListItem.Icon]</texture>
						<visible>!Player.HasVideo</visible>
					</control>
				</control>
				<control type="group">
					<control type="group">
						<top>-20</top>
						<control type="group">
							<control type="label">
								<width>1040</width>
								<height>40</height>
								<align>left</align>
								<font>sky40</font>
								<label>$INFO[ListItem.Title]</label>
								<!--<label>$INFO[ListItem.StartTime,, - ]$INFO[ListItem.EndTime]$INFO[ListItem.Title,  [COLOR grey],[/COLOR]]$INFO[ListItem.Genre,      $LOCALIZE[515] : [COLOR grey],[/COLOR]]</label> -->
							</control>
							<control type="textbox">
								<top>51</top>
								<width>1040</width>
								<height>120</height>
								<align>left</align>
								<font>sky28</font>
								<label>$VAR[PVRPlot]</label>
								<autoscroll delay="10000" time="3000" repeat="10000"/>
							</control>
							<control type="label">
								<description>Disk usage text</description>
								<top>190</top>
								<width>600</width>
								<height>20</height>
								<label>$INFO[PVR.backenddiskspace]</label>
								<shadowcolor>black</shadowcolor>
								<font>sky24</font>
								<visible>!Integer.IsGreater(PVR.backenddiskspaceprogr,100)</visible>
							</control>
							<control type="progress">
								<description>Disk usage bar</description>
								<left>640</left>
								<top>203</top>
								<width>400</width>
								<height>12</height>
								<info>PVR.backenddiskspaceprogr</info>
								<visible>!Integer.IsGreater(PVR.backenddiskspaceprogr,100)</visible>
							</control>
						</control>
					</control>
					<control type="group">
						<visible>!IsEmpty(Container(50).ListItem.Date)</visible>
						<top>-20</top>
						<left>1050</left>
						<control type="group">
							<control type="image">
								<width>1</width>
								<top>51</top>
								<height>130</height>
								<texture flipy="true">skyq/Backgrounds/line-h.png</texture>
							</control>
							<control type="image">
								<top>33</top>
								<left>180</left>
								<width>100</width>
								<height>140</height>
								<aspectratio>keep</aspectratio>
								<fadetime>400</fadetime>
								<texture>http://localhost:52307/getpvrthumb&amp;title=$INFO[Container(50).ListItem.Title]&amp;channel=$INFO[Container(50).ListItem.ChannelName]&amp;type=poster</texture>
							</control>
							<control type="image">
								<top>33</top>
								<left>180</left>
								<width>100</width>
								<height>140</height>
								<aspectratio>keep</aspectratio>
								<fadetime>400</fadetime>
								<texture>$INFO[Window(Home).Property(SkinHelper.PVR.Poster)]</texture>
							</control>
							<control type="image">
								<top>54</top>
								<left>20</left>
								<width>100</width>
								<height>60</height>
								<aspectratio>keep</aspectratio>
								<fadetime>400</fadetime>
								<texture>$INFO[Window(Home).Property(SkinHelper.PVR.ClearLogo)]</texture>
								<visible>!IsEmpty(Window(Home).Property(SkinHelper.PVR.ClearLogo))</visible>
							</control>
							<control type="image">
								<top>54</top>
								<left>20</left>
								<width>100</width>
								<height>60</height>
								<aspectratio>keep</aspectratio>
								<fadetime>400</fadetime>
								<texture>$INFO[Container(50).ListItem.Icon]</texture>
								<visible>IsEmpty(Window(Home).Property(SkinHelper.PVR.ClearLogo))</visible>
							</control>
							<control type="label">
								<top>120</top>
								<left>20</left>
								<width>300</width>
								<height>30</height>
								<font>sky24</font>
								<align>left</align>
								<label>$INFO[Container(50).ListItem.Duration]</label>
								<!--<label>$INFO[ListItem.StartTime,, - ]$INFO[ListItem.EndTime]$INFO[ListItem.Title,  [COLOR grey],[/COLOR]]$INFO[ListItem.Genre,      $LOCALIZE[515] : [COLOR grey],[/COLOR]]</label> -->
							</control>
							<control type="label">
								<top>150</top>
								<left>20</left>
								<width>300</width>
								<height>30</height>
								<font>sky20</font>
								<align>left</align>
								<label>$INFO[Container(50).ListItem.StartTime]$INFO[Container(50).ListItem.EndTime, - ,]</label>
								<!--<label>$INFO[ListItem.StartTime,, - ]$INFO[ListItem.EndTime]$INFO[ListItem.Title,  [COLOR grey],[/COLOR]]$INFO[ListItem.Genre,      $LOCALIZE[515] : [COLOR grey],[/COLOR]]</label> -->
							</control>
						</control>
					</control>
				</control>
			</control>
			<control type="group">
				<include>MediaMenuCommon</include>
				<include>PVRSideBar</include>
			</control>
			<include content="TopBar">
				<param name="breadcrumbs_label" value="$LOCALIZE[19017]" />
				<param name="breadcrumbs_icon" value="icons/settings/tvguide.png" />
			</include>
			<control type="label" id="29">
				<font>-</font>
				<include>HiddenObject</include>
			</control>
			<control type="label" id="30">
				<font>-</font>
				<include>HiddenObject</include>
			</control>
			<include>BottomBar</include>
		</control>
	</controls>
</window>
