<?xml version="1.0" encoding="UTF-8"?>
<!-- Foundation -->
<window type="window" id="1113">
    <defaultcontrol always="true">9501</defaultcontrol>
    <coordinates>
        <left>0</left>
        <top>0</top>
    </coordinates>
    <controls>
        <control type="group">
            <include>DefaultBackground</include>
            <include content="TopBar">
                <param name="breadcrumbs_label" value=""/>
                <param name="breadcrumbs_icon" value=""/>
                <param name="main_label" value="$VAR[WidgetLabelKarma]"/>
                <param name="sub_label" value="$VAR[VideoInfoSubLabelVar]"/>
            </include>
            <control type="grouplist">
                <itemgap>24</itemgap>
                <orientation>horizontal</orientation>
                <left>50</left>
                <top>10</top>
                <control type="image">
                    <animation effect="fade" start="0" end="100" time="300">WindowOpen</animation>
                    <animation effect="fade" start="100" end="0" time="200">WindowClose</animation>
                    <aspectratio>keep</aspectratio>
                    <width>56</width>
                    <height>56</height>
                    <texture colordiffuse="$VAR[ColourFocus]">icons/logo.png</texture>
                    <visible>!System.HasAddon(plugin.video.plexkodiconnect) + !System.HasAddon(plugin.video.emby)</visible>
                </control>
                <control type="image">
                    <animation effect="fade" start="0" end="100" time="300">WindowOpen</animation>
                    <animation effect="fade" start="100" end="0" time="200">WindowClose</animation>
                    <aspectratio>keep</aspectratio>
                    <width>56</width>
                    <height>56</height>
                    <texture diffuse="icons/circle.png" colordiffuse="$VAR[ColourFocus]">icons/plex.png</texture>
                    <visible>System.HasAddon(plugin.video.plexkodiconnect) + IsEmpty(Window(Home).Property(PlexUserImage))</visible>
                </control>
                <control type="image">
                    <animation effect="fade" start="0" end="100" time="300">WindowOpen</animation>
                    <animation effect="fade" start="100" end="0" time="200">WindowClose</animation>
                    <aspectratio>keep</aspectratio>
                    <width>56</width>
                    <height>56</height>
                    <texture diffuse="icons/circle.png" colordiffuse="$VAR[ColourFocus]">$INFO[Window(Home).Property(PlexUserImage)]</texture>
                    <visible>System.HasAddon(plugin.video.plexkodiconnect) + !IsEmpty(Window(Home).Property(PlexUserImage))</visible>
                </control>
                <control type="image">
                    <animation effect="fade" start="0" end="100" time="300">WindowOpen</animation>
                    <animation effect="fade" start="100" end="0" time="200">WindowClose</animation>
                    <aspectratio>keep</aspectratio>
                    <width>56</width>
                    <height>56</height>
                    <texture diffuse="icons/circle.png" colordiffuse="$VAR[ColourFocus]">icons/emby.png</texture>
                    <visible>System.HasAddon(plugin.video.emby) + IsEmpty(Window(Home).Property(EmbyUserImage))</visible>
                </control>
                <control type="image">
                    <animation effect="fade" start="0" end="100" time="300">WindowOpen</animation>
                    <animation effect="fade" start="100" end="0" time="200">WindowClose</animation>
                    <aspectratio>keep</aspectratio>
                    <width>56</width>
                    <height>56</height>
                    <texture diffuse="icons/circle.png" colordiffuse="$VAR[ColourFocus]">$INFO[Window(Home).Property(EmbyUserImage)]</texture>
                    <visible>System.HasAddon(plugin.video.emby) + !IsEmpty(Window(Home).Property(EmbyUserImage))</visible>
                </control>
            </control>
            <include>BottomBar</include>
            <control type="group">
                <control type="group">
                    <top>160</top>
                    <left>20</left>
                    <right>20</right>
                    <height>780</height>
                    <control type="group">
                        <control type="label">
                            <left>460</left>
                            <top>-40</top>
                            <width>1387</width>
                            <height>40</height>
                            <label>$VAR[DefMovieHubWidgetLabel]</label>
                            <font>sky30</font>
                            <shadowcolor>text_shadow</shadowcolor>
                        </control>
                        <control type="image">
                            <left>460</left>
                            <width>1387</width>
                            <top>0</top>
                            <bottom>0</bottom>
                            <texture background="true">special://skin/extras/home-images/movies.jpg</texture>
                            <visible>!IntegerGreaterThan(Container(9500).NumItems,0)</visible>
                        </control>
                        <control type="wraplist" id="9500">
                            <description>Widget</description>
                            <left>460</left>
                            <width>1387</width>
                            <top>0</top>
                            <bottom>0</bottom>
                            <onleft>9501</onleft>
                            <onup>9500</onup>
                            <ondown>9500</ondown>
                            <preloaditems>1</preloaditems>
                            <orientation>vertical</orientation>
                            <autoscroll time="10000">!Control.HasFocus(9500)</autoscroll>
                            <scrolltime tween="quadratic">400</scrolltime>
                            <include>Animation.FadeIn</include>
                            <include>Animation.FadeOut</include>
                            <itemlayout width="1387" height="780">
                                <control type="image">
                                    <width>100%</width>
                                    <height>100%</height>
                                    <texture background="true" diffuse="diffuse/home-fanart.png">$VAR[LandscapeImageOnly]</texture>
                                </control>
                                <control type="image">
                                    <centerleft>95%</centerleft>
                                    <top>20</top>
                                    <height>48</height>
                                    <width>48</width>
                                    <texture>$VAR[ListWatchedIconVar]</texture>>
                                </control>
                            </itemlayout>
                            <focusedlayout width="1387" height="780">
                                <control type="button">
                                    <onfocus>SetProperty(SkinHelper.WidgetContainer,9500,Home)</onfocus>
                                    <onfocus condition="Skin.HasSetting(home.blur)">RunScript(script.colorbox,info=blur,id='"$VAR[HomeFanartVar]"',radius=$VAR[BlurLevel],prefix=HomeInfo)</onfocus>
                                    <onfocus condition="Skin.HasSetting(home.twotone)">RunScript(script.colorbox,info=twotone,id='"$VAR[HomeFanartVar]"',black=$VAR[ColourTwoTone1],white=$VAR[ColourTwoTone2],prefix=HomeInfo)</onfocus>
                                    <texturenofocus>-</texturenofocus>
                                    <texturefocus>-</texturefocus>
                                </control>
                                <control type="image">
                                    <width>100%</width>
                                    <height>100%</height>
                                    <texture background="true" diffuse="diffuse/home-fanart.png">$VAR[LandscapeImageOnly]</texture>
                                </control>
                                <control type="image">
                                    <left>0</left>
                                    <top>0</top>
                                    <width>100%</width>
                                    <height>100%</height>
                                    <animation effect="fade" start="0" end="100" time="200">Focus</animation>
                                    <animation effect="fade" start="100" end="0" time="0">Unfocus</animation>
                                    <texture background="true" border="8" colordiffuse="$VAR[ColourFocus]">buttons/thumbnail_focused.png</texture>
                                    <visible>Control.HasFocus(9500)</visible>
                                </control>
                                <control type="image">
                                    <centerleft>95%</centerleft>
                                    <top>20</top>
                                    <height>48</height>
                                    <width>48</width>
                                    <texture>$VAR[ListWatchedIconVar]</texture>>
                                </control>
                            </focusedlayout>
                            <content target="$VAR[DefMovieHubWidgetTarget]">$VAR[DefMovieHubWidget]</content>
                        </control>
                    </control>

                    <control type="group">
                        <control type="image">
                            <left>20</left>
                            <top>-20</top>
                            <width>424</width>
                            <height>822</height>
                            <texture border="22">dialogs/dialog-bg.png</texture>
                        </control>
                        <control type="list" id="9501">
                            <description>Widget</description>
                            <left>20</left>
                            <right>0</right>
                            <top>0</top>
                            <height>780</height>
                            <onright>9500</onright>
                            <onup>9501</onup>
                            <ondown>9501</ondown>
                            <pagecontrol>60</pagecontrol>
                            <preloaditems>2</preloaditems>
                            <orientation>vertical</orientation>
                            <scrolltime tween="quadratic">400</scrolltime>
                            <include>Animation.FadeIn</include>
                            <include>Animation.FadeOut</include>
                            <itemlayout width="380" height="78">
                                <control type="image">
                                    <left>0</left>
                                    <top>0</top>
                                    <width>100%</width>
                                    <height>79</height>
                                    <texture border="90,3,90,3">lists/separator.png</texture>
                                </control>
                                <control type="label">
                                    <left>95</left>
                                    <top>0</top>
                                    <height>70</height>
                                    <width>285</width>
                                    <aligny>center</aligny>
                                    <font>font14</font>
                                    <label>$INFO[ListItem.Label]</label>
                                    <shadowcolor>text_shadow</shadowcolor>
                                </control>
                                <control type="image">
                                    <left>20</left>
                                    <top>1</top>
                                    <width>70</width>
                                    <height>70</height>
                                    <texture>$INFO[ListItem.Icon]</texture>
                                </control>
                            </itemlayout>
                            <focusedlayout width="380" height="78">
                                <control type="button">
                                    <onfocus>SetProperty(SkinHelper.WidgetContainer,9500,Home)</onfocus>
                                    <onfocus condition="Skin.HasSetting(home.blur)">RunScript(script.colorbox,info=blur,id='"$VAR[HomeFanartVar]"',radius=$VAR[BlurLevel],prefix=HomeInfo)</onfocus>
                                    <onfocus condition="Skin.HasSetting(home.twotone)">RunScript(script.colorbox,info=twotone,id='"$VAR[HomeFanartVar]"',black=$VAR[ColourTwoTone1],white=$VAR[ColourTwoTone2],prefix=HomeInfo)</onfocus>
                                    <texturenofocus>-</texturenofocus>
                                    <texturefocus>-</texturefocus>
                                </control>
                                <control type="group">
                                    <visible>Control.HasFocus(9501)</visible>
                                    <control type="image">
                                        <left>0</left>
                                        <top>0</top>
                                        <width>100%</width>
                                        <height>79</height>
                                        <texture border="90,3,90,3">lists/separator.png</texture>
                                    </control>
                                    <control type="image">
                                        <left>22</left>
                                        <top>0</top>
                                        <width>100%</width>
                                        <height>77</height>
                                        <texture colordiffuse="$VAR[ColourFocus]">lists/focus.png</texture>
                                        <visible>Control.HasFocus(9501)</visible>
                                    </control>
                                    <control type="label">
                                        <left>95</left>
                                        <top>0</top>
                                        <height>70</height>
                                        <width>285</width>
                                        <aligny>center</aligny>
                                        <font>font14</font>
                                        <label>$INFO[ListItem.Label]</label>
                                        <shadowcolor>text_shadow</shadowcolor>
                                    </control>
                                    <control type="image">
                                        <left>20</left>
                                        <top>1</top>
                                        <width>70</width>
                                        <height>70</height>
                                        <texture>$INFO[ListItem.Icon]</texture>
                                    </control>
                                    <control type="image">
                                        <left>21</left>
                                        <top>0</top>
                                        <width>68</width>
                                        <height>78</height>
                                        <texture colordiffuse="51FFFFFF">colors/black.png</texture>
                                        <animation effect="fade" start="100" end="0" time="0" condition="!Control.HasFocus(9501)">Conditional</animation>
                                    </control>
                                </control>
                                <control type="image">
                                    <left>20</left>
                                    <top>1</top>
                                    <width>70</width>
                                    <height>70</height>
                                    <texture>$INFO[ListItem.Icon]</texture>
                                </control>
                                <control type="group">
                                    <visible>!Control.HasFocus(9501)</visible>
                                    <control type="label">
                                        <left>95</left>
                                        <top>0</top>
                                        <height>70</height>
                                        <width>285</width>
                                        <aligny>center</aligny>
                                        <font>font14</font>
                                        <label>$INFO[ListItem.Label]</label>
                                        <shadowcolor>text_shadow</shadowcolor>
                                    </control>
                                    <control type="image">
                                        <left>20</left>
                                        <top>1</top>
                                        <width>70</width>
                                        <height>70</height>
                                        <texture colordiffuse="$VAR[ColourFocus]">$INFO[ListItem.Icon]</texture>
                                    </control>
                                </control>
                            </focusedlayout>
                            <content><include>skinshortcuts-group-movieshub</include></content>
                        </control>
                    </control>

                </control>
            </control>
        </control>
    </controls>
</window>
