<?xml version="1.0" encoding="utf-8"?>
<window>
	<defaultcontrol>-</defaultcontrol>
	<backgroundcolor>background</backgroundcolor>
	<onload condition="System.HasAddon(script.artistslideshow)">RunScript(script.artistslideshow)</onload>
	<controls>	
		<control type="image">
			<left>0</left>
			<top>0</top>
			<width>1920</width>
			<height>1080</height>
			<aspectratio>scale</aspectratio>
			<fadetime>400</fadetime>
			<animation effect="fade" start="0" end="100" time="400">WindowOpen</animation>
			<animation effect="fade" start="100" end="0" time="300">WindowClose</animation>
			<texture background="true" colordiffuse="35FFFFFF">$INFO[Player.Art(fanart)]</texture>
			<visible>!Skin.HasSetting(enable_artistslideshow)</visible>
			<animation effect="fade" start="100" end="65" time="0" condition="Skin.HasSetting(enable_visualisation)">Conditional</animation>      
            <animation effect="zoom" start="110" end="130" center="auto" time="10000" tween="sine" easing="inout" pulse="true" condition="Skin.HasSetting(animate_artistslideshow)">Conditional</animation>
            <animation effect="slide" start="-30,-30" end="30,30" time="6000" tween="sine" easing="inout" pulse="true" condition="Skin.HasSetting(animate_artistslideshow)">Conditional</animation>
		</control>
		<control type="multiimage">
			<left>0</left>
			<top>0</top>
			<width>1920</width>
			<height>1080</height>
            		<aspectratio>scale</aspectratio>
            		<timeperimage>5000</timeperimage>
            		<randomize>true</randomize>
            		<fadetime>600</fadetime>
            		<visible>Skin.HasSetting(enable_artistslideshow)</visible>
            		<imagepath background="true">$INFO[Window(Visualisation).Property(ArtistSlideshow)]</imagepath>    
            		<animation effect="fade" start="100" end="65" time="0" condition="Skin.HasSetting(enable_visualisation)">Conditional</animation>      
            		<animation effect="zoom" start="110" end="130" center="auto" time="10000" tween="sine" easing="inout" pulse="true" condition="Skin.HasSetting(animate_artistslideshow)">Conditional</animation>
            		<animation effect="slide" start="-30,-30" end="30,30" time="6000" tween="sine" easing="inout" pulse="true" condition="Skin.HasSetting(animate_artistslideshow)">Conditional</animation>
        	</control>
		<control type="image">
			<texture fallback="special://skin/extras/backgrounds/SKINDEFAULT.jpg">$VAR[GlobalFanartVar]</texture>
			<width>1920</width>
			<height>1080</height>
			<aspectratio align="center">scale</aspectratio>
			<animation effect="fade" start="100" end="50" time="0" condition="!String.IsEmpty(Player.Art(fanart)) | !String.IsEmpty(Visualisation.Name)">Conditional</animation>
		</control>
		<control type="visualisation">
			<include>FullScreenDimensions</include>
			<visible>Player.HasAudio</visible>
			<visible>Skin.HasSetting(enable_visualisation)</visible>
		</control>
		
		<control type="group">
				<left>76</left>
				<top>150</top>
				<include>OpenClose_Left</include>
				<include>Visible_Left</include>
				<visible>Player.ShowInfo | Window.IsActive(musicosd)</visible>
				<control type="image">
					<left>28</left>
					<top>16</top>
					<width>470</width>
					<height>470</height>
					<aligny>top</aligny>
					<aspectratio align="left">keep</aspectratio>
					<fadetime>300</fadetime>
					<animation effect="slide" end="240,0" time="300" reverisble="true" condition="Player.Playing">Conditional</animation>
					<animation effect="slide" end="0,0" time="300" reverisble="true" condition="!Player.Playing">Conditional</animation>
					<animation effect="rotate" end="-360" center="auto" time="4800" loop="true" reversible="false" condition="Skin.HasSetting(show_disc)">Conditional</animation>
					<texture background="true" fallback="osd/cd.png">$INFO[Player.FolderPath]cdart.png</texture>
					<visible>Skin.HasSetting(show_disc)</visible>
				</control>
				<control type="image">
					<animation effect="fade" time="300">Visible</animation>
		            <animation effect="fade" time="300">Hidden</animation>
		            <top>5</top>
					<width>497</width>
					<height>490</height>
					<aspectratio>stretch</aspectratio>
					<texture fallback="DefaultAlbumCover.png">$INFO[MusicPlayer.Cover]</texture>
				</control>
				<control type="image">
					<left>-47</left>
					<top>0</top>
					<width>550</width>
					<height>500</height>
					<aspectratio align="right">keep</aspectratio>
					<texture>osd/cdcase.png</texture>
				</control>
				<control type="label">
					<left>-208</left>
					<top>252</top>
					<width>400</width>
					<height>40</height>
					<angle>270</angle>
					<align>center</align>
					<font>Font-MusicOSD</font>
					<label>[UPPERCASE]$INFO[MusicPlayer.Property(Album_Label)][/UPPERCASE]</label>
				</control>
			</control>

		<control type="group">
			<top>-30</top>
			<visible>Player.ShowInfo | Window.IsActive(musicosd)</visible>
			<include>OpenClose_Right</include>
			<include>Visible_Right</include>
			<control type="image">
				<left>-10</left>
				<top>680</top>
				<width>1960</width>
				<height>420</height>
				<texture colordiffuse="ff000000" border="40">buttons/dialogbutton-nofo.png</texture>
			</control>
			<control type="group">
				<left>80</left>
				<top>717</top>
				<control type="label">
					<top>0</top>
					<width>1600</width>
					<height>40</height>
					<label>$INFO[MusicPlayer.Artist]</label>
					<font>font30_title</font>
					<shadowcolor>black</shadowcolor>
					<textcolor>$VAR[ColourFocus]</textcolor>
					<scroll>true</scroll>
				</control>
				<control type="label">
					<top>56</top>
					<width>1600</width>
					<height>40</height>
					<label>[COLOR grey]$INFO[MusicPlayer.Album][/COLOR]$INFO[MusicPlayer.Year, (,) ]</label>
					<font>font24_title</font>
					<shadowcolor>black</shadowcolor>
					<textcolor>$VAR[ColourFocus]</textcolor>
					<scroll>true</scroll>
				</control>
				<control type="label">
					<top>100</top>
					<width>1600</width>
					<height>40</height>
					<label>[I]$INFO[MusicPlayer.TrackNumber,,: ][COLOR=grey]$INFO[Player.Title][/COLOR]$INFO[MusicPlayer.DiscNumber, - $LOCALIZE[427] ,][/I]</label>
					<font>font30_title</font>
					<shadowcolor>black</shadowcolor>
					<textcolor>grey</textcolor>
					<scroll>true</scroll>
				</control>
			</control>
			<control type="image">
				<include>OpenClose_Right</include>
				<left>1090</left>
				<top>202</top>
				<width>798</width>
				<height>474</height>
				<aspectratio>scale</aspectratio>
				<texture background="true" border="2">$INFO[Player.Art(fanart)]</texture>
				<bordertexture colordiffuse="border_alpha">colors/black.png</bordertexture>
				<bordersize>4</bordersize>
				<visible>!String.IsEmpty(Player.Art(fanart))</visible>
				<visible>![Window.IsActive(VisualisationSettings) | Window.IsActive(VisualisationPresetList)]</visible>
				<visible>![Skin.HasSetting(enable_artistslideshowthumb) + Skin.HasSetting(enable_artistslideshow)]</visible>
				<animation effect="fade" start="0" end="100" delay="400" time="200">Visible</animation>
				<animation effect="fade" end="0" time="200">Hidden</animation>
				<animation effect="fade" start="0" end="100" time="300" tween="sine" delay="300" easing="out" condition="!Window.IsVisible(script-cu-lrclyrics-main.xml)">Conditional</animation>
				<animation effect="slide" start="320" end="0" time="400" delay="300" tween="cubic" easing="out" condition="!Window.IsVisible(script-cu-lrclyrics-main.xml)">Conditional</animation>
				<animation effect="fade" start="100" end="0" time="300" tween="sine" delay="300" easing="out" condition="Window.IsVisible(script-cu-lrclyrics-main.xml)">Conditional</animation>
				<animation effect="slide" start="0" end="320" time="400" delay="300" tween="cubic" easing="out" condition="Window.IsVisible(script-cu-lrclyrics-main.xml)">Conditional</animation>
			</control>
			<control type="image">
				<include>OpenClose_Right</include>
				<left>1083</left>
				<top>198</top>
				<width>806</width>
				<height>482</height>
				<texture background="true" colordiffuse="border_alpha">colors/black.png</texture>
				<visible>![Window.IsActive(VisualisationSettings) | Window.IsActive(VisualisationPresetList)]</visible>
				<visible>Skin.HasSetting(enable_artistslideshowthumb) + Skin.HasSetting(enable_artistslideshow)</visible>
				<animation effect="fade" start="0" end="100" delay="400" time="200">Visible</animation>
				<animation effect="fade" end="0" time="200">Hidden</animation>
				<animation effect="fade" start="0" end="100" time="300" tween="sine" delay="300" easing="out" condition="!Window.IsVisible(script-cu-lrclyrics-main.xml)">Conditional</animation>
				<animation effect="slide" start="320" end="0" time="400" delay="300" tween="cubic" easing="out" condition="!Window.IsVisible(script-cu-lrclyrics-main.xml)">Conditional</animation>
				<animation effect="fade" start="100" end="0" time="300" tween="sine" delay="300" easing="out" condition="Window.IsVisible(script-cu-lrclyrics-main.xml)">Conditional</animation>
				<animation effect="slide" start="0" end="320" time="400" delay="300" tween="cubic" easing="out" condition="Window.IsVisible(script-cu-lrclyrics-main.xml)">Conditional</animation>
			</control>
			<control type="multiimage">
				<include>OpenClose_Right</include>
				<left>1087</left>
				<top>202</top>
				<width>798</width>
				<height>474</height>
				<aspectratio>scale</aspectratio>
				<timeperimage>5000</timeperimage>
            	<randomize>true</randomize>
           		<fadetime>600</fadetime>
				<imagepath background="true">$INFO[Window(Visualisation).Property(ArtistSlideshow)]</imagepath>          
				<visible>![Window.IsActive(VisualisationSettings) | Window.IsActive(VisualisationPresetList)]</visible>
				<visible>Skin.HasSetting(enable_artistslideshowthumb) + Skin.HasSetting(enable_artistslideshow)</visible>
				<animation effect="fade" start="0" end="100" delay="400" time="200">Visible</animation>
				<animation effect="fade" end="0" time="200">Hidden</animation>
				<animation effect="fade" start="0" end="100" time="300" tween="sine" delay="300" easing="out" condition="!Window.IsVisible(script-cu-lrclyrics-main.xml)">Conditional</animation>
				<animation effect="slide" start="320" end="0" time="400" delay="300" tween="cubic" easing="out" condition="!Window.IsVisible(script-cu-lrclyrics-main.xml)">Conditional</animation>
				<animation effect="fade" start="100" end="0" time="300" tween="sine" delay="300" easing="out" condition="Window.IsVisible(script-cu-lrclyrics-main.xml)">Conditional</animation>
				<animation effect="slide" start="0" end="320" time="400" delay="300" tween="cubic" easing="out" condition="Window.IsVisible(script-cu-lrclyrics-main.xml)">Conditional</animation>
			</control>
			<control type="group">
				<top>-46</top>
				<visible>!Window.IsActive(musicosd)</visible>
				<animation effect="fade" start="0" end="100" delay="400" time="200">Visible</animation>
				<animation effect="fade" end="0" time="200">Hidden</animation>
				<animation effect="fade" start="0" end="100" delay="400" time="200">WindowOpen</animation>
				<animation effect="fade" end="0" time="200">WindowClose</animation>
				<control type="image">
					<right>80</right>
					<top>990</top>
					<width>122</width>
					<height>122</height>
					<texture background="true" border="2" fallback="DefaultAlbumCover.png">$INFO[MusicPlayer.offset(1).Cover]</texture>
					<bordertexture colordiffuse="FF494949">dialogs/white.png</bordertexture>
					<bordersize>2</bordersize>
					<visible>!String.IsEmpty(MusicPlayer.Offset(1).Title)</visible>
				</control>
				<control type="image">
					<right>212</right>
					<top>1029</top>
					<width>16</width>
					<height>18</height>
					<texture colordiffuse="$VAR[ColourFocus]">osd/arrow.png</texture>
					<visible>!String.IsEmpty(MusicPlayer.Offset(1).Title)</visible>
				</control>
				<control type="textbox">
					<left>434</left>
					<top>990</top>
					<width>1250</width>
					<align>right</align>
					<height>122</height>
					<label>[B][UPPERCASE]$LOCALIZE[31024][/UPPERCASE][/B][CR][COLOR grey]$INFO[MusicPlayer.Offset(1).Title,, - ][/COLOR][COLOR subwhite]$INFO[MusicPlayer.Offset(1).Artist][/COLOR][COLOR grey]$INFO[MusicPlayer.Offset(1).Duration, - ,][/COLOR][CR][COLOR grey]$INFO[MusicPlayer.Offset(2).Title,, - ][/COLOR][COLOR subwhite]$INFO[MusicPlayer.Offset(2).Artist][/COLOR][COLOR grey]$INFO[MusicPlayer.Offset(2).Duration, - ,][/COLOR][CR][COLOR grey]$INFO[MusicPlayer.Offset(3).Title,, - ][/COLOR][COLOR subwhite]$INFO[MusicPlayer.Offset(3).Artist][/COLOR][COLOR grey]$INFO[MusicPlayer.Offset(3).Duration, - ,][/COLOR]</label>
					<textcolor>$VAR[ColourFocus]</textcolor>
					<font>font12</font>
					<visible>!String.IsEmpty(MusicPlayer.Offset(1).Title)</visible>
				</control>
				<control type="image">
					<left>80</left>
					<top>1030</top>
					<width>150</width>
					<height>58</height>
					<texture colordiffuse="grey">$INFO[MusicPlayer.Codec,flags/audiocodec/,.png]</texture>
					<aspectratio>keep</aspectratio>
				</control>
				<control type="image">
					<left>235</left>
					<top>1030</top>
					<width>150</width>
					<height>58</height>
					<texture colordiffuse="grey">$INFO[MusicPlayer.Channels,flags/audiochannel/,.png]</texture>
					<aspectratio>keep</aspectratio>
				</control>
				<control type="group">
                                	<width>200</width>
                                	<height>58</height>
                                	<left>388</left>
					<top>1030</top>
                            			<control type="image">
                                			<width>200</width>
                                			<height>58</height>
                                			<texture colordiffuse="grey">flags/cadre.png</texture>
                                			<aspectratio>keep</aspectratio>
                                			<visible>!String.IsEmpty(MusicPlayer.Bitrate)</visible>
                            			</control>
                            			<control type="label">
                                			<width>200</width>
                                			<height>58</height>
                                			<align>center</align>
                                			<top>-4</top>
                                			<label>$INFO[MusicPlayer.BitRate] kbps</label>
                                			<font>Font-Flag2</font>                  
                                			<textcolor>grey</textcolor>
                                			<visible>!String.IsEmpty(MusicPlayer.Bitrate)</visible>
                            			</control>
                            	</control>
			</control>
			<control type="label">
				<left>1840</left>
				<top>834</top>
				<width>400</width>
				<height>45</height>
				<align>right</align>
				<aligny>bottom</aligny>
				<label>$INFO[Player.Time]$INFO[Player.Duration, / ]</label>
				<font>font30_title</font>
				<shadowcolor>black</shadowcolor>
				<textcolor>grey</textcolor>
				<animation effect="fade" start="0" end="100" delay="400" time="200">WindowOpen</animation>
				<animation effect="fade" end="0" time="200">WindowClose</animation>
			</control>
			<control type="progress">
				<animation effect="fade" end="0" time="200">WindowClose</animation>
				<left>30</left>
				<top>900</top>
				<width>1858</width>
				<height>30</height>
				<info>Player.ProgressCache</info>
				<texturebg border="3" colordiffuse="00FFFFFF">colors/white50.png</texturebg>
				<midtexture colordiffuse="$VAR[ColourFocus]">colors/white50.png</midtexture>
				<animation effect="fade" start="100" end="80" time="0" condition="true">Conditional</animation>
			</control>
			<control type="progress" id="23">
				<animation effect="fade" end="0" time="200">WindowClose</animation>
				<left>30</left>
				<top>900</top>
				<width>1858</width>
				<height>30</height>
				<info>Player.Progress</info>
				<texturebg border="3" colordiffuse="80FFFFFF">colors/white50.png</texturebg>
				<midtexture colordiffuse="$VAR[ColourFocus]">colors/white50.png</midtexture>
			</control>
		</control>
		<control type="group">
			<visible>Player.ShowInfo | Window.IsActive(musicosd)</visible>
			<animation effect="fade" start="0" end="100" time="200">Visible</animation>
			<animation effect="fade" end="0" time="200">Hidden</animation>
			<include content="TopBar">
				<param name="breadcrumbs_label" value="$LOCALIZE[250]" />
				<param name="breadcrumbs_icon" value="icons/settings/music.png" />
			</include>
		</control>
	</controls>
</window>
