<?xml version="1.0" encoding="utf-8"?>
<window type="dialog">
    <allowoverlay>no</allowoverlay>
    <defaultcontrol always="false">4000</defaultcontrol>
    <coordinates>
        <system>1</system>
        <posx>100</posx>
        <posy>100</posy>
    </coordinates>

    <controls>

        <control type="image">
            <posx>0</posx>
            <posy>0</posy>
            <width>1080</width>
            <height>520</height>
            <texture>background.png</texture>
            <visible>true</visible>
        </control>

        <control type="image" id="4100">
            <description>channel logo</description>
            <posx>20</posx>
            <posy>10</posy>
            <width>300</width>
            <height>80</height>
            <align>center</align>
            <aligny>center</aligny>
            <aspectratio>keep</aspectratio>
            <visible>true</visible>
        </control>

        <control type="button" id="80003">
            <description>add category</description>
            <posx>20</posx>
            <posy>100</posy>
            <width>300</width>
            <height>40</height>
            <texturefocus>tvg-button-focus.png</texturefocus>
            <texturenofocus>tvg-button-nofocus.png</texturenofocus>
            <onup>-</onup>
            <ondown>80004</ondown>
            <onright>4006</onright>
            <align>center</align>
            <aligny>center</aligny>
            <font>font13</font>
            <textcolor>white</textcolor>
			<focusedcolor>black</focusedcolor>
            <label>Add Category</label>
            <visible>true</visible>
        </control>
        <control type="button" id="80004">
            <!-- remove catrgory -->
            <posx>20</posx>
            <posy>145</posy>
            <width>300</width>
            <height>40</height>
            <texturefocus>tvg-button-focus.png</texturefocus>
            <texturenofocus>tvg-button-nofocus.png</texturenofocus>
            <onup>80003</onup>
            <ondown>7004</ondown>
            <onright>4006</onright>
            <align>center</align>
            <aligny>center</aligny>
            <font>font13</font>
            <textcolor>white</textcolor>
            <focusedcolor>black</focusedcolor>
            <label>Show Channels View</label>
            <visible>false</visible>
        </control>
        <control type="list" id="7004">
            <description>categories</description>
            <left>20</left>
            <top>145</top>
            <width>1280</width>
            <height>100</height>
            <visible>true</visible>
            <onup>80004</onup>
            <ondown>4000</ondown>
            <onleft>1</onleft>
            <onright>4006</onright>
            <viewtype label="3D list">list</viewtype>
            <orientation>vertical</orientation>

            <itemlayout width="200" height="50">
                <control type="image">
                    <posx>0</posx>
                    <posy>0</posy>
                    <width>300</width>
                    <height>40</height>
                    <texture>tvg-button-nofocus.png</texture>
                    <visible>true</visible>
                </control>
                <control type="label">
                    <left>0</left>
                    <top>0</top>
                    <width>300</width>
                    <height>40</height>
                    <font>font13</font>
                    <align>center</align>
                    <aligny>center</aligny>
                    <textcolor>white</textcolor>
                    <selectedcolor>red</selectedcolor>
                    <align>left</align>
                    <info>ListItem.Label</info>
                </control>
            </itemlayout>
            <focusedlayout height="50" width="200">
                <control type="image">
                    <posx>0</posx>
                    <posy>0</posy>
                    <width>300</width>
                    <height>40</height>
                    <texture>tvg-button-nofocus.png</texture>
                    <visible>!Control.HasFocus(7004)</visible>
                </control>
                <control type="image">
                    <posx>0</posx>
                    <posy>0</posy>
                    <width>300</width>
                    <height>40</height>
                    <texture>tvg-button-focus.png</texture>
                    <visible>Control.HasFocus(7004)</visible>
                </control>
                <control type="label">
                    <left>0</left>
                    <top>0</top>
                    <width>300</width>
                    <height>40</height>
                    <font>font13</font>
                    <align>center</align>
                    <aligny>center</aligny>
                    <textcolor>white</textcolor>
                    <selectedcolor>red</selectedcolor>
                    <align>left</align>
                    <info>ListItem.Label</info>
                </control>
                <control type="label">
                    <left>0</left>
                    <top>0</top>
                    <width>300</width>
                    <height>40</height>
                    <font>font13</font>
                    <align>center</align>
                    <aligny>center</aligny>
                    <textcolor>black</textcolor>
                    <selectedcolor>red</selectedcolor>
                    <align>left</align>
                    <info>ListItem.Label</info>
                    <visible>Control.HasFocus(7004)</visible>
                </control>
            </focusedlayout>
        </control>

        <control type="image">
            <description>program background</description>
            <posx>332</posx>
            <posy>10</posy>
            <width>730</width>
            <height>500</height>
            <texture>grey.png</texture>
            <visible>true</visible>
        </control>
        <control type="image">
            <description>program background</description>
            <posx>334</posx>
            <posy>12</posy>
            <width>726</width>
            <height>496</height>
            <texture>tvg-button-nofocus.png</texture>
            <visible>true</visible>
        </control>

        <control type="image" id="7002">
            <description>program image</description>
            <posx>344</posx>
            <posy>240</posy>
            <width>700</width>
            <height>260</height>
            <align>left</align>
            <aligny>top</aligny>
            <aspectratio>keep</aspectratio>
            <texture>-</texture>
            <visible>!Player.HasMedia</visible>
        </control>
        <control type="videowindow">
            <description>video window pip</description>
            <posx>344</posx>
            <posy>240</posy>
            <width>700</width>
            <height>260</height>
            <aligny>top</aligny>
            <aspectratio>keep</aspectratio>
            <visible>Player.HasMedia</visible>
        </control>

        <control type="label" id="7001">
            <description>program title</description>
            <posx>344</posx>
            <posy>50</posy>
            <width>706</width>
            <height>50</height>
            <textcolor>ddffffff</textcolor>
            <shadowcolor>22000000</shadowcolor>
            <font>font13_title</font>
            <align>left</align>
            <aligny>top</aligny>
            <label/>
        </control>

        <control type="label" id="7003">
            <description>program date and time</description>
            <posx>1044</posx>
            <posy>50</posy>
            <width>200</width>
            <height>50</height>
            <textcolor>ddffffff</textcolor>
            <shadowcolor>22000000</shadowcolor>
            <font>font13_title</font>
            <align>right</align>
            <aligny>top</aligny>
            <label></label>
        </control>

        <control type="label" id="7000">
            <description>program description</description>
            <posx>344</posx>
            <posy>84</posy>
            <width>706</width>
            <height>144</height>
            <textcolor>bbffffff</textcolor>
            <font>font13</font>
            <align>left</align>
            <aligny>top</aligny>
            <wrapmultiline>true</wrapmultiline>
			<autoscroll time="3600" delay="6000" repeat="6000">true</autoscroll>
            <label/>
        </control>

        <control type="label" id="4101">
			<description>channel title</description>
            <posx>344</posx>
            <posy>6</posy>
            <width>700</width>
            <height>50</height>
            <align>center</align>
            <aligny>center</aligny>
            <font>font24_title</font>
            <textcolor>ee00B8FF</textcolor>
            <visible>true</visible>
            <label>-</label>
        </control>

        <control type="grouplist">
            <orientation>vertical</orientation>
            <itemgap>10</itemgap>
            <posx>20</posx>
            <posy>260</posy>
            <height>240</height>
            <onup>7004</onup>
            <control type="button" id="4000">
                <!-- Watch Stream -->
                <width>300</width>
                <height>40</height>
                <texturefocus>tvg-button-focus.png</texturefocus>
                <texturenofocus>tvg-button-nofocus.png</texturenofocus>
                <onup>4008</onup>
                <ondown>4001</ondown>
                <onleft>7004</onleft>
                <align>center</align>
                <aligny>center</aligny>
                <font>font13</font>
                <textcolor>white</textcolor>
                <focusedcolor>black</focusedcolor>
                <visible>!Player.HasMedia</visible>
            </control>
            <control type="button" id="4001">
                <!-- Choose Stream -->
                <width>300</width>
                <height>40</height>
                <texturefocus>tvg-button-focus.png</texturefocus>
                <texturenofocus>tvg-button-nofocus.png</texturenofocus>
                <onup>4000</onup>
                <ondown>4007</ondown>
                <onleft>7004</onleft>
                <align>center</align>
                <aligny>center</aligny>
                <font>font13</font>
                <textcolor>white</textcolor>
                <focusedcolor>black</focusedcolor>
                <label>Choose Stream</label>
            </control>
            <control type="button" id="4007">
                <!-- Stream Setup -->
                <width>300</width>
                <height>40</height>
                <texturefocus>tvg-button-focus.png</texturefocus>
                <texturenofocus>tvg-button-nofocus.png</texturenofocus>
                <onup>4001</onup>
                <ondown>4003</ondown>
                <onleft>7004</onleft>
                <align>center</align>
                <aligny>center</aligny>
                <font>font13</font>
                <textcolor>white</textcolor>
                <focusedcolor>black</focusedcolor>
                <label>Stream Setup</label>
            </control>

            <control type="button" id="4003">
                <!-- CHANNELS -->
                <width>300</width>
                <height>40</height>
                <texturefocus>tvg-button-focus.png</texturefocus>
                <texturenofocus>tvg-button-nofocus.png</texturenofocus>
                <onup>4007</onup>
                <ondown>4006</ondown>
                <onleft>7004</onleft>
                <align>center</align>
                <aligny>center</aligny>
                <font>font13</font>
                <textcolor>white</textcolor>
                <focusedcolor>black</focusedcolor>
                <label>$ADDON[script.tvguide.dvr 30307]</label>
            </control>

            <control type="button" id="4002">
                <!-- REMINDER -->
                <width>300</width>
                <height>40</height>
                <texturefocus>tvg-button-focus.png</texturefocus>
                <texturenofocus>tvg-button-nofocus.png</texturenofocus>
                <onup>4005</onup>
                <ondown>4008</ondown>
                <onleft>7004</onleft>
                <align>center</align>
                <aligny>center</aligny>
                <font>font13</font>
                <textcolor>white</textcolor>
                <focusedcolor>black</focusedcolor>
            </control>

            <control type="button" id="4008">
                <description>autoplay</description>
                <width>300</width>
                <height>40</height>
                <texturefocus>tvg-button-focus.png</texturefocus>
                <texturenofocus>tvg-button-nofocus.png</texturenofocus>
                <onup>4002</onup>
                <ondown>4000</ondown>
                <onleft>7004</onleft>
                <align>center</align>
                <aligny>center</aligny>
                <font>font13</font>
                <textcolor>white</textcolor>
                <focusedcolor>black</focusedcolor>
                <label>Autoplay</label>
            </control>


            <control type="button" id="4006">
                <!-- super favourites -->
                <width>300</width>
                <height>40</height>
                <texturefocus>tvg-button-focus.png</texturefocus>
                <texturenofocus>tvg-button-nofocus.png</texturenofocus>
                <onup>4003</onup>
                <ondown>4005</ondown>
                <onleft>7004</onleft>
                <align>center</align>
                <aligny>center</aligny>
                <font>font13</font>
                <textcolor>white</textcolor>
                <focusedcolor>black</focusedcolor>
                <label>iSearch</label>
            </control>

            <control type="button" id="4005">
                <!-- watch from beginning -->
                <width>300</width>
                <height>40</height>
                <texturefocus>tvg-button-focus.png</texturefocus>
                <texturenofocus>tvg-button-nofocus.png</texturenofocus>
                <onup>4006</onup>
                <ondown>4002</ondown>
                <onleft>7004</onleft>
                <align>center</align>
                <aligny>center</aligny>
                <font>font13</font>
                <textcolor>white</textcolor>
                <focusedcolor>black</focusedcolor>
                <label>Meta Search</label>
            </control>

            <control type="button" id="80000">
                <!-- MY MOVIES -->
                <width>300</width>
                <height>40</height>
                <texturefocus>tvg-button-focus.png</texturefocus>
                <texturenofocus>tvg-button-nofocus.png</texturenofocus>
                <onup>4002</onup>
                <ondown>80001</ondown>
                <onleft>7004</onleft>
                <align>center</align>
                <aligny>center</aligny>
                <font>font13</font>
                <textcolor>white</textcolor>
                <label>$ADDON[script.tvguide.dvr 80000]</label>
            </control>

            <control type="button" id="80001">
                <!-- MY TV SHOWS -->
                <width>300</width>
                <height>40</height>
                <texturefocus>tvg-button-focus.png</texturefocus>
                <texturenofocus>tvg-button-nofocus.png</texturenofocus>
                <onup>80000</onup>
                <ondown>80002</ondown>
                <onleft>7004</onleft>
                <align>center</align>
                <aligny>center</aligny>
                <font>font13</font>
                <textcolor>white</textcolor>
                <focusedcolor>black</focusedcolor>
                <label>$ADDON[script.tvguide.dvr 80001]</label>
            </control>

            <control type="button" id="80002">
                <!-- VIDEO ADDONS -->
                <width>300</width>
                <height>40</height>
                <texturefocus>tvg-button-focus.png</texturefocus>
                <texturenofocus>tvg-button-nofocus.png</texturenofocus>
                <onup>80001</onup>
                <ondown>4006</ondown>
                <onleft>7004</onleft>
                <align>center</align>
                <aligny>center</aligny>
                <font>font13</font>
                <textcolor>white</textcolor>
                <focusedcolor>black</focusedcolor>
                <label>$ADDON[script.tvguide.dvr 80002]</label>
            </control>

            <control type="button" id="4004">
                <!-- QUIT -->
                <width>300</width>
                <height>40</height>
                <texturefocus>tvg-button-focus.png</texturefocus>
                <texturenofocus>tvg-button-nofocus.png</texturenofocus>
                <onup>4003</onup>
                <ondown>80000</ondown>
                <onleft>7004</onleft>
                <align>center</align>
                <aligny>center</aligny>
                <font>font13</font>
                <textcolor>white</textcolor>
                <focusedcolor>black</focusedcolor>
                <label>$ADDON[script.tvguide.dvr 30308]</label>
            </control>


        </control>

        <control type="label" id="4102">
            <!-- Show Title -->
            <posx>20</posx>
            <posy>525</posy>
            <width>200</width>
            <height>40</height>
            <align>center</align>
            <aligny>center</aligny>
            <font>font13</font>
            <textcolor>white</textcolor>
            <visible>false</visible>
        </control>


    </controls>
</window>
