<?xml version="1.0" encoding="UTF-8"?>
<window>
    <defaultcontrol always="true">8</defaultcontrol>
    <onload>SetProperty(infobackground,$INFO[ListItem.Art(fanart)],home)</onload>
    <onunload>ClearProperty(infobackground,home)</onunload>
    <controls>
        <control type="image">
            <texture>$VAR[ColorboxImage]</texture>
            <width>1920</width>
            <height>1080</height>
            <aspectratio align="center">scale</aspectratio>
            <animation effect="fade" start="0" end="100" time="100">WindowOpen</animation>
            <animation effect="fade" start="100" end="0" time="100">WindowClose</animation>
            <animation effect="fade" start="100" end="75" time="0" condition="true">Conditional</animation>
            <visible>false</visible>
        </control>
        <control type="image">
            <texture>background.png</texture>
            <colordiffuse>$VAR[ColorBackgroundVar]</colordiffuse>
            <width>1920</width>
            <height>1080</height>
            <aspectratio align="center">scale</aspectratio>
            <animation effect="fade" start="0" end="100" time="100">WindowOpen</animation>
            <animation effect="fade" start="100" end="0" time="100">WindowClose</animation>
             <visible>false</visible>
        </control>
        <control type="group">
            <animation effect="fade" start="100" end="0" time="200" tween="sine" condition="Window.IsVisible(script-ExtendedInfo Script-DialogVideoInfo.xml) | Window.IsVisible(script-ExtendedInfo Script-DialogInfo.xml) | Window.IsVisible(script-ExtendedInfo Script-VideoList.xml)">Conditional</animation>
            <control type="group">
                <top>153</top>
                <left>90</left>
                <include>OpenClose_Left</include>
                <visible>!String.IsEqual(ListItem.DBType,musicvideo)</visible>
                <control type="image">
                    <top>-16</top>
                    <left>-16</left>
                    <width>509</width>
                    <height>708</height>
                    <texture>colors/black.png</texture>
                    <bordertexture border="20">overlays/shadow.png</bordertexture>
                    <bordersize>20</bordersize>
                </control>
                <control type="image">
                    <left>4</left>
                    <top>4</top>
                    <width>469</width>
                    <height>668</height>
                    <aspectratio>stretch</aspectratio>
                    <texture fallback="DefaultVideo.png">$VAR[PosterImage]</texture>
                </control>
                <control type="image">
                    <left>4</left>
                    <top>4</top>
                    <width>469</width>
                    <height>668</height>
                    <aspectratio>stretch</aspectratio>
                    <texture background="true" diffuse="diffuse/colorbox_poster_mask.png" colordiffuse="$VAR[ColourFocus]">$VAR[FocusImage]</texture>
                    <visible>false</visible>
                </control>

                <control type="group">
                    <visible>String.IsEqual(ListItem.DBType,episode)</visible>
                    <visible>!String.IsEmpty(ListItem.Thumb) + !String.IsEqual(ListItem.Thumb,ListItem.Art(poster))</visible>
                    <control type="image">
                        <left>4</left>
                        <top>4</top>
                        <width>469</width>
                        <height>668</height>
                        <aspectratio>stretch</aspectratio>
                        <texture colordiffuse="AAFFFFFF" fallback="DefaultVideo.png">colors/black.png</texture>
                    </control>
                    <control type="image">
                        <left>20</left>
                        <top>4</top>
                        <width>439</width>
                        <height>668</height>
                        <aspectratio>keep</aspectratio>
                        <texture>$INFO[ListItem.Thumb]</texture>
                        <bordertexture border="20">overlays/shadow.png</bordertexture>
                        <bordersize>20</bordersize>
                    </control>
                </control>
            </control>
            <control type="group">
                <top>139</top>
                <left>74</left>
                <visible>String.IsEqual(ListItem.DBType,musicvideo)</visible>
                <include>OpenClose_Left</include>
                <control type="image">
                    <width>509</width>
                    <height>509</height>
                    <aspectratio>scale</aspectratio>
                    <texture>$INFO[ListItem.Thumb]</texture>
                    <bordertexture border="20">overlays/shadow.png</bordertexture>
                    <bordersize>20</bordersize>
                </control>
            </control>
            <control type="group">
                <top>834</top>
                <left>70</left>
                <width>517</width>
                <height>142</height>
                <include>OpenClose_Left</include>
                <visible>!String.IsEqual(ListItem.DBType,musicvideo)</visible>
                <control type="image">
                    <width>517</width>
                    <height>142</height>
                    <texture border="40">buttons/button-nofo.png</texture>
                    <visible>![String.IsEmpty(ListItem.Property(SubtitleLanguage.1)) + String.IsEmpty(ListItem.Property(AudioLanguage.1))]</visible>
                </control>
                <control type="grouplist">
                    <visible>String.IsEmpty(ListItem.Property(SubtitleLanguage.1))</visible>
                    <itemgap>5</itemgap>
                    <orientation>horizontal</orientation>
                    <align>center</align>
                    <left>10</left>
                    <right>10</right>
                    <top>51</top>
                    <height>40</height>
                    <control type="image">
                        <width>40</width>
                        <height>40</height>
                        <aspectratio>keep</aspectratio>
                        <texture colordiffuse="ListLabel">icons/infodialogs/audio.png</texture>
                        <visible>!String.IsEmpty(ListItem.Property(AudioLanguage.1))</visible>
                    </control>
                    <control type="image">
                        <width>10</width>
                        <height>10</height>
                        <aspectratio>keep</aspectratio>
                        <texture colordiffuse="ListLabel"></texture>
                        <visible>!String.IsEmpty(ListItem.Property(AudioLanguage.1))</visible>
                    </control>
                    <control type="image">
                        <width>40</width>
                        <height>40</height>
                        <aspectratio>keep</aspectratio>
                        <texture>$INFO[ListItem.Property(AudioLanguage.1),icons/infodialogs/flags/,.png]</texture>
                        <visible>!String.IsEmpty(ListItem.Property(AudioLanguage.1))</visible>
                    </control>
                    <control type="image">
                        <width>40</width>
                        <height>40</height>
                        <aspectratio>keep</aspectratio>
                        <texture>$INFO[ListItem.Property(AudioLanguage.2),icons/infodialogs/flags/,.png]</texture>
                        <visible>!String.IsEmpty(ListItem.Property(AudioLanguage.2))</visible>
                    </control>
                    <control type="image">
                        <width>40</width>
                        <height>40</height>
                        <aspectratio>keep</aspectratio>
                        <texture>$INFO[ListItem.Property(AudioLanguage.3),icons/infodialogs/flags/,.png]</texture>
                        <visible>!String.IsEmpty(ListItem.Property(AudioLanguage.3))</visible>
                    </control>
                    <control type="image">
                        <width>40</width>
                        <height>40</height>
                        <aspectratio>keep</aspectratio>
                        <texture>$INFO[ListItem.Property(AudioLanguage.4),icons/infodialogs/flags/,.png]</texture>
                        <visible>!String.IsEmpty(ListItem.Property(AudioLanguage.4))</visible>
                    </control>
                    <control type="image">
                        <width>40</width>
                        <height>40</height>
                        <aspectratio>keep</aspectratio>
                        <texture>$INFO[ListItem.Property(AudioLanguage.5),icons/infodialogs/flags/,.png]</texture>
                        <visible>!String.IsEmpty(ListItem.Property(AudioLanguage.5))</visible>
                    </control>
                    <control type="image">
                        <width>40</width>
                        <height>40</height>
                        <aspectratio>keep</aspectratio>
                        <texture>$INFO[ListItem.Property(AudioLanguage.6),icons/infodialogs/flags/,.png]</texture>
                        <visible>!String.IsEmpty(ListItem.Property(AudioLanguage.6))</visible>
                    </control>
                    <control type="image">
                        <width>40</width>
                        <height>40</height>
                        <aspectratio>keep</aspectratio>
                        <texture>$INFO[ListItem.Property(AudioLanguage.7),icons/infodialogs/flags/,.png]</texture>
                        <visible>!String.IsEmpty(ListItem.Property(AudioLanguage.7))</visible>
                    </control>
                </control>

                <control type="grouplist">
                    <visible>!String.IsEmpty(ListItem.Property(SubtitleLanguage.1))</visible>
                    <itemgap>5</itemgap>
                    <orientation>horizontal</orientation>
                    <align>center</align>
                    <left>10</left>
                    <right>10</right>
                    <top>28</top>
                    <height>40</height>
                    <control type="image">
                        <width>40</width>
                        <height>40</height>
                        <aspectratio>keep</aspectratio>
                        <texture colordiffuse="ListLabel">icons/infodialogs/audio.png</texture>
                        <visible>!String.IsEmpty(ListItem.Property(AudioLanguage.1))</visible>
                    </control>
                    <control type="image">
                        <width>10</width>
                        <height>10</height>
                        <aspectratio>keep</aspectratio>
                        <texture colordiffuse="ListLabel"></texture>
                        <visible>!String.IsEmpty(ListItem.Property(AudioLanguage.1))</visible>
                    </control>
                    <control type="image">
                        <width>40</width>
                        <height>40</height>
                        <aspectratio>keep</aspectratio>
                        <texture>$INFO[ListItem.Property(AudioLanguage.1),icons/infodialogs/flags/,.png]</texture>
                        <visible>!String.IsEmpty(ListItem.Property(AudioLanguage.1))</visible>
                    </control>
                    <control type="image">
                        <width>40</width>
                        <height>40</height>
                        <aspectratio>keep</aspectratio>
                        <texture>$INFO[ListItem.Property(AudioLanguage.2),icons/infodialogs/flags/,.png]</texture>
                        <visible>!String.IsEmpty(ListItem.Property(AudioLanguage.2))</visible>
                    </control>
                    <control type="image">
                        <width>40</width>
                        <height>40</height>
                        <aspectratio>keep</aspectratio>
                        <texture>$INFO[ListItem.Property(AudioLanguage.3),icons/infodialogs/flags/,.png]</texture>
                        <visible>!String.IsEmpty(ListItem.Property(AudioLanguage.3))</visible>
                    </control>
                    <control type="image">
                        <width>40</width>
                        <height>40</height>
                        <aspectratio>keep</aspectratio>
                        <texture>$INFO[ListItem.Property(AudioLanguage.4),icons/infodialogs/flags/,.png]</texture>
                        <visible>!String.IsEmpty(ListItem.Property(AudioLanguage.4))</visible>
                    </control>
                    <control type="image">
                        <width>40</width>
                        <height>40</height>
                        <aspectratio>keep</aspectratio>
                        <texture>$INFO[ListItem.Property(AudioLanguage.5),icons/infodialogs/flags/,.png]</texture>
                        <visible>!String.IsEmpty(ListItem.Property(AudioLanguage.5))</visible>
                    </control>
                    <control type="image">
                        <width>40</width>
                        <height>40</height>
                        <aspectratio>keep</aspectratio>
                        <texture>$INFO[ListItem.Property(AudioLanguage.6),icons/infodialogs/flags/,.png]</texture>
                        <visible>!String.IsEmpty(ListItem.Property(AudioLanguage.6))</visible>
                    </control>
                    <control type="image">
                        <width>40</width>
                        <height>40</height>
                        <aspectratio>keep</aspectratio>
                        <texture>$INFO[ListItem.Property(AudioLanguage.7),icons/infodialogs/flags/,.png]</texture>
                        <visible>!String.IsEmpty(ListItem.Property(AudioLanguage.7))</visible>
                    </control>
                </control>

                <control type="grouplist">
                    <visible>!String.IsEmpty(ListItem.Property(SubtitleLanguage.1))</visible>
                    <itemgap>5</itemgap>
                    <orientation>horizontal</orientation>
                    <align>center</align>
                    <left>10</left>
                    <right>10</right>
                    <bottom>30</bottom>
                    <height>40</height>
                    <control type="image">
                        <width>40</width>
                        <height>40</height>
                        <aspectratio>keep</aspectratio>
                        <texture colordiffuse="ListLabel">icons/infodialogs/subtitles.png</texture>
                        <visible>!String.IsEmpty(ListItem.Property(SubtitleLanguage.1))</visible>
                    </control>
                    <control type="image">
                        <width>10</width>
                        <height>10</height>
                        <aspectratio>keep</aspectratio>
                        <texture colordiffuse="ListLabel"></texture>
                        <visible>!String.IsEmpty(ListItem.Property(AudioLanguage.1))</visible>
                    </control>
                    <control type="image">
                        <width>40</width>
                        <height>40</height>
                        <aspectratio>keep</aspectratio>
                        <texture fallback="lang">$INFO[ListItem.Property(SubtitleLanguage.1),icons/infodialogs/flags/,.png]</texture>
                        <visible>!String.IsEmpty(ListItem.Property(SubtitleLanguage.1))</visible>
                    </control>
                    <control type="image">
                        <width>40</width>
                        <height>40</height>
                        <aspectratio>keep</aspectratio>
                        <texture>$INFO[ListItem.Property(SubtitleLanguage.2),icons/infodialogs/flags/,.png]</texture>
                        <visible>!String.IsEmpty(ListItem.Property(SubtitleLanguage.2))</visible>
                    </control>
                    <control type="image">
                        <width>40</width>
                        <height>40</height>
                        <aspectratio>keep</aspectratio>
                        <texture>$INFO[ListItem.Property(SubtitleLanguage.3),icons/infodialogs/flags/,.png]</texture>
                        <visible>!String.IsEmpty(ListItem.Property(SubtitleLanguage.3))</visible>
                    </control>
                    <control type="image">
                        <width>40</width>
                        <height>40</height>
                        <aspectratio>keep</aspectratio>
                        <texture>$INFO[ListItem.Property(SubtitleLanguage.4),icons/infodialogs/flags/,.png]</texture>
                        <visible>!String.IsEmpty(ListItem.Property(SubtitleLanguage.5))</visible>
                    </control>
                    <control type="image">
                        <width>40</width>
                        <height>40</height>
                        <aspectratio>keep</aspectratio>
                        <texture>$INFO[ListItem.Property(SubtitleLanguage.5),icons/infodialogs/flags/,.png]</texture>
                        <visible>!String.IsEmpty(ListItem.Property(SubtitleLanguage.5))</visible>
                    </control>
                    <control type="image">
                        <width>40</width>
                        <height>40</height>
                        <aspectratio>keep</aspectratio>
                        <texture>$INFO[ListItem.Property(SubtitleLanguage.6),icons/infodialogs/flags/,.png]</texture>
                        <visible>!String.IsEmpty(ListItem.Property(SubtitleLanguage.6))</visible>
                    </control>
                    <control type="image">
                        <width>40</width>
                        <height>40</height>
                        <aspectratio>keep</aspectratio>
                        <texture>$INFO[ListItem.Property(SubtitleLanguage.7),icons/infodialogs/flags/,.png]</texture>
                        <visible>!String.IsEmpty(ListItem.Property(SubtitleLanguage.7))</visible>
                    </control>
                </control>
            </control>

            <control type="group">
                <include>OpenClose_Right</include>
                <left>600</left>
                <top>-30</top>
                <control type="group" id="140">
                    <top>468</top>
                    <control type="button" id="138">
                        <width>754</width>
                        <height>410</height>
                        <textoffsetx>40</textoffsetx>
                        <textoffsety>20</textoffsety>
                        <aligny>bottom</aligny>
                        <label></label>
                        <onclick condition="!String.IsEmpty(ListItem.Plot)">SetProperty(TextViewer_Header,$LOCALIZE[207],home)</onclick>
                        <onclick condition="!String.IsEmpty(ListItem.Plot)">SetProperty(TextViewer_Text,$ESCINFO[ListItem.Plot],home)</onclick>
                        <onclick condition="!String.IsEmpty(ListItem.Plot)">ActivateWindow(1102)</onclick>
                        <onup>50</onup>
                        <onleft>138</onleft>
                        <onright>138</onright>
                        <ondown>5000</ondown>
                        <visible>Integer.IsGreater(Container(4000).NumItems,0)</visible>
                    </control>
                    <control type="image">
                        <left>735</left>
                        <width>513</width>
                        <height>410</height>
                        <aligny>bottom</aligny>
                        <texture border="40">buttons/button-nofo.png</texture>
                        <visible>Integer.IsGreater(Container(4000).NumItems,0)</visible>
                    </control>
                    <control type="button" id="139">
                        <width>1245</width>
                        <height>410</height>
                        <textoffsetx>40</textoffsetx>
                        <textoffsety>20</textoffsety>
                        <aligny>bottom</aligny>
                        <label></label>
                        <onclick condition="!String.IsEmpty(ListItem.Plot)">SetProperty(TextViewer_Header,$LOCALIZE[207],home)</onclick>
                        <onclick condition="!String.IsEmpty(ListItem.Plot)">SetProperty(TextViewer_Text,$ESCINFO[ListItem.Plot],home)</onclick>
                        <onclick condition="!String.IsEmpty(ListItem.Plot)">ActivateWindow(1102)</onclick>
                        <onup>50</onup>
                        <onleft>139</onleft>
                        <onright>139</onright>
                        <ondown>5000</ondown>
                        <visible>!Integer.IsGreater(Container(4000).NumItems,0)</visible>
                    </control>
                    <control type="grouplist">
                        <left>40</left>
                        <top>25</top>
                        <height>30</height>
                        <orientation>horizontal</orientation>
                        <itemgap>5</itemgap>
                        <control type="label">
                            <top>-3</top>
                            <aligny>center</aligny>
                            <align>left</align>
                            <font>symbol22</font>
                            <textcolor>IMDB</textcolor>
                            <height>20</height>
                            <width>auto</width>
                            <label></label>
                            <visible>!IsEmpty(Window(Home).Property(SkinHelper.IMDB.Rating))</visible>
                        </control>
                        <control type="label">
                            <aligny>center</aligny>
                            <align>left</align>
                            <font>font9</font>
                            <height>24</height>
                            <width>auto</width>
                            <label>$INFO[Window(Home).Property(SkinHelper.IMDB.Rating),, ]</label>
                            <visible>!IsEmpty(Window(Home).Property(SkinHelper.IMDB.Rating))</visible>
                        </control>
                        <control type="image">
                            <height>24</height>
                            <width>30</width>
                            <texture>$VAR[RottenTomatoesIcon]</texture>
                            <aspectratio>keep</aspectratio>
                            <visible>!StringCompare(Window(Home).Property(SkinHelper.RottenTomatoesMeter),n/a)</visible>
                            <visible>!StringCompare(Window(Home).Property(SkinHelper.RottenTomatoesMeter),)</visible>
                        </control>
                        <control type="label">
                            <aligny>center</aligny>
                            <align>left</align>
                            <font>font9</font>
                            <height>24</height>
                            <width>auto</width>
                            <label>$INFO[Window(Home).Property(SkinHelper.RottenTomatoesMeter),,% ]</label>
                            <visible>!StringCompare(Window(Home).Property(SkinHelper.RottenTomatoesMeter),n/a)</visible>
                            <visible>!StringCompare(Window(Home).Property(SkinHelper.RottenTomatoesMeter),)</visible>
                        </control>
                        <control type="image">
                            <height>24</height>
                            <width>30</width>
                            <texture>$VAR[RottenAudienceIcon]</texture>
                            <aspectratio>keep</aspectratio>
                            <visible>!IsEmpty(Window(Home).Property(SkinHelper.RottenTomatoesAudienceMeter))</visible>
                        </control>
                        <control type="label">
                            <aligny>center</aligny>
                            <align>left</align>
                            <font>font9</font>
                            <height>24</height>
                            <width>auto</width>
                            <label>$INFO[Window(Home).Property(SkinHelper.RottenTomatoesAudienceMeter),,% ]</label>
                            <visible>!IsEmpty(Window(Home).Property(SkinHelper.RottenTomatoesAudienceMeter))</visible>
                        </control>
                        <control type="button">
                            <width>30</width>
                            <height>21</height>
                            <textcolor>black</textcolor>
                            <textoffsetx>0</textoffsetx>
                            <label>$INFO[Window(Home).Property(SkinHelper.MetaCritic.Rating)]</label>
                            <font>font8_title</font>
                            <aligny>center</aligny>
                            <align>center</align>
                            <texturefocus colordiffuse="$VAR[CommunityRatingColour]">dialogs/white.png</texturefocus>
                            <texturenofocus colordiffuse="$VAR[CommunityRatingColour]">dialogs/white.png</texturenofocus>
                            <visible>!IsEmpty(Window(Home).Property(SkinHelper.MetaCritic.Rating))</visible>
                            <visible>!StringCompare(Window(Home).Property(SkinHelper.MetaCritic.Rating),n/a)</visible>
                            <animation effect="slide" end="0,2" time="0" condition="true">conditional</animation>
                        </control>
                        <control type="label">
                            <aligny>center</aligny>
                            <align>left</align>
                            <font>font10</font>
                            <height>24</height>
                            <width>auto</width>
                            <label>$VAR[GenreFormatted,, ]</label>
                            <visible>StringCompare(Window(Home).Property(SkinHelper.MetaCritic.Rating),n/a)</visible>
                            <animation effect="slide" end="0,2" time="0" condition="true">conditional</animation>
                        </control>
                        <control type="label">
                            <aligny>center</aligny>
                            <align>left</align>
                            <font>font10</font>
                            <height>24</height>
                            <width>auto</width>
                            <label>$VAR[GenreFormatted, , ]</label>
                            <visible>!StringCompare(Window(Home).Property(SkinHelper.MetaCritic.Rating),n/a)</visible>
                        </control>
                        <control type="label">
                            <aligny>center</aligny>
                            <align>left</align>
                            <font>font10</font>
                            <height>24</height>
                            <width>auto</width>
                            <label>$INFO[Window(Home).Property(SkinHelper.RottenTomatoesBoxOffice),, ]</label>
                            <visible>!StringCompare(Window(Home).Property(SkinHelper.RottenTomatoesBoxOffice),N/A)</visible>
                        </control>
                    </control>
                    <control type="textbox">
                        <left>40</left>
                        <top>65</top>
                        <width>670</width>
                        <height>307</height>
                        <font>font_textbox</font>
                        <label fallback="19055">$VAR[Plot]</label>
                        <autoscroll delay="10000" time="4000" repeat="10000"/>
                        <visible>Integer.IsGreater(Container(4000).NumItems,0)</visible>
                        <visible>!Control.HasFocus(138)</visible>
                    </control>
                    <control type="textbox">
                        <left>40</left>
                        <top>65</top>
                        <width>670</width>
                        <height>307</height>
                        <font>font_textbox</font>
                        <label fallback="19055">$VAR[PlotCriticOnly]</label>
                        <autoscroll delay="10000" time="4000" repeat="10000"/>
                        <visible>Integer.IsGreater(Container(4000).NumItems,0)</visible>
                        <visible>Control.HasFocus(138)</visible>
                    </control>


                    <control type="textbox">
                        <left>40</left>
                        <top>65</top>
                        <width>1165</width>
                        <height>307</height>
                        <font>font_textbox</font>
                        <label fallback="19055">$VAR[Plot]</label>
                        <autoscroll delay="10000" time="4000" repeat="10000"/>
                        <visible>!Integer.IsGreater(Container(4000).NumItems,0)</visible>
                        <visible>!Control.HasFocus(139)</visible>
                    </control>
                    <control type="textbox">
                        <left>40</left>
                        <top>65</top>
                        <width>1165</width>
                        <height>307</height>
                        <font>font_textbox</font>
                        <label fallback="19055">$VAR[PlotCriticOnly]</label>
                        <autoscroll delay="10000" time="4000" repeat="10000"/>
                        <visible>!Integer.IsGreater(Container(4000).NumItems,0)</visible>
                        <visible>Control.HasFocus(139)</visible>
                    </control>
                </control>
                <control type="grouplist" id="4000">
                    <orientation>vertical</orientation>
                    <left>730</left>
                    <top>488</top>
                    <height>355</height>
                    <itemgap>-8</itemgap>
                    <ondown>5000</ondown>
                    <onup>50</onup>
                    <onright>140</onright>
                    <onleft>140</onleft>
                    <include content="InfoDialogMetadata">
                        <param name="control_id" value="147"/>
                        <param name="label" value="[COLOR =$VAR[ColourFocus]]$LOCALIZE[20339] : [/COLOR]$INFO[ListItem.Director]"/>
                        <param name="visible" value="!String.IsEmpty(ListItem.Director)"/>
                    </include>
                    <include content="InfoDialogMetadata">
                        <param name="control_id" value="148"/>
                        <param name="label" value="[COLOR =$VAR[ColourFocus]]$LOCALIZE[20417] : [/COLOR]$INFO[ListItem.Writer]"/>
                        <param name="visible" value="!String.IsEmpty(ListItem.Writer)"/>
                    </include>
                    <!--<include content="InfoDialogMetadata">
                        <param name="control_id" value="150" />
                        <param name="label" value="[COLOR =$VAR[ColourFocus]]$LOCALIZE[515] : [/COLOR]$INFO[ListItem.Genre]" />
                        <param name="visible" value="!String.IsEmpty(ListItem.Genre) + String.IsEqual(ListItem.DBType,movie)" />
                    </include>-->
                    <include content="InfoDialogMetadata">
                        <param name="control_id" value="151"/>
                        <param name="label" value="[COLOR =$VAR[ColourFocus]]$LOCALIZE[180] : [/COLOR]$VAR[DurationVar]"/>
                        <param name="visible" value="!String.IsEmpty(ListItem.Duration)"/>
                    </include>
                    <include content="InfoDialogMetadata">
                        <param name="control_id" value="152"/>
                        <param name="label" value="[COLOR =$VAR[ColourFocus]]$LOCALIZE[21875] : [/COLOR]$INFO[ListItem.Country]"/>
                        <param name="visible" value="!String.IsEmpty(ListItem.Country)"/>
                    </include>
                    <include content="InfoDialogMetadata">
                        <param name="control_id" value="153"/>
                        <param name="label" value="[COLOR =$VAR[ColourFocus]]$LOCALIZE[29909] : [/COLOR]$INFO[ListItem.Studio]"/>
                        <param name="visible" value="!String.IsEmpty(ListItem.Studio)"/>
                    </include>
                    <include content="InfoDialogMetadata">
                        <param name="control_id" value="154"/>
                        <param name="label" value="[COLOR =$VAR[ColourFocus]]$LOCALIZE[40109] : [/COLOR]$INFO[Window(Home).Property(NextAired.LatestDate),, - ]$INFO[Window(Home).Property(NextAired.LatestNumber),, ]"/>
                        <param name="visible" value="String.IsEmpty(Window(Home).Property(NextAired.NextDate)) + !String.IsEmpty(Window(Home).Property(NextAired.LatestDate))"/>
                    </include>
                    <include content="InfoDialogMetadata">
                        <param name="control_id" value="154"/>
                        <param name="label" value="[COLOR =$VAR[ColourFocus]]$LOCALIZE[40108] : [/COLOR]$INFO[Window(Home).Property(NextAired.NextDate),, - ]$INFO[Window(Home).Property(NextAired.NextNumber),, ]"/>
                        <param name="visible" value="!String.IsEmpty(Window(Home).Property(NextAired.NextDate))"/>
                    </include>
                    <include content="InfoDialogMetadata">
                        <param name="control_id" value="155"/>
                        <param name="label" value="[COLOR =$VAR[ColourFocus]]$LOCALIZE[31048] : [/COLOR]$INFO[ListItem.Season,, $LOCALIZE[36905]]$INFO[ListItem.Episode, (, $LOCALIZE[20453])]"/>
                        <param name="visible" value="!String.IsEmpty(ListItem.Season) + !String.IsEqual(ListItem.DBType,episode)"/>
                    </include>
                    <include content="InfoDialogMetadata">
                        <param name="control_id" value="156"/>
                        <param name="label" value="[COLOR =$VAR[ColourFocus]]$LOCALIZE[31017] : [/COLOR]$VAR[RatingStringVar]"/>
                        <param name="visible" value="!String.IsEmpty(ListItem.Mpaa)"/>
                    </include>
                    <include content="InfoDialogMetadata">
                        <param name="control_id" value="149"/>
                        <param name="label" value="[COLOR =$VAR[ColourFocus]]$LOCALIZE[563] : [/COLOR]$INFO[ListItem.RatingAndVotes]"/>
                        <param name="visible" value="!String.IsEmpty(ListItem.RatingAndVotes)"/>
                    </include>
                    <include content="InfoDialogMetadata">
                        <param name="control_id" value="157"/>
                        <param name="label" value="[COLOR =$VAR[ColourFocus]]$LOCALIZE[36910] : [/COLOR]$INFO[ListItem.Set]"/>
                        <param name="visible" value="!String.IsEmpty(ListItem.Set)"/>
                    </include>
                    <include content="InfoDialogMetadata">
                        <param name="control_id" value="158"/>
                        <param name="label" value="[COLOR =$VAR[ColourFocus]]$LOCALIZE[20459] : [/COLOR]$INFO[ListItem.Tag]"/>
                        <param name="visible" value="!String.IsEmpty(ListItem.Tag)"/>
                    </include>
                    <include content="InfoDialogMetadata">
                        <param name="control_id" value="159"/>
                        <param name="label" value="[COLOR =$VAR[ColourFocus]]$LOCALIZE[126] : [/COLOR]$INFO[ListItem.Status]"/>
                        <param name="visible" value="!String.IsEmpty(ListItem.Status)"/>
                    </include>
                </control>
                <control type="image">
                    <left>17</left>
                    <top>185</top>
                    <width>1210</width>
                    <height>283</height>
                    <aspectratio>scale</aspectratio>
                    <texture colordiffuse="A0FFFFFF">colors/black.png</texture>
                </control>
                <control type="textbox">
                    <left>17</left>
                    <top>185</top>
                    <width>1210</width>
                    <height>283</height>
                    <align>center</align>
                    <aligny>center</aligny>
                    <font>font24_title</font>
                    <label>$LOCALIZE[31079]</label>
                    <visible>Integer.IsEqual(Container(50).NumItems,0) + String.IsEmpty(ListItem.Art(tvshow.banner)) + String.IsEmpty(ListItem.Art(banner))</visible>
                </control>
                <control type="image">
                    <left>77</left>
                    <top>185</top>
                    <width>1090</width>
                    <height>283</height>
                    <fadetime>150</fadetime>
                    <aspectratio>keep</aspectratio>
                    <texture>$VAR[BannerVar]</texture>
                    <visible>Integer.IsEqual(Container(50).NumItems,0)</visible>
                </control>
                <control type="wraplist" id="50">
                    <top>158</top>
                    <width>1235</width>
                    <height>370</height>
                    <onleft>50</onleft>
                    <onright>50</onright>
                    <onup condition="System.hasAddon(script.extendedinfo) + Control.HasFocus(50)">RunScript(script.extendedinfo,info=extendedactorinfo,name=$INFO[Container(50).ListItem.Label])</onup>
                    <onup condition="!System.hasAddon(script.extendedinfo)">InstallAddon(script.extendedinfo)</onup>
                    <ondown>140</ondown>
                    <scrolltime>200</scrolltime>
                    <orientation>horizontal</orientation>
                    <autoscroll time="7000">!Control.HasFocus(50)</autoscroll>
                    <itemlayout height="370" width="245">
                        <control type="group">
                            <top>10</top>
                            <control type="image">
                                <top>0</top>
                                <width>264</width>
                                <height>317</height>
                                <texture>DefaultActor.png</texture>
                                <aspectratio aligny="center">scale</aspectratio>
                                <bordertexture border="20">overlays/shadow.png</bordertexture>
                                <bordersize>20</bordersize>
                            </control>
                            <control type="image">
                                <top>20</top>
                                <left>20</left>
                                <width>224</width>
                                <height>277</height>
                                <texture fallback="DefaultActor.png">$INFO[ListItem.Thumb]</texture>
                                <aspectratio aligny="center">scale</aspectratio>
                            </control>
                            <control type="image">
                                <left>20</left>
                                <width>224</width>
                                <height>62</height>
                                <top>235</top>
                                <texture>colors/black.png</texture>
                                <animation effect="fade" start="100" end="80" time="0" condition="true">Conditional</animation>
                            </control>
                            <control type="label">
                                <left>25</left>
                                <width>214</width>
                                <height>67</height>
                                <top>218</top>
                                <align>center</align>
                                <aligny>center</aligny>
                                <font>font10</font>
                                <label>$INFO[ListItem.Label]</label>
                            </control>
                            <control type="label">
                                <left>25</left>
                                <width>214</width>
                                <height>67</height>
                                <top>245</top>
                                <align>center</align>
                                <aligny>center</aligny>
                                <font>font10</font>
                                <textcolor>grey</textcolor>
                                <label>$INFO[ListItem.Label2]</label>
                            </control>
                        </control>
                    </itemlayout>
                    <focusedlayout height="370" width="245">
                        <control type="group">
                            <left>0</left>
                            <top>10</top>
                            <control type="image">
                                <top>0</top>
                                <width>264</width>
                                <height>317</height>
                                <texture>DefaultActor.png</texture>
                                <aspectratio aligny="center">scale</aspectratio>
                                <bordertexture border="20">overlays/shadow.png</bordertexture>
                                <bordersize>20</bordersize>
                            </control>
                            <control type="image">
                                <top>20</top>
                                <left>20</left>
                                <width>224</width>
                                <height>277</height>
                                <texture>$INFO[ListItem.Thumb]</texture>
                                <aspectratio aligny="center">scale</aspectratio>
                            </control>
                            <control type="image">
                                <left>20</left>
                                <width>224</width>
                                <height>62</height>
                                <top>235</top>
                                <texture>colors/black.png</texture>
                                <animation effect="fade" start="100" end="80" time="0" condition="true">Conditional</animation>
                            </control>
                            <control type="label">
                                <left>25</left>
                                <width>214</width>
                                <height>67</height>
                                <top>218</top>
                                <align>center</align>
                                <aligny>center</aligny>
                                <font>font10</font>
                                <scroll>true</scroll>
                                <label>$INFO[ListItem.Label]</label>
                            </control>
                            <control type="label">
                                <left>25</left>
                                <width>214</width>
                                <height>67</height>
                                <top>245</top>
                                <align>center</align>
                                <aligny>center</aligny>
                                <font>font10</font>
                                <textcolor>grey</textcolor>
                                <scroll>true</scroll>
                                <label>$INFO[ListItem.Label2]</label>
                            </control>
                            <control type="image">
                                <left>18</left>
                                <top>20</top>
                                <width>230</width>
                                <height>280</height>
                                <texture border="8" colordiffuse="$VAR[ColourFocus]">buttons/thumbnail_focused.png</texture>
                                <visible>Control.HasFocus(50)</visible>
                            </control>
                        </control>
                    </focusedlayout>
                </control>
                <control type="grouplist" id="5000">
                    <left>0</left>
                    <top>864</top>
                    <width>1246</width>
                    <height>400</height>
                    <onleft>5000</onleft>
                    <onright>5000</onright>
                    <onup>140</onup>
                    <ondown condition="!Integer.IsGreater(Container(5000).Position,4)">SetFocus(50,$INFO[Container(5000).Position])</ondown>
                    <ondown condition="Integer.IsGreater(Container(5000).Position,4)">SetFocus(50,4)</ondown>
                    <itemgap>-16</itemgap>
                    <align>center</align>
                    <orientation>horizontal</orientation>
                    <scrolltime tween="quadratic">200</scrolltime>
                    <include content="InfoDialogButton">
                        <param name="id" value="8"/>
                        <param name="icon" value="icons/infodialogs/play.png"/>
                        <param name="label" value="$LOCALIZE[208]"/>
                    </include>
                    <include content="InfoDialogButton">
                        <param name="id" value="11"/>
                        <param name="icon" value="icons/infodialogs/trailer.png"/>
                        <param name="label" value="$LOCALIZE[20410]"/>
                        <param name="visible" value="!String.IsEmpty(ListItem.Trailer) + ![String.StartsWith(Container.FolderPath,plugin://) + String.Contains(Container.FolderPath,trailer)]"/>
                    </include>
                    <include content="InfoDialogButton">
                        <param name="id" value="441"/>
                        <param name="icon" value="icons/infodialogs/cinema.png"/>
                        <param name="onclick_1" value="Dialog.Close(MovieInformation)"/>
                        <param name="onclick_2" value="RunScript(script.cinemavision,experience)"/>
                        <param name="label" value="$LOCALIZE[31003]"/>
                        <param name="visible" value="System.HasAddon(script.cinemavision) + [String.IsEqual(ListItem.DBType,movie) | String.IsEqual(ListItem.DBType,tvshow) | String.IsEqual(ListItem.DBType,season) | String.IsEqual(ListItem.DBType,episode)]"/>
                    </include>
                    <include content="InfoDialogButton">
                        <param name="id" value="440"/>
                        <param name="icon" value="icons/infodialogs/trailer.png"/>
                        <param name="label" value="$LOCALIZE[31090]"/>
                        <param name="onclick_1" value="Action(close)"/>
                        <param name="onclick_2" value="RunScript(script.extendedinfo,info=youtubebrowser,id=$INFO[ListItem.Title] $INFO[ListItem.Year])"/>
                        <param name="visible" value="System.hasAddon(script.extendedinfo) + String.IsEqual(ListItem.DBType,movie) + !Control.IsVisible(11)"/>
                    </include>
                    <include content="InfoDialogButton">
                        <param name="id" value="101"/>
                        <param name="icon" value="icons/infodialogs/info.png"/>
                        <param name="label" value="$LOCALIZE[31034]"/>
                        <param name="onclick_1" value="RunScript(script.extendedinfo,info=openinfodialog)"/>
                        <param name="visible" value="System.hasAddon(script.extendedinfo) + !String.IsEqual(ListItem.DBType,musicvideo)"/>
                    </include>
                    <include content="InfoDialogButton">
                        <param name="id" value="13"/>
                        <param name="icon" value="icons/infodialogs/director.png"/>
                        <param name="label" value="$LOCALIZE[31123]"/>
                        <param name="visible" value="!String.IsEmpty(ListItem.Director)"/>
                    </include>
                    <include content="InfoDialogButton">
                        <param name="id" value="102"/>
                        <param name="icon" value="icons/infodialogs/fullscreen.png"/>
                        <param name="label" value="$LOCALIZE[31028]"/>
                        <param name="onclick_1" value="SetProperty(fanart,$ESCINFO[ListItem.Art(fanart)],home)"/>
                        <param name="onclick_2" value="ActivateWindow(1104)"/>
                        <param name="visible" value="!String.IsEmpty(ListItem.Art(fanart))"/>
                    </include>
                    <include content="InfoDialogButton">
                        <param name="id" value="105"/>
                        <param name="icon" value="icons/infodialogs/path.png"/>
                        <param name="label" value="$LOCALIZE[40063]"/>
                        <param name="onclick_1" value="ActivateWindow(1110)"/>
                        <param name="visible" value="Container.Content(movies) | Container.Content(musicvideos) | Container.Content(episodes)"/>
                    </include>
                    <include content="InfoDialogButton">
                        <param name="id" value="10"/>
                        <param name="icon" value="icons/infodialogs/image.png"/>
                        <param name="label" value="$LOCALIZE[13511]"/>
                    </include>
                    <include content="InfoDialogButton">
                        <param name="id" value="103"/>
                        <param name="icon" value="icons/infodialogs/download.png"/>
                        <param name="label" value="Artwork Downloader"/>
                        <param name="onclick_1" value="XBMC.RunScript(script.artwork.downloader, mode=gui, mediatype=movie, dbid=$INFO[ListItem.DBID])"/>
                        <param name="visible" value="System.HasAddon(script.artwork.downloader) + Container.Content(movies)"/>
                    </include>
                    <include content="InfoDialogButton">
                        <param name="id" value="104"/>
                        <param name="icon" value="icons/infodialogs/download.png"/>
                        <param name="label" value="Artwork Downloader"/>
                        <param name="onclick_1" value="XBMC.RunScript(script.artwork.downloader, mode=gui, mediatype=tvshow, dbid=$INFO[ListItem.DBID])"/>
                        <param name="visible" value="System.HasAddon(script.artwork.downloader) + Container.Content(tvshows)"/>
                    </include>
                    <control type="group" id="400">
                        <width>262</width>
                        <visible>Control.IsEnabled(7) | !IsEmpty(ListItem.UserRating)</visible>
                        <control type="button" id="7">
                            <include content="VideoInfoButtonsCommon">
                                <param name="icon" value=""/>
                            </include>
                            <label>$LOCALIZE[31033]</label>
                            <onleft>104</onleft>
                            <onright>6</onright>
                            <onup>140</onup>
                            <enable>IsEmpty(Container.PluginName)</enable>
                            <ondown condition="Integer.IsEqual(Container(5000).CurrentItem,1)">SetFocus(50,0)</ondown>
                            <ondown condition="Integer.IsEqual(Container(5000).CurrentItem,2)">SetFocus(50,1)</ondown>
                            <ondown condition="Integer.IsEqual(Container(5000).CurrentItem,3)">SetFocus(50,2)</ondown>
                            <ondown condition="Integer.IsEqual(Container(5000).CurrentItem,4)">SetFocus(50,3)</ondown>
                            <ondown condition="Integer.IsEqual(Container(5000).CurrentItem,5)">SetFocus(50,4)</ondown>
                        </control>
                        <control type="label">
                            <label>$INFO[ListItem.UserRating]</label>
                            <font>font30_title</font>
                            <left>0</left>
                            <top>22</top>
                            <width>262</width>
                            <align>center</align>
                        </control>
                        <control type="image">
                            <texture>icons/infodialogs/rating.png</texture>
                            <left>107</left>
                            <top>32</top>
                            <width>48</width>
                            <height>48</height>
                            <align>center</align>
                            <visible>String.IsEmpty(ListItem.UserRating)</visible>
                        </control>
                    </control>
                    <include content="InfoDialogButton">
                        <param name="id" value="6"/>
                        <param name="icon" value="icons/infodialogs/update.png"/>
                        <param name="label" value="$LOCALIZE[184]"/>
                        <param name="visible" value="Control.IsEnabled(6)"/>
                    </include>
                </control>
                <include content="LeftRightArrows">
                    <param name="list_id" value="5000"/>
                    <param name="left_posx" value="-15"/>
                    <param name="right_posx" value="1240"/>
                    <param name="posy" value="924"/>
                    <param name="visible" value="true"/>
                </include>
                <include content="LeftRightArrows">
                    <param name="list_id" value="50"/>
                    <param name="left_posx" value="-15"/>
                    <param name="right_posx" value="1240"/>
                    <param name="posy" value="320"/>
                    <param name="visible" value="true"/>
                </include>
            </control>
            <control type="group">
                <animation effect="fade" start="0" end="100" time="300" delay="300">WindowOpen</animation>
                <animation effect="fade" start="100" end="0" time="200">WindowClose</animation>
                <top>980</top>
                <align>center</align>
                <control type="group">
                    <visible>Control.HasFocus(50)</visible>
                    <animation effect="fade" time="200">VisibleChange</animation>
                    <top>5</top>
                    <left>738</left>
                    <control type="image">
                        <left>17</left>
                        <width>44</width>
                        <height>44</height>
                        <animation effect="rotate" end="-90" center="40,23" time="0" condition="true">Conditional</animation>
                        <texture colordiffuse="$VAR[ColourFocus]">frame/menu-nofo.png</texture>
                    </control>
                    <control type="textbox">
                        <top>-20</top>
                        <left>74</left>
                        <width>380</width>
                        <height>120</height>
                        <shadowcolor>text_shadow</shadowcolor>
                        <label>$LOCALIZE[31125]</label>
                    </control>
                </control>
                <control type="group">
                    <visible>Control.HasFocus(138)</visible>
                    <animation effect="fade" time="200">VisibleChange</animation>
                    <top>5</top>
                    <left>738</left>
                    <control type="image">
                        <left>17</left>
                        <width>44</width>
                        <height>44</height>
                        <texture colordiffuse="$VAR[ColourFocus]">frame/menu-fo.png</texture>
                    </control>
                    <control type="textbox">
                        <top>-20</top>
                        <left>74</left>
                        <width>380</width>
                        <height>120</height>
                        <shadowcolor>text_shadow</shadowcolor>
                        <label>$LOCALIZE[31126]</label>
                    </control>
                </control>
            </control>
            <include content="InfoDialogTopBarDialogInfo">
                <param name="main_label" value="$VAR[VideoInfoMainLabelVar]"/>
                <param name="sub_label" value="$VAR[VideoInfoSubLabelVar]"/>
            </include>
            <control type="group">
                <depth>DepthBars</depth>
                <animation effect="fade" start="100" end="0" time="300" condition="Window.Next(visualisation) | Window.Next(screencalibration)">WindowClose</animation>
                <animation effect="fade" start="0" end="100" time="300" condition="Window.Previous(fullscreenvideo) | Window.Previous(startup) | Window.Previous(visualisation)">WindowOpen</animation>

                <control type="image">
                    <left>0</left>
                    <top>995</top>
                    <width>2000</width>
                    <height>85</height>
                    <texture flipy="true">frame/InfoBar.png</texture>
                    <visible>![String.IsEqual(Skin.String(HideBars.label),$LOCALIZE[40069]) + [Window.IsVisible(MyVideoNav.xml) | Window.IsVisible(MyMusicNav.xml)] + !Container.Content(addons) + [Control.IsVisible(500) | Control.IsVisible(501) | Control.IsVisible(502) | Control.IsVisible(50) | Control.IsVisible(51) | Control.IsVisible(53) | Control.IsVisible(54) | [Control.IsVisible(55) + !Container.Content(actors) + !Container.Content(directors) + ![Control.IsVisible(55) + Window.IsVisible(MyVideoNav.xml)]] | Control.IsVisible(56) | Control.IsVisible(57) | Control.IsVisible(58) | Control.IsVisible(59) | Control.IsVisible(60)]]</visible>
                    <visible>!String.IsEqual(Skin.String(HideBars.label),$LOCALIZE[40070])</visible>
                </control>
                <!-- logos  etc -->

                <control type="group">
                    <animation effect="slide" end="0,20" time="400" condition="Control.HasFocus(80133)">Conditional</animation>
                    <left>100</left>
                    <top>258</top>
                    <width>1854</width>
                    <height>45</height>
                    <control type="image" id="89122">
                        <top>750</top>
                        <left>-10</left>
                        <width>361</width>
                        <height>64</height>
                        <texture fallback="E.png">$VAR[ClearLogo]</texture>
                        <aspectratio align="left" aligny="center">keep</aspectratio>
                    </control>
                    <control type="image">
                        <right>120</right>
                        <top>750</top>
                        <width>228</width>
                        <height>64</height>
                        <texture>$VAR[ColourStudio]</texture>
                        <aspectratio aligny="center" align="right">keep</aspectratio>
                    </control>
                </control>
            </control>
        </control>
    </controls>
</window>
