<?xml version="1.0" encoding="UTF-8"?>
<includes>
    <include name="View_50_List">
        <include content="UpDownArrows">
            <param name="container_id" value="50"/>
            <param name="up_posy" value="144"/>
            <param name="down_posy" value="896"/>
            <param name="visible" value="!System.HasModalDialog"/>
        </include>
        <control type="group">
            <include>OpenClose_Right</include>
            <left>603</left>
            <top>182</top>
            <visible>Control.IsVisible(50)</visible>
            <include>Visible_Right</include>
            <include content="ListContainer">
                <param name="list_id" value="50"/>
                <param name="viewtype_label" value="$LOCALIZE[535]"/>
            </include>
        </control>
    </include>
    <include name="ListContainer">
        <control type="image">
            <description>background image</description>
            <left>-20</left>
            <top>-19</top>
            <width>754</width>
            <height>737</height>
            <texture border="22">dialogs/dialog-bg.png</texture>
        </control>
        <control type="list" id="$PARAM[list_id]">
            <left>2</left>
            <top>3</top>
            <width>710</width>
            <height>693</height>
            <scrolltime tween="cubic" easing="out">500</scrolltime>
            <orientation>vertical</orientation>
            <pagecontrol>$PARAM[list_id]600</pagecontrol>
            <onleft condition="!Skin.HasSetting(KioskMode)">9000</onleft>
            <onright>$PARAM[list_id]600</onright>
            <onup>$PARAM[list_id]</onup>
            <ondown>$PARAM[list_id]</ondown>
            <viewtype label="$PARAM[viewtype_label]">list</viewtype>
            <visible>Container.Content(movies) | Container.Content(sets) | Container.Content(tvshows) | Container.Content(seasons) | Container.Content(episodes)</visible>
            <focusedlayout height="63">
                <control type="button">
                    <texturefocus>-</texturefocus>
                    <texturenofocus>-</texturenofocus>
                    <onfocus condition="Container.Content(movies)">ClearProperty(TVShowID,home)</onfocus>
                    <onfocus condition="Container.Content(tvshows)">SetProperty(TVShowID,$INFO[ListItem.DBID],home)</onfocus>
                </control>
                <control type="image">
                    <left>0</left>
                    <top>0</top>
                    <width>710</width>
                    <height>63</height>
                    <texture border="90,3,90,3">lists/separator.png</texture>
                    <visible>!Control.HasFocus($PARAM[list_id])</visible>
                </control>
                <control type="image">
                    <left>0</left>
                    <top>0</top>
                    <width>710</width>
                    <height>65</height>
                    <texture colordiffuse="$VAR[ColourFocus]">lists/focus.png</texture>
                    <visible>Control.HasFocus($PARAM[list_id])</visible>
                </control>
                <control type="label">
                    <left>70</left>
                    <top>0</top>
                    <height>63</height>
                    <width>560</width>
                    <aligny>center</aligny>
                    <scroll>true</scroll>
                    <font>fontContextMenu</font>
                    <label>$INFO[ListItem.Label]</label>
                    <shadowcolor>text_shadow</shadowcolor>
                </control>
                <control type="label">
                    <left>135</left>
                    <top>0</top>
                    <height>63</height>
                    <width>555</width>
                    <align>right</align>
                    <aligny>center</aligny>
                    <font>font12</font>
                    <label>$VAR[ListLabel2Var]</label>
                    <animation effect="fade" start="70" end="100" time="300" reversible="false">Focus</animation>
                    <shadowcolor>text_shadow</shadowcolor>
                </control>
                <control type="image">
                    <left>21</left>
                    <top>14</top>
                    <width>38</width>
                    <height>38</height>
                    <texture>$VAR[ListWatchedIconVar]</texture>
                    <animation effect="fade" start="30" end="100" time="300" reversible="false">Focus</animation>
                </control>
                <control type="image">
                    <left>21</left>
                    <top>14</top>
                    <width>38</width>
                    <height>38</height>
                    <texture colordiffuse="$VAR[ColourFocus]">$VAR[ListWatchedIconVar]</texture>
                    <animation effect="fade" start="0" end="100" time="300" reversible="false">Focus</animation>
                    <animation effect="fade" time="150">VisibleChange</animation>
                    <visible>!Control.HasFocus($PARAM[list_id])</visible>
                </control>
            </focusedlayout>
            <itemlayout height="63">
                <control type="image">
                    <left>0</left>
                    <top>3</top>
                    <width>710</width>
                    <height>63</height>
                    <texture border="90,3,90,3">lists/separator.png</texture>
                </control>
                <control type="label">
                    <left>70</left>
                    <top>0</top>
                    <height>63</height>
                    <width>560</width>
                    <aligny>center</aligny>
                    <font>fontContextMenu</font>
                    <label>$INFO[ListItem.Label]</label>
                    <shadowcolor>text_shadow</shadowcolor>
                </control>
                <control type="label">
                    <left>135</left>
                    <top>0</top>
                    <height>63</height>
                    <width>555</width>
                    <align>right</align>
                    <aligny>center</aligny>
                    <font>font12</font>
                    <label>$VAR[ListLabel2Var]</label>
                    <textcolor>grey</textcolor>
                    <shadowcolor>text_shadow</shadowcolor>
                </control>
                <control type="image">
                    <left>21</left>
                    <top>14</top>
                    <width>38</width>
                    <height>38</height>
                    <texture colordiffuse="grey">$VAR[ListWatchedIconVar]</texture>
                </control>
            </itemlayout>
        </control>
        <control type="scrollbar" id="$PARAM[list_id]600">
            <left>720</left>
            <top>0</top>
            <width>12</width>
            <height>706</height>
            <onleft>$PARAM[list_id]</onleft>
            <onright>$PARAM[list_id]</onright>
            <orientation>vertical</orientation>
        </control>
        <!--<control type="group" id="$PARAM[list_id]600">
                <left>714</left>
                <top>2</top>
                <height>695</height>
                <control type="image">
                    <texture colordiffuse="border_alpha">colors/black.png</texture>
                    <width>25</width>
                    <left>0</left>
                    <visible>Control.IsVisible(6002) + IntegerGreaterThan(Container(6002).NumItems,0)</visible>
                </control>

                <control type="panel" id="6002">
                    <width>25</width>
                    <left>0</left>
                    <top>8</top>
                    <bottom>0</bottom>
                    <height>100%</height>
                    <onleft>$PARAM[list_id]</onleft>
                    <onright>$PARAM[list_id]</onright>
                    <onup>$PARAM[list_id]600</onup>
                    <ondown>$PARAM[list_id]600</ondown>
                    <orientation>vertical</orientation>
                    <itemlayout height="25" width="25">
                        <control type="label">
                            <width>100%</width>
                            <height>100%</height>
                            <align>center</align>
                            <aligny>center</aligny>
                            <label>$INFO[ListItem.Label]</label>
                            <font>font8</font>
                            <animation effect="fade" start="100" end="20" time="0" condition="!IsEmpty(ListItem.Property(NotAvailable))">Conditional</animation>
                        </control>

                        <control type="label">
                            <width>100%</width>
                            <height>100%</height>
                            <align>center</align>
                            <aligny>center</aligny>
                            <label>$INFO[ListItem.Label]</label>
                            <font>font9</font>
                            <textcolor>$VAR[ColourFocus]</textcolor>
                            <visible>StringCompare(ListItem.Label,Container.ListItem.SortLetter)</visible>
                        </control>

                    </itemlayout>
                    <focusedlayout height="25" width="25">

                        <control type="label">
                            <width>100%</width>
                            <height>100%</height>
                            <align>center</align>
                            <aligny>center</aligny>
                            <label>$INFO[ListItem.Label]</label>
                            <textcolor>$VAR[ColourSelected]</textcolor>
                            <animation effect="fade" start="100" end="20" time="0" condition="!IsEmpty(ListItem.Property(NotAvailable))">Conditional</animation>
                            <font>font9</font>
                        </control>
                    </focusedlayout>
                    <content>plugin://script.skin.helper.service/?action=alphabet&amp;reload=$INFO[Container.NumItems]</content>
                    <visible>IntegerGreaterThan(Container.NumPages,1) + !Control.HasFocus(60)</visible>
                    <visible>StringCompare(Container.SortMethod,$LOCALIZE[551]) | StringCompare(Container.SortMethod,$LOCALIZE[561]) | StringCompare(Container.SortMethod,$LOCALIZE[558]) | StringCompare(Container.SortMethod,$LOCALIZE[557]) | StringCompare(Container.SortMethod,$LOCALIZE[556])</visible>
                </control>
            </control>-->
    </include>
    <include name="ListThumbInfoPanel">
        <control type="image">
            <left>90</left>
            <top>166</top>
            <width>509</width>
            <height>509</height>
            <aspectratio>scale</aspectratio>
            <texture colordiffuse="border_alpha">colors/black.png</texture>
            <bordertexture border="20">overlays/shadow.png</bordertexture>
            <bordersize>20</bordersize>
        </control>
        <control type="image">
            <left>114</left>
            <top>190</top>
            <width>461</width>
            <height>461</height>
            <aspectratio aligny="top">scale</aspectratio>
            <fadetime>300</fadetime>
            <texture background="true" fallback="DefaultFolderSquare.png">$VAR[IconWallThumbVar]</texture>
        </control>
        <control type="group">
            <left>520</left>
            <top>196</top>
            <include>UserRatingCircle</include>
        </control>
        <control type="group">
            <animation effect="fade" start="100" end="0" time="0" condition="Control.IsVisible(500) + Container.Content(addons)">Conditional</animation>
            <control type="image">
                <left>88</left>
                <top>650</top>
                <width>514</width>
                <height>250</height>
                <texture border="22">dialogs/dialog-bg.png</texture>
            </control>
            <control type="textbox">
                <left>120</left>
                <top>680</top>
                <width>449</width>
                <height>188</height>
                <font>font12</font>
                <autoscroll time="3000" delay="7000" repeat="5000">!System.HasModalDialog</autoscroll>
                <label fallback="19055">$VAR[ListBoxInfoVar]</label>
            </control>
        </control>
    </include>

    <include name="ListContainerBanner">
        <control type="image">
            <description>background image</description>
            <left>-20</left>
            <top>-19</top>
            <width>754</width>
            <height>737</height>
            <texture border="22">dialogs/dialog-bg.png</texture>
        </control>
        <control type="list" id="$PARAM[list_id]">
            <left>2</left>
            <top>3</top>
            <width>710</width>
            <height>693</height>
            <scrolltime tween="cubic" easing="out">500</scrolltime>
            <orientation>vertical</orientation>
            <pagecontrol>$PARAM[list_id]600</pagecontrol>
            <onleft condition="!Skin.HasSetting(KioskMode)">9000</onleft>
            <onright>$PARAM[list_id]600</onright>
            <onup>$PARAM[list_id]</onup>
            <ondown>$PARAM[list_id]</ondown>
            <viewtype label="$PARAM[viewtype_label]">list</viewtype>
            <visible>Container.Content(movies) | Container.Content(sets) | Container.Content(tvshows) | Container.Content(seasons) | Container.Content(episodes)</visible>
            <focusedlayout height="141">
                <control type="button">
                    <texturefocus>-</texturefocus>
                    <texturenofocus>-</texturenofocus>
                    <onfocus condition="Container.Content(movies)">ClearProperty(TVShowID,home)</onfocus>
                    <onfocus condition="Container.Content(tvshows)">SetProperty(TVShowID,$INFO[ListItem.DBID],home)</onfocus>
                <!--    <onfocus condition="System.HasAddon(script.colorbox)">RunScript(script.colorbox,info=blur,id='"$VAR[PosterImage]"',radius=6,prefix=ArtInfo)</onfocus> -->
                </control>

                <control type="image">
                    <left>0</left>
                    <top>0</top>
                    <width>710</width>
                    <height>132</height>
                    <aspectratio scalediffuse="false">stretch</aspectratio>
                    <texture  border="2" fallback="DefaultVideo.png" background="true">$VAR[BannerImage]</texture>
                    <bordertexture colordiffuse="border_alpha">colors/black.png</bordertexture>
                    <bordersize>4</bordersize>
                </control>
                <control type="image">
                    <left>0</left>
                    <top>0</top>
                    <width>710</width>
                    <height>135</height>
                    <texture border="8" colordiffuse="$VAR[ColourFocus]">buttons/thumbnail_focused.png</texture>
                </control>

                <control type="group">
                    <animation type="Focus">
                        <effect type="fade" start="0" end="100" time="300" />
                    </animation>
                    <animation effect="fade" start="100" end="0" time="0">UnFocus</animation>
                    <top>57</top>
                    <control type="image">
                        <left>5</left>
                        <top>45</top>
                        <width>700</width>
                        <height>30</height>
                        <texture>colors/black.png</texture>
                        <animation effect="fade" start="0" end="70" time="50">Focus</animation>
                    </control>
                    <control type="image">
                        <left>15</left>
                        <top>45</top>
                        <width>40</width>
                        <height>30</height>
                        <texture>$VAR[ListWatchedIconVar]</texture>
                    </control>
                    <control type="label">
                        <left>60</left>
                        <top>50</top>
                        <width>710</width>
                        <height>20</height>
                        <font>font10</font>
                        <aligny>center</aligny>
                        <label>$INFO[ListItem.Label]</label>
                    </control>
                    <control type="image">
                        <right>93</right>
                        <top>50</top>
                        <width>22</width>
                        <height>22</height>
                        <texture>lists/played-total.png</texture>
                        <visible>String.IsEqual(Listitem.dbtype,tvshow) + !String.IsEmpty(ListItem.Property(TotalEpisodes))</visible>
                    </control>
                    <control type="label">
                        <right>123</right>
                        <top>50</top>
                        <width>710</width>
                        <height>20</height>
                        <font>font10</font>
                        <textcolor>$VAR[ColourFocus]</textcolor>
                        <align>right</align>
                        <aligny>center</aligny>
                        <label>$VAR[ListLabel2Var]</label>
                    </control>
                </control>
                <control type="group">
                    <left>3</left>
                    <top>2</top>
                    <include content="UnwatchedEpisodes">
                        <param name="animation" value="True" />
                    </include>
                </control>
            </focusedlayout>
            <itemlayout height="141">
                <control type="image">
                    <left>0</left>
                    <top>0</top>
                    <width>710</width>
                    <height>132</height>
                    <aspectratio scalediffuse="false">stretch</aspectratio>
                    <texture  border="2" fallback="DefaultVideo.png" background="true">$VAR[BannerImage]</texture>
                    <bordertexture colordiffuse="border_alpha">colors/black.png</bordertexture>
                    <bordersize>4</bordersize>
                </control>
                <control type="group">
                    <left>3</left>
                    <top>2</top>
                    <include content="UnwatchedEpisodes">
                        <param name="animation" value="True" />
                    </include>
                </control>
            </itemlayout>
        </control>
        <control type="scrollbar" id="$PARAM[list_id]600">
            <left>720</left>
            <top>0</top>
            <width>12</width>
            <height>706</height>
            <onleft>$PARAM[list_id]</onleft>
            <onright>518995</onright>
            <orientation>vertical</orientation>
        </control>
        <!--<control type="group" id="$PARAM[list_id]600">
                <left>714</left>
                <top>2</top>
                <height>695</height>
                <control type="image">
                    <texture colordiffuse="border_alpha">colors/black.png</texture>
                    <width>25</width>
                    <left>0</left>
                    <visible>Control.IsVisible(6002) + IntegerGreaterThan(Container(6002).NumItems,0)</visible>
                </control>

                <control type="panel" id="6002">
                    <width>25</width>
                    <left>0</left>
                    <top>8</top>
                    <bottom>0</bottom>
                    <height>100%</height>
                    <onleft>$PARAM[list_id]</onleft>
                    <onright>$PARAM[list_id]</onright>
                    <onup>$PARAM[list_id]600</onup>
                    <ondown>$PARAM[list_id]600</ondown>
                    <orientation>vertical</orientation>
                    <itemlayout height="25" width="25">
                        <control type="label">
                            <width>100%</width>
                            <height>100%</height>
                            <align>center</align>
                            <aligny>center</aligny>
                            <label>$INFO[ListItem.Label]</label>
                            <font>font8</font>
                            <animation effect="fade" start="100" end="20" time="0" condition="!IsEmpty(ListItem.Property(NotAvailable))">Conditional</animation>
                        </control>

                        <control type="label">
                            <width>100%</width>
                            <height>100%</height>
                            <align>center</align>
                            <aligny>center</aligny>
                            <label>$INFO[ListItem.Label]</label>
                            <font>font9</font>
                            <textcolor>$VAR[ColourFocus]</textcolor>
                            <visible>StringCompare(ListItem.Label,Container.ListItem.SortLetter)</visible>
                        </control>

                    </itemlayout>
                    <focusedlayout height="25" width="25">

                        <control type="label">
                            <width>100%</width>
                            <height>100%</height>
                            <align>center</align>
                            <aligny>center</aligny>
                            <label>$INFO[ListItem.Label]</label>
                            <textcolor>$VAR[ColourSelected]</textcolor>
                            <animation effect="fade" start="100" end="20" time="0" condition="!IsEmpty(ListItem.Property(NotAvailable))">Conditional</animation>
                            <font>font9</font>
                        </control>
                    </focusedlayout>
                    <content>plugin://script.skin.helper.service/?action=alphabet&amp;reload=$INFO[Container.NumItems]</content>
                    <visible>IntegerGreaterThan(Container.NumPages,1) + !Control.HasFocus(60)</visible>
                    <visible>StringCompare(Container.SortMethod,$LOCALIZE[551]) | StringCompare(Container.SortMethod,$LOCALIZE[561]) | StringCompare(Container.SortMethod,$LOCALIZE[558]) | StringCompare(Container.SortMethod,$LOCALIZE[557]) | StringCompare(Container.SortMethod,$LOCALIZE[556])</visible>
                </control>
            </control>-->
    </include>
</includes>
