<?xml version="1.0" encoding="utf-8"?>
<window type="dialog">
    <allowoverlay>no</allowoverlay>
    <defaultcontrol always="false">4000</defaultcontrol>
    <coordinates>
        <system>1</system>
        <left>0</left>
        <top>0</top>
    </coordinates>

    <controls>

        <control type="image">
			<description>Background</description>
            <left>0</left>
            <top>0</top>
            <width>1280</width>
            <height>720</height>
            <texture>black.png</texture>
            <visible>true</visible>
        </control>
		
        <control type="image">
            <description>Category background</description>
            <left>10</left>
            <top>10</top>
            <width>220</width>
            <height>700</height>
            <texture>menu-grey.png</texture>
			<bordertexture>aqua.png</bordertexture>
			<bordersize>2</bordersize>
            <visible>true</visible>
        </control>
        
        <control type="image">
            <description>Button background</description>
            <left>275</left>
            <top>10</top>
            <width>220</width>
            <height>700</height>
            <texture>menu-grey.png</texture>
			<bordertexture>aqua.png</bordertexture>
			<bordersize>2</bordersize>
            <visible>true</visible>
        </control>

        <control type="button" id="80003">
            <description>add category</description>
            <left>20</left>
            <top>25</top>
            <width>200</width>
            <height>40</height>
            <texturefocus>menu-grey-focus.png</texturefocus>
            <texturenofocus>menu-grey.png</texturenofocus>
            <onup>-</onup>
            <ondown>7004</ondown>
            <onright>4006</onright>
            <align>center</align>
            <aligny>center</aligny>
            <font>font13</font>
            <textcolor>white</textcolor>
			<focusedcolor>cyan</focusedcolor>
            <label>Add Category</label>
            <visible>true</visible>
        </control>

        <control type="list" id="7004">
            <description>categories</description>
            <left>20</left>
            <top>125</top>
            <width>1280</width>
            <height>720</height>
            <visible>true</visible>
            <onup>80003</onup>
            <ondown>4006</ondown>
            <onleft>1</onleft>
            <onright>4006</onright>
            <viewtype label="3D list">list</viewtype>
            <orientation>vertical</orientation>

            <itemlayout width="200" height="50">
                <control type="image">
                    <left>0</left>
                    <top>0</top>
                    <width>200</width>
                    <height>40</height>
                    <texture>menu-grey.png</texture>
                    <visible>true</visible>
                </control>
                <control type="label">
                    <left>0</left>
                    <top>0</top>
                    <width>200</width>
                    <height>40</height>
                    <font>font13</font>
                    <align>center</align>
                    <aligny>center</aligny>
                    <textcolor>white</textcolor>
                    <selectedcolor>red</selectedcolor>
                    <align>left</align>
                    <info>ListItem.Label</info>
                </control>
            </itemlayout>
            <focusedlayout height="50" width="200">
                <control type="image">
                    <left>0</left>
                    <top>0</top>
                    <width>200</width>
                    <height>40</height>
                    <texture>menu-grey-focus.png</texture>
                    <visible>true</visible>
                </control>
                <control type="image">
                    <left>0</left>
                    <top>0</top>
                    <width>200</width>
                    <height>40</height>
                    <texture>menu-grey-focus.png</texture>
                    <visible>Control.HasFocus(7004)</visible>
                </control>
                <control type="label">
                    <left>0</left>
                    <top>0</top>
                    <width>200</width>
                    <height>40</height>
                    <font>font13</font>
                    <align>center</align>
                    <aligny>center</aligny>
                    <textcolor>white</textcolor>
                    <selectedcolor>red</selectedcolor>
                    <align>left</align>
                    <info>ListItem.Label</info>
                </control>
                <control type="label">
                    <left>0</left>
                    <top>0</top>
                    <width>200</width>
                    <height>40</height>
                    <font>font13</font>
                    <align>center</align>
                    <aligny>center</aligny>
                    <textcolor>cyan</textcolor>
                    <selectedcolor>red</selectedcolor>
                    <align>left</align>
                    <info>ListItem.Label</info>
                    <visible>Control.HasFocus(7004)</visible>
                </control>
            </focusedlayout>
        </control>

        <control type="image">
            <description>Program background</description>
            <left>540</left>
            <top>10</top>
            <width>730</width>
            <height>700</height>
            <texture>menu-grey.png</texture>
			<bordertexture>aqua.png</bordertexture>
			<bordersize>2</bordersize>
            <visible>true</visible>
        </control>
        
        <control type="image" id="7002">
            <description>program image</description>
            <left>555</left>
            <top>428</top>
            <width>700</width>
            <height>260</height>
            <align>left</align>
            <aligny>top</aligny>
            <aspectratio>keep</aspectratio>
            <texture>-</texture>
        </control>

        <control type="label" id="7001">
            <description>program title</description>
            <left>550</left>
            <top>50</top>
            <width>710</width>
            <height>50</height>
            <textcolor>white</textcolor>
            <font>font13_title</font>
            <align>left</align>
            <aligny>top</aligny>
            <label/>
        </control>

        <control type="label" id="7003">
            <description>program date and time</description>
            <left>1260</left>
            <top>50</top>
            <width>710</width>
            <height>50</height>
            <textcolor>white</textcolor>
            <font>font13_title</font>
            <align>right</align>
            <aligny>top</aligny>
            <label></label>
        </control>

        <control type="label" id="7000">
            <description>program description</description>
            <left>550</left>
            <top>80</top>
            <width>710</width>
            <height>300</height>
            <textcolor>white</textcolor>
            <font>font13</font>
            <align>left</align>
            <aligny>top</aligny>
            <wrapmultiline>true</wrapmultiline>
			<autoscroll time="3600" delay="6000" repeat="6000">true</autoscroll>
            <label/>
        </control>

        <control type="label" id="4101">
			<description>channel title</description>
            <left>550</left>
            <top>10</top>
            <width>240</width>
            <height>50</height>
            <align>left</align>
            <aligny>center</aligny>
            <font>font13_title</font>
            <textcolor>white</textcolor>
            <visible>true</visible>
            <label>-</label>
        </control>
        <control type="image" id="4100">
            <description>channel logo</description>
            <left>1100</left>
            <top>640</top>
            <width>220</width>
            <height>60</height>
            <align>center</align>
            <aligny>center</aligny>
            <aspectratio>keep</aspectratio>
            <visible>true</visible>
        </control>

        <control type="button" id="4006">
            <!-- super favourites -->
            <left>285</left>
            <top>25</top>
            <width>200</width>
            <height>40</height>
            <texturefocus>menu-grey-focus.png</texturefocus>
            <texturenofocus>menu-grey.png</texturenofocus>
            <onup>7004</onup>
            <ondown>4005</ondown>
            <onleft>7004</onleft>
            <align>center</align>
            <aligny>center</aligny>
            <font>font13</font>
            <textcolor>white</textcolor>
			<focusedcolor>cyan</focusedcolor>
            <label>iSearch</label>
        </control>

        <control type="button" id="4005">
            <!-- watch from beginning -->
            <left>285</left>
            <top>75</top>
            <width>200</width>
            <height>40</height>
            <texturefocus>menu-grey-focus.png</texturefocus>
            <texturenofocus>menu-grey.png</texturenofocus>
            <onup>4006</onup>
            <ondown>4002</ondown>
            <onleft>7004</onleft>
            <align>center</align>
            <aligny>center</aligny>
            <font>font13</font>
            <textcolor>white</textcolor>
			<focusedcolor>cyan</focusedcolor>
            <label>Meta Search</label>
        </control>

        <control type="button" id="4002">
            <!-- REMINDER -->
            <left>285</left>
            <top>125</top>
            <width>200</width>
            <height>40</height>
            <texturefocus>menu-grey-focus.png</texturefocus>
            <texturenofocus>menu-grey.png</texturenofocus>
            <onup>4005</onup>
            <ondown>4008</ondown>
            <onleft>7004</onleft>
            <align>center</align>
            <aligny>center</aligny>
            <font>font13</font>
            <textcolor>white</textcolor>
			<focusedcolor>cyan</focusedcolor>
        </control>

        <control type="button" id="4008">
            <description>autoplay</description>
            <left>285</left>
            <top>175</top>
            <width>200</width>
            <height>40</height>
            <texturefocus>menu-grey-focus.png</texturefocus>
            <texturenofocus>menu-grey.png</texturenofocus>
            <onup>4002</onup>
            <ondown>4000</ondown>
            <onleft>7004</onleft>
            <align>center</align>
            <aligny>center</aligny>
            <font>font13</font>
            <textcolor>white</textcolor>
			<focusedcolor>cyan</focusedcolor>
            <label>Autoplay</label>
        </control>

        <control type="button" id="4000">
            <!-- Watch Stream -->
            <left>285</left>
            <top>325</top>
            <width>200</width>
            <height>40</height>
            <texturefocus>menu-grey-focus.png</texturefocus>
            <texturenofocus>menu-grey.png</texturenofocus>
            <onup>4008</onup>
            <ondown>4001</ondown>
            <onleft>7004</onleft>
            <align>center</align>
            <aligny>center</aligny>
            <font>font13</font>
            <textcolor>white</textcolor>
            <focusedcolor>cyan</focusedcolor>
			<visible>true</visible>
        </control>
        <control type="button" id="4001">
            <!-- Choose Stream -->
            <left>285</left>
            <top>375</top>
            <width>200</width>
            <height>40</height>
            <texturefocus>menu-grey-focus.png</texturefocus>
            <texturenofocus>menu-grey.png</texturenofocus>
            <onup>4000</onup>
            <ondown>4007</ondown>
            <onleft>7004</onleft>
            <align>center</align>
            <aligny>center</aligny>
            <font>font13</font>
            <textcolor>white</textcolor>
			<focusedcolor>cyan</focusedcolor>
            <label>Choose Stream</label>
        </control>
        <control type="button" id="4007">
            <!-- Stream Setup -->
            <left>285</left>
            <top>425</top>
            <width>200</width>
            <height>40</height>
            <texturefocus>menu-grey-focus.png</texturefocus>
            <texturenofocus>menu-grey.png</texturenofocus>
            <onup>4001</onup>
            <ondown>4003</ondown>
            <onleft>7004</onleft>
            <align>center</align>
            <aligny>center</aligny>
            <font>font13</font>
            <textcolor>white</textcolor>
			<focusedcolor>cyan</focusedcolor>
            <label>Stream Setup</label>
        </control>
        <control type="label">
            <!-- Choose Stream Text -->
            <left>20</left>
            <top>475</top>
            <width>200</width>
            <height>200</height>
            <font>font13</font>
            <textcolor>white</textcolor>
            <label>$ADDON[script.tvguide.dvr 30305]</label>
            <wrapmultiline>true</wrapmultiline>
            <visible>false</visible>
        </control>

        <control type="label" id="4102">
            <!-- Show Title -->
            <left>20</left>
            <top>525</top>
            <width>200</width>
            <height>40</height>
            <align>center</align>
            <aligny>center</aligny>
            <font>font13</font>
            <textcolor>white</textcolor>
            <visible>false</visible>
        </control>

        <control type="button" id="4003">
            <!-- CHANNELS -->
            <left>285</left>
            <top>475</top>
            <width>200</width>
            <height>40</height>
            <texturefocus>menu-grey-focus.png</texturefocus>
            <texturenofocus>menu-grey.png</texturenofocus>
            <onup>4007</onup>
            <ondown>80000</ondown>
            <onleft>7004</onleft>
            <align>center</align>
            <aligny>center</aligny>
            <font>font13</font>
            <textcolor>white</textcolor>
			<focusedcolor>cyan</focusedcolor>
            <label>$ADDON[script.tvguide.dvr 30307]</label>
        </control>




        <control type="button" id="80000">
            <!-- MY MOVIES -->
            <left>285</left>
            <top>436</top>
            <width>200</width>
            <height>40</height>
            <texturefocus>menu-grey-focus.png</texturefocus>
            <texturenofocus>menu-grey.png</texturenofocus>
            <onup>4002</onup>
            <ondown>80001</ondown>
            <onleft>7004</onleft>
            <align>center</align>
            <aligny>center</aligny>
            <font>font13</font>
            <textcolor>white</textcolor>
            <label>$ADDON[script.tvguide.dvr 80000]</label>
			<visible>false</visible>
        </control>

        <control type="button" id="80001">
            <!-- MY TV SHOWS -->
            <left>285</left>
            <top>488</top>
            <width>200</width>
            <height>40</height>
            <texturefocus>menu-grey-focus.png</texturefocus>
            <texturenofocus>menu-grey.png</texturenofocus>
            <onup>80000</onup>
            <ondown>80002</ondown>
            <onleft>7004</onleft>
            <align>center</align>
            <aligny>center</aligny>
            <font>font13</font>
            <textcolor>white</textcolor>
			<focusedcolor>cyan</focusedcolor>
            <label>$ADDON[script.tvguide.dvr 80001]</label>
			<visible>false</visible>
        </control>

        <control type="button" id="80002">
            <!-- VIDEO ADDONS -->
            <left>285</left>
            <top>540</top>
            <width>200</width>
            <height>40</height>
            <texturefocus>menu-grey-focus.png</texturefocus>
            <texturenofocus>menu-grey.png</texturenofocus>
            <onup>80001</onup>
            <ondown>4006</ondown>
            <onleft>7004</onleft>
            <align>center</align>
            <aligny>center</aligny>
            <font>font13</font>
            <textcolor>white</textcolor>
			<focusedcolor>cyan</focusedcolor>
            <label>$ADDON[script.tvguide.dvr 80002]</label>
			<visible>false</visible>
        </control>

        <control type="button" id="4004">
            <!-- QUIT -->
            <left>20</left>
            <top>650</top>
            <width>200</width>
            <height>40</height>
            <texturefocus>menu-grey-focus.png</texturefocus>
            <texturenofocus>menu-grey.png</texturenofocus>
            <onup>4003</onup>
            <ondown>80000</ondown>
            <onleft>7004</onleft>
            <align>center</align>
            <aligny>center</aligny>
            <font>font13</font>
            <textcolor>white</textcolor>
			<focusedcolor>cyan</focusedcolor>
            <label>$ADDON[script.tvguide.dvr 30308]</label>
            <visible>false</visible>
        </control>

        <control type="button" id="80004">
            <!-- QUIT -->
            <left>285</left>
            <top>660</top>
            <width>200</width>
            <height>40</height>
            <texturefocus>menu-grey-focus.png</texturefocus>
            <texturenofocus>menu-grey.png</texturenofocus>
            <onup>4003</onup>
            <ondown>80000</ondown>
            <onleft>7004</onleft>
            <align>center</align>
            <aligny>center</aligny>
            <font>font13</font>
            <textcolor>white</textcolor>
			<focusedcolor>cyan</focusedcolor>
            <label>Remove Category</label>
            <visible>false</visible>
        </control>

    </controls>
</window>
