<?xml version='1.0' encoding='UTF-8'?>
<shortcuts>
    <shortcut>
        <label2>Episode Hub Shortcut</label2>
        <label>20343</label>
        <action>ActivateWindow(Videos,TvShowTitles,return)</action>
        <icon>special://skin/extras/icons/tv.png</icon>
    </shortcut>
    <shortcut>
        <label2>Episode Hub Shortcut</label2>
        <label>40019</label>
        <action>ActivateWindow(Videos,RecentlyAddedEpisodes,return)</action>
        <icon>special://skin/extras/icons/recentlyadded.png</icon>
    </shortcut>
    <shortcut>
        <label2>Episode Hub Shortcut</label2>
        <label>40021</label>
        <action>PlayMedia(special://skin/playlists/random_episodes.xsp)</action>
        <icon>special://skin/extras/icons/signpost.png</icon>
    </shortcut>
    <shortcut>
        <label2>Episode Hub Shortcut</label2>
        <label>40022</label>
        <action>RunScript(script.tv.show.next.aired)</action>
        <icon>special://skin/extras/icons/antenna.png</icon>
        <visible>System.HasAddon(script.tv.show.next.aired)</visible>
    </shortcut>
    <shortcut>
        <label2>Episode Hub Shortcut</label2>
        <label>137</label>
        <action>RunScript(script.globalsearch,tvshows=true&amp;episodes=true&amp;movies=true)</action>
        <icon>special://skin/extras/icons/search.png</icon>
    </shortcut>
    <shortcut>
        <label2>Episode Hub Shortcut</label2>
        <label>135</label>            
        <action>ActivateWindow(Videos,TvShowGenres,return)</action>
        <icon>special://skin/extras/icons/genre.png</icon>
    </shortcut>
    <shortcut>
        <label2>Episode Hub Shortcut</label2>
        <label>20388</label>            
        <action>ActivateWindow(Videos,TvShowStudios,return)</action>
        <icon>special://skin/extras/icons/director.png</icon>
    </shortcut>
    <shortcut>
        <label2>Episode Hub Shortcut</label2>
        <label>344</label>
        <action>ActivateWindow(Videos,TvShowActors,return)</action>
        <icon>special://skin/extras/icons/actor.png</icon>
    </shortcut>
    <shortcut>
        <label2>Episode Hub Shortcut</label2>
        <label>652</label>            
        <action>ActivateWindow(Videos,TvShowYears,return)</action>
        <icon>special://skin/extras/icons/year.png</icon>
    </shortcut>
    <shortcut>
        <label2>Episode Hub Shortcut</label2>
        <label>136</label>
        <action>ActivateWindow(videos,special://videoplaylists/,return)</action>
        <icon>special://skin/extras/icons/playlist.png</icon>
    </shortcut>
    <shortcut>
        <label2>Episode Hub Shortcut</label2>
        <label>1214</label>
        <action>ActivateWindow(Videos,Files,return)</action>
        <icon>special://skin/extras/icons/files.png</icon>
    </shortcut>
    <shortcut>
        <label2>Episode Hub Shortcut</label2>
        <label>24001</label>
        <action>ActivateWindow(videos,addons://sources/video/,return)</action>
        <icon>special://skin/extras/icons/video-addons.png</icon>
    </shortcut>
    <shortcut>
        <label2>Episode Hub Shortcut</label2>
        <label>653</label>
        <action>UpdateLibrary(video)</action>
        <icon>special://skin/extras/icons/update.png</icon>
    </shortcut>
</shortcuts>
