<?xml version="1.0" encoding="UTF-8"?>
<colors>
	<color name="primary_background">FF006699</color>
	<color name="secondary_background">80A6111F</color>
	<color name="dialog_tint">FF22282A</color>
	<color name="background">FF000000</color>
	<color name="bg_image">FF909090</color>
	<color name="bg_overlay">30FFFFFF</color>
	<color name="black">FF000000</color>
	<color name="white">FFF0F0F0</color>
	<color name="grey">FFA0A0A0</color>
	<color name="blue">FF7ACAFE</color>
	<color name="red">FFCE4421</color>
	<color name="button_focus">FF2196F3</color>
	<color name="text_shadow">22000000</color>
	<color name="border_alpha">60FFFFFF</color>
	<color name="disabled">40FFFFFF</color>
	<color name="selected">FF11E7B1</color>
	<color name="invalid">FFFF0000</color>
	<color name="secondary">FFEC407A</color>
	<color name="primary">FF387ef5</color>
	<color name="IMDB">fff5de50</color>
	<color name="IMDB1">fff3ce13</color>

	<color name="hotpink">ffFF69B4</color>
	<color name="crimson">ffDC143C</color>
	<color name="yellow">ffFFFF00</color>
	<color name="green">ff7FFF00</color>

	<color name="cadmium yellow">fffff600</color>

</colors>
