<?xml version="1.0" encoding="utf-8"?>
<window type="dialog">
    <allowoverlay>no</allowoverlay>
    <defaultcontrol always="true">6000</defaultcontrol>
    <coordinates>
        <system>1</system>
        <posx>0</posx>
        <posy>0</posy>
    </coordinates>
    <controls>
        <control type="label" id="6001">
            <description>visibility marker for selection box</description>
        </control>

        <control type="image">
            <posx>0</posx>
            <posy>0</posy>
            <width>1280</width>
            <height>720</height>
            <texture>black-back.png</texture>
        </control>
        <control type="image">
            <posx>0</posx>
            <posy>0</posy>
            <width>1280</width>
            <height>720</height>
            <texture>black-back.png</texture>
        </control>
        <control type="image">
            <description>background</description>
            <posx>0</posx>
            <posy>0</posy>
            <width>1280</width>
            <height>720</height>
            <texture>background3.png</texture>
            <visible>true</visible>
        </control>

        <control type="group">
            <posx>370</posx>
            <posy>380</posy>
            <width>560</width>
            <height>40</height>
            <visible>!Control.IsVisible(6001)</visible>
            <animation type="Visible">
                <effect type="slide" start="450,0" end="0,0" time="500" />
            </animation>
            <animation type="Hidden">
                <effect type="slide" start="0,0" end="450,0" time="500" />
            </animation>

            <control type="image">
                <posx>0</posx>
                <posy>20</posy>
                <width>400</width>
                <height>40</height>
                <texture>tvguide-glasspane.png</texture>
            </control>
            <control type="image">
                <posx>0</posx>
                <posy>20</posy>
                <width>400</width>
                <height>40</height>
                <texture>tvguide-glasspane.png</texture>
            </control>

            <control type="image">
                <posx>12</posx>
                <posy>20</posy>
                <width>16</width>
                <height>40</height>
                <texture>tvguide-channel-updownarrow.png</texture>
            </control>
            <control type="image">
                <posx>40</posx>
                <posy>20</posy>
                <width>460</width>
                <height>38</height>
            </control>
            <control type="button" id="6002">
                <posx>36</posx>
                <posy>20</posy>
                <width>360</width>
                <height>38</height>
                <aligny>center</aligny>
                <font>font12</font>
                <textcolor>white</textcolor>
                <focusedcolor>black</focusedcolor>
                <label>text</label>
                <texturefocus>tvg-button-focus.png</texturefocus>
                <texturenofocus>tvg-button-nofocus.png</texturenofocus>
            </control>
            <control type="label">
                <posx>36</posx>
                <posy>70</posy>
                <width>410</width>
                <height>60</height>
                <font>font12</font>
                <textcolor>ffffffff</textcolor>
                <visible>false</visible>
                <label>$ADDON[script.tvguide.dvr 30501]</label>
            </control>
        </control>

        <control type="label">
            <posx>50</posx>
            <posy>80</posy>
            <width>520</width>
            <height>40</height>
            <align>left</align>
            <aligny>center</aligny>
            <font>font13_title</font>
            <textcolor>ffffffff</textcolor>
            <label>$ADDON[script.tvguide.dvr 30500]</label>
        </control>
        <control type="label">
            <description>Help and Tips</description>
            <posx>50</posx>
            <posy>160</posy>
            <width>500</width>
            <height>400</height>
            <textcolor>ffffffff</textcolor>
            <font>font12</font>
            <align>left</align>
            <aligny>top</aligny>
            <wrapmultiline>true</wrapmultiline>
            <autoscroll time="3600" delay="6000" repeat="6000">true</autoscroll>
            <label>$ADDON[script.tvguide.dvr 30501]</label>
        </control>

        <control type="fixedlist" id="6000">
            <posx>800</posx>
            <posy>40</posy>
            <width>470</width>
            <height>600</height>
            <viewtype label="list">list</viewtype>
            <orientation>vertical</orientation>
            <focusposition>9</focusposition>
            <onright>6003</onright>
            <itemlayout width="470" height="40">
                <control type="image">
                    <posx>0</posx>
                    <posy>0</posy>
                    <width>470</width>
                    <height>38</height>
                    <texture>tvg-button-nofocus.png</texture>
                </control>
                <control type="label">
                    <posx>16</posx>
                    <posy>0</posy>
                    <width>400</width>
                    <height>38</height>
                    <aligny>center</aligny>
                    <font>font12</font>
                    <textcolor>white</textcolor>
                    <info>ListItem.Label</info>
                </control>
                <control type="image">
                    <posx>470</posx>
                    <posy>0</posy>
                    <width>40</width>
                    <height>40</height>
                    <info>ListItem.Icon</info>
                </control>
            </itemlayout>
            <focusedlayout width="470" height="40">
                <control type="image">
                    <posx>0</posx>
                    <posy>0</posy>
                    <width>470</width>
                    <height>38</height>
                    <texture>tvg-button-nofocus.png</texture>
                    <visible>!Control.HasFocus(6000)</visible>
                </control>
                <control type="image">
                    <posx>0</posx>
                    <posy>0</posy>
                    <width>470</width>
                    <height>38</height>
                    <texture>tvg-button-focus.png</texture>
                    <visible>Control.HasFocus(6000)</visible>
                </control>
                <control type="image">
                    <posx>8</posx>
                    <posy>0</posy>
                    <width>12</width>
                    <height>40</height>
                    <texture>tvguide-channel-leftarrow.png</texture>
                </control>
                <control type="label">
                    <posx>16</posx>
                    <posy>0</posy>
                    <width>400</width>
                    <height>38</height>
                    <aligny>center</aligny>
                    <font>font12</font>
                    <textcolor>black</textcolor>
                    <label>[B]$INFO[ListItem.Label][/B]</label>
                    <visible>Control.HasFocus(6000)</visible>
                </control>
                <control type="label">
                    <posx>16</posx>
                    <posy>0</posy>
                    <width>400</width>
                    <height>38</height>
                    <aligny>center</aligny>
                    <font>font12</font>
                    <textcolor>white</textcolor>
                    <label>[B]$INFO[ListItem.Label][/B]</label>
                    <visible>!Control.HasFocus(6000)</visible>
                </control>
                <control type="image">
                    <posx>420</posx>
                    <posy>0</posy>
                    <width>40</width>
                    <height>40</height>
                    <info>ListItem.Icon</info>
                    <colordiffuse>black</colordiffuse>
                    <visible>Control.HasFocus(6000)</visible>
                </control>
                <control type="image">
                    <posx>420</posx>
                    <posy>0</posy>
                    <width>40</width>
                    <height>40</height>
                    <info>ListItem.Icon</info>
                    <visible>!Control.HasFocus(6000)</visible>
                </control>
            </focusedlayout>
        </control>

        <control type="button" id="6003">
            <posx>800</posx>
            <posy>670</posy>
            <width>220</width>
            <height>40</height>
            <align>center</align>
            <aligny>center</aligny>
            <font>font12</font>
            <textcolor>white</textcolor>
            <focusedcolor>black</focusedcolor>
            <label>$ADDON[script.tvguide.dvr 30502]</label>
            <texturefocus>tvg-button-focus.png</texturefocus>
            <texturenofocus>tvg-button-nofocus.png</texturenofocus>
            <onleft>6000</onleft>
            <onright>6004</onright>
            <onup>6000</onup>
        </control>
        <control type="button" id="6004">
            <posx>1050</posx>
            <posy>670</posy>
            <width>220</width>
            <height>40</height>
            <align>center</align>
            <aligny>center</aligny>
            <font>font12</font>
            <textcolor>white</textcolor>
            <focusedcolor>black</focusedcolor>
            <label>$ADDON[script.tvguide.dvr 30503]</label>
            <texturefocus>tvg-button-focus.png</texturefocus>
            <texturenofocus>tvg-button-nofocus.png</texturenofocus>
            <onleft>6003</onleft>
            <onright>6000</onright>
            <onup>6000</onup>
        </control>

    </controls>
</window>