<?xml version="1.0" encoding="UTF-8"?>
<includes>
	<include name="PVRWidget">
		<control type="image">
			<top>0</top>
			<left>0</left>
			<width>690</width>
			<height>225</height>
			<texture border="22">dialogs/dialog-bg.png</texture>
		</control>
		<control type="image">
			<left>40</left>
			<top>42</top>
			<width>140</width>
			<height>140</height>
			<aspectratio>keep</aspectratio>
			<texture background="true" fallback="DefaultVideoCover.png">$PARAM[icon]</texture>
		</control>
		<control type="label">
			<left>210</left>
			<top>47</top>
			<height>25</height>
			<width>420</width>
			<label>$PARAM[header]</label>
			<aligny>center</aligny>
			<font>font24_title</font>
			<textcolor>$VAR[ColourFocus]</textcolor>
			<shadowcolor>black</shadowcolor>
		</control>
		<control type="label">
			<left>210</left>
			<top>92</top>
			<height>105</height>
			<width>420</width>
			<label>$PARAM[label1][CR]$PARAM[label2]</label>
			<font>font12</font>
			<shadowcolor>black</shadowcolor>
		</control>
	</include>
	<include name="SubMenu">
		<control type="group">
			<height>110</height>
			<visible>$PARAM[visible]</visible>
			<animation effect="slide" end="110,0" time="0" condition="!Integer.IsGreater(Container($PARAM[list_id]).NumItems,0)">conditional</animation>
			<animation effect="slide" end="110,0" time="0" condition="!Integer.IsGreater(Container($PARAM[list_id]).NumItems,1)">conditional</animation>
			<animation effect="slide" end="110,0" time="0" condition="!Integer.IsGreater(Container($PARAM[list_id]).NumItems,2)">conditional</animation>
			<animation effect="slide" end="110,0" time="0" condition="!Integer.IsGreater(Container($PARAM[list_id]).NumItems,3)">conditional</animation>
			<animation effect="slide" end="110,0" time="0" condition="!Integer.IsGreater(Container($PARAM[list_id]).NumItems,4)">conditional</animation>
			<animation effect="slide" end="110,0" time="0" condition="!Integer.IsGreater(Container($PARAM[list_id]).NumItems,5)">conditional</animation>
			<animation effect="slide" end="110,0" time="0" condition="!Integer.IsGreater(Container($PARAM[list_id]).NumItems,6)">conditional</animation>
			<animation effect="slide" end="110,0" time="0" condition="!Integer.IsGreater(Container($PARAM[list_id]).NumItems,7)">conditional</animation>
			<control type="label">
				<left>235</left>
				<top>53</top>
				<width>700</width>
				<height>40</height>
				<label>$INFO[Container($PARAM[list_id]).Listitem.Label]</label>
				<shadowcolor>text_shadow</shadowcolor>
				<font>font20_title</font>
				<align>right</align>
				<animation effect="fade" time="200">VisibleChange</animation>
				<visible>Control.HasFocus($PARAM[list_id])</visible>
			</control>
			<control type="panel" id="$PARAM[list_id]">
				<orientation>horizontal</orientation>
				<onleft>9000</onleft>
				<left>935</left>
				<top>22</top>
				<height>110</height>
				<width>1355</width>
				<onup>20000</onup>
				<ondown>$PARAM[ondown_id]</ondown>
				<itemlayout width="110" height="120">
					<control type="image">
						<width>130</width>
						<height>110</height>
						<align>center</align>
						<aligny>center</aligny>
						<texture border="40">buttons/button-nofo.png</texture>
					</control>
					<control type="image">
						<left>45</left>
						<top>35</top>
						<width>40</width>
						<height>40</height>
						<align>center</align>
						<aligny>center</aligny>
						<texture>icons/submenu/$INFO[ListItem.Art(thumb)]</texture>
					</control>
				</itemlayout>
				<focusedlayout width="110" height="120">
					<control type="image">
						<width>130</width>
						<height>110</height>
						<align>center</align>
						<aligny>center</aligny>
						<texture border="40" colordiffuse="$VAR[ColourFocus]">buttons/button-fo.png</texture>
					</control>
					<control type="image">
						<left>45</left>
						<top>35</top>
						<width>40</width>
						<height>40</height>
						<align>center</align>
						<aligny>center</aligny>
						<texture>icons/submenu/$INFO[ListItem.Art(thumb)]</texture>
					</control>
				</focusedlayout>
				<content>
					<item>
						<label>$PARAM[item1_label]</label>
						<thumb>$PARAM[item1_icon]</thumb>
						<onclick>$PARAM[item1_onclick]</onclick>
						<visible>$PARAM[item1_vis]</visible>
					</item>
					<item>
						<label>$PARAM[item2_label]</label>
						<thumb>$PARAM[item2_icon]</thumb>
						<onclick>$PARAM[item2_onclick]</onclick>
						<visible>$PARAM[item2_vis]</visible>
					</item>
					<item>
						<label>$PARAM[item3_label]</label>
						<thumb>$PARAM[item3_icon]</thumb>
						<onclick>$PARAM[item3_onclick]</onclick>
						<visible>$PARAM[item3_vis]</visible>
					</item>
					<item>
						<label>$PARAM[item4_label]</label>
						<thumb>$PARAM[item4_icon]</thumb>
						<onclick>$PARAM[item4_onclick]</onclick>
						<visible>$PARAM[item4_vis]</visible>
					</item>
					<item>
						<label>$PARAM[item5_label]</label>
						<thumb>$PARAM[item5_icon]</thumb>
						<onclick>$PARAM[item5_onclick]</onclick>
						<visible>$PARAM[item5_vis]</visible>
					</item>
					<item>
						<label>$PARAM[item6_label]</label>
						<thumb>$PARAM[item6_icon]</thumb>
						<onclick>$PARAM[item6_onclick]</onclick>
						<visible>$PARAM[item6_vis]</visible>
					</item>
					<item>
						<label>$PARAM[item7_label]</label>
						<thumb>$PARAM[item7_icon]</thumb>
						<onclick>$PARAM[item7_onclick]</onclick>
						<visible>$PARAM[item7_vis]</visible>
					</item>
					<item>
						<label>$PARAM[item8_label]</label>
						<thumb>$PARAM[item8_icon]</thumb>
						<onclick>$PARAM[item8_onclick]</onclick>
						<visible>$PARAM[item8_vis]</visible>
					</item>
				</content>
			</control>
		</control>
	</include>
	<include name="WidgetListMovies">
		<control type="group">
			<description>Poster Widget including header and arrows</description>
			<height>404</height>
			<left>0</left>
			<top>0</top>
			<visible>Integer.IsGreater(Container($PARAM[list_id]).NumItems,0) | Container($PARAM[list_id]).IsUpdating</visible>
			<visible>$PARAM[visible]</visible>
			<include content="LeftRightArrows">
				<param name="posy" value="221" />
				<param name="list_id" value="$PARAM[list_id]" />
			</include>
			<control type="label">
				<left>500</left>
				<top>20</top>
				<width>600</width>
				<height>40</height>
				<label>$PARAM[widget_header]</label>
				<shadowcolor>text_shadow</shadowcolor>
			</control>
			<control type="panel" id="$PARAM[list_id]">
				<left>484</left>
				<top>60</top>
				<width>1385</width>
				<height>400</height>
				<scrolltime tween="cubic" easing="out">500</scrolltime>
				<orientation>horizontal</orientation>
				<onleft>9000</onleft>
				<onright>noop</onright>
				<onunfocus>SetProperty(listposition,$INFO[Container($PARAM[list_id]).Position],home)</onunfocus>
 				<onfocus>Control.Move($PARAM[list_id],-$INFO[Container($PARAM[list_id]).Position])</onfocus>
 				<onfocus>Control.Move($PARAM[list_id],$INFO[Window(home).Property(listposition)])</onfocus>
				<onup>$PARAM[onup_id]</onup>
				<ondown>$PARAM[ondown_id]</ondown>
				<onback>SetFocus(9000)</onback>
				<preloaditems>1</preloaditems>
				<itemlayout width="277" height="400">
					<control type="group">
						<control type="image">
							<left>0</left>
							<top>0</top>
							<width>240</width>
							<height>340</height>
							<texture fallback="DefaultVideo.png" background="true">$INFO[ListItem.Art(poster)]</texture>
							<bordertexture border="20">overlays/shadow.png</bordertexture>
							<bordersize>20</bordersize>
						</control>
					</control>
				</itemlayout>
				<focusedlayout width="277" height="400">
					<control type="button">
						<onfocus>SetProperty(SkinHelper.WidgetContainer,$PARAM[list_id])</onfocus>
						<texturenofocus>-</texturenofocus>
						<texturefocus>-</texturefocus>
					</control>
					<control type="group">
						<depth>DepthContentPopout</depth>
						<animation type="Focus" condition="!Skin.HasSetting(no_animations)">
							<effect type="zoom" start="100" end="107" time="200" tween="sine" easing="inout" center="110,130" />
						</animation>
						<animation type="Unfocus" condition="!Skin.HasSetting(no_animations)">
							<effect type="zoom" start="107" end="100" time="200" tween="sine" easing="inout" center="110,130" />
						</animation>
						<control type="image">
							<left>0</left>
							<top>0</top>
							<width>240</width>
							<height>340</height>
							<texture fallback="DefaultVideo.png" background="true">$INFO[ListItem.Art(poster)]</texture>
							<bordertexture border="20">overlays/shadow.png</bordertexture>
							<bordersize>20</bordersize>
						</control>
						<control type="group">
							<left>20</left>
							<top>20</top>
							<animation effect="fade" start="0" end="100" time="200">Focus</animation>
							<animation effect="fade" start="100" end="0" time="0">Unfocus</animation>
							<visible>Control.HasFocus($PARAM[list_id])</visible>
							<control type="image">
								<left>0</left>
								<visible>!Integer.IsEqual(ListItem.PercentPlayed,0)</visible>
								<width>200</width>
								<height>35</height>
								<texture>colors/black.png</texture>
								<animation effect="fade" start="0" end="70" time="50">Focus</animation>
							</control>
							<control type="progress">
								<left>20</left>
								<top>15</top>
								<width>160</width>
								<height>13</height>
								<info>ListItem.PercentPlayed</info>
								<visible>!Integer.IsEqual(ListItem.PercentPlayed,0)</visible>
							</control>
							<control type="image">
								<left>0</left>
								<top>0</top>
								<width>200</width>
								<height>300</height>
								<texture border="8" colordiffuse="$VAR[ColourFocus]">buttons/thumbnail_focused.png</texture>
							</control>
						</control>
					</control>
				</focusedlayout>
				<content target="$PARAM[widget_target]" limit="25">$PARAM[content_path]</content>
			</control>
		</control>
	</include>
	<include name="WidgetListPosters">
		<control type="group">
			<include>Visible_Right_Delayed</include>
			<description>Poster Widget including header and arrows</description>
			<height>404</height>
			<left>0</left>
			<top>0</top>
			<visible>$PARAM[visible]</visible>			
			<include content="LeftRightArrows">
				<param name="posy" value="221" />
				<param name="list_id" value="$PARAM[list_id]" />
			</include>
			<control type="label">
				<left>500</left>
				<top>20</top>
				<width>1315</width>
				<height>40</height>
				<scroll>yes</scroll>
				<label>$PARAM[widget_header]</label>
				<shadowcolor>text_shadow</shadowcolor>
				<visible>!String.IsEqual(Container(9000).ListItem.Property(widget),WeatherWidget) + !String.IsEqual(Container(9000).ListItem.Property(widget),SourcesWidget) + !String.IsEqual(Container(9000).ListItem.Property(widget),AddonsWidget) + !String.IsEqual(Container(9000).ListItem.Property(widget),PictureWidget) + !String.IsEqual(Container(9000).ListItem.Property(widget),RadioWidget) + !String.IsEqual(Container(9000).ListItem.Property(widget),LiveTVWidget) + [!String.IsEqual(Container(9000).ListItem.Property(widget),TVShowsWidget) + !String.IsEqual(Container(9000).ListItem.Property(widget),MusicWidget) + !String.IsEqual(Container(9000).ListItem.Property(widget),MusicVideoWidget) + !String.IsEqual(Container(9000).ListItem.Property(widget),MoviesWidget)</visible>
			</control>
			<control type="panel" id="$PARAM[list_id]">
				<left>484</left>
				<top>60</top>
				<width>1385</width>
				<height>400</height>
				<scrolltime tween="cubic" easing="out">500</scrolltime>
				<orientation>horizontal</orientation>
				<onleft>9000</onleft>
				<onright>noop</onright>
				<onunfocus>SetProperty(listposition,$INFO[Container($PARAM[list_id]).Position],home)</onunfocus>
 				<onfocus>Control.Move($PARAM[list_id],-$INFO[Container($PARAM[list_id]).Position])</onfocus>
 				<onfocus>Control.Move($PARAM[list_id],$INFO[Window(home).Property(listposition)])</onfocus>
				<onup>$PARAM[onup_id]</onup>
				<ondown>$PARAM[ondown_id]</ondown>
				<onback>SetFocus(9000)</onback>
				<preloaditems>1</preloaditems>
				<itemlayout width="277" height="400">
					<control type="group">
						<control type="image">
							<left>0</left>
							<top>0</top>
							<width>240</width>
							<height>340</height>
							<texture fallback="DefaultVideo.png" background="true">$PARAM[item_image]</texture>
							<bordertexture border="20">overlays/shadow.png</bordertexture>
							<bordersize>20</bordersize>
						</control>
					</control>
				</itemlayout>
				<focusedlayout width="277" height="400">
					<control type="button">
						<onfocus>SetProperty(SkinHelper.WidgetContainer,$PARAM[list_id])</onfocus>
						<texturenofocus>-</texturenofocus>
						<texturefocus>-</texturefocus>
					</control>
					<control type="group">
						<depth>DepthContentPopout</depth>
						<animation type="Focus" condition="!Skin.HasSetting(no_animations)">
							<effect type="zoom" start="100" end="107" time="200" tween="sine" easing="inout" center="110,130" />
						</animation>
						<animation type="Unfocus" condition="!Skin.HasSetting(no_animations)">
							<effect type="zoom" start="107" end="100" time="200" tween="sine" easing="inout" center="110,130" />
						</animation>
						<control type="image">
							<left>0</left>
							<top>0</top>
							<width>240</width>
							<height>340</height>
							<texture fallback="DefaultVideo.png" background="true">$PARAM[item_image]</texture>
							<bordertexture border="20">overlays/shadow.png</bordertexture>
							<bordersize>20</bordersize>
						</control>
						<control type="group">
							<left>20</left>
							<top>20</top>
							<animation effect="fade" start="0" end="100" time="200">Focus</animation>
							<animation effect="fade" start="100" end="0" time="0">Unfocus</animation>
							<visible>Control.HasFocus($PARAM[list_id])</visible>
							<control type="image">
								<left>0</left>
								<top>244</top>
								<width>200</width>
								<height>57</height>
								<texture>colors/black.png</texture>
								<animation effect="fade" start="0" end="70" time="50">Focus</animation>
							</control>
							<control type="image">
								<left>0</left>
								<visible>!Integer.IsEqual(ListItem.PercentPlayed,0)</visible>
								<width>200</width>
								<height>35</height>
								<texture>colors/black.png</texture>
								<animation effect="fade" start="0" end="70" time="50">Focus</animation>
							</control>
							<control type="label">
								<left>20</left>
								<top>254</top>
								<width>160</width>
								<label>[COLOR =$VAR[ColourFocus]]$INFO[ListItem.Season,,x]$INFO[ListItem.Episode] $INFO[ListItem.Artist,, [COLOR FFFFFFFF]-[/COLOR] ][/COLOR]$INFO[ListItem.Label]</label>
								<font>font10</font>
								<scroll>yes</scroll>
								<shadowcolor>text_shadow</shadowcolor>
								<align>center</align>
							</control>
							<control type="progress">
								<left>20</left>
								<top>15</top>
								<width>160</width>
								<height>13</height>
								<info>ListItem.PercentPlayed</info>
								<visible>!Integer.IsEqual(ListItem.PercentPlayed,0)</visible>
							</control>
							<control type="image">
								<left>0</left>
								<top>0</top>
								<width>200</width>
								<height>300</height>
								<texture border="8" colordiffuse="$VAR[ColourFocus]">buttons/thumbnail_focused.png</texture>
							</control>
						</control>
					</control>
				</focusedlayout>
				<content target="$PARAM[widget_target]" limit="25">$PARAM[content_path]</content>
			</control>
		</control>
	</include>
	<include name="WidgetListPosters2">
		<control type="group">
			<include>Visible_Right_Delayed</include>
			<description>Poster Widget including header and arrows</description>
			<height>404</height>
			<left>0</left>
			<top>0</top>
			<visible>$PARAM[visible]</visible>
			<include content="LeftRightArrows">
				<param name="posy" value="221" />
				<param name="list_id" value="$PARAM[list_id]" />
			</include>
			<control type="label">
				<left>500</left>
				<top>20</top>
				<width>1315</width>
				<height>40</height>
				<scroll>yes</scroll>
				<label>$PARAM[widget_header]</label>
				<shadowcolor>text_shadow</shadowcolor>
			</control>
			<control type="panel" id="$PARAM[list_id]">
				<left>484</left>
				<top>60</top>
				<width>1385</width>
				<height>400</height>
				<scrolltime tween="cubic" easing="out">500</scrolltime>
				<orientation>horizontal</orientation>
				<onleft>9000</onleft>
				<onright>noop</onright>
				<onunfocus>SetProperty(listposition,$INFO[Container($PARAM[list_id]).Position],home)</onunfocus>
				<onfocus>Control.Move($PARAM[list_id],-$INFO[Container($PARAM[list_id]).Position])</onfocus>
				<onfocus>Control.Move($PARAM[list_id],$INFO[Window(home).Property(listposition)])</onfocus>
				<onup>$PARAM[onup_id]</onup>
				<ondown>$PARAM[ondown_id]</ondown>
				<onback>SetFocus(9000)</onback>
				<preloaditems>1</preloaditems>
				<itemlayout width="277" height="400">
					<control type="group">
						<control type="image">
							<left>0</left>
							<top>0</top>
							<width>240</width>
							<height>340</height>
							<texture fallback="DefaultVideo.png" background="true">$PARAM[item_image]</texture>
							<bordertexture border="20">overlays/shadow.png</bordertexture>
							<bordersize>20</bordersize>
						</control>
					</control>
				</itemlayout>
				<focusedlayout width="277" height="400">
					<control type="button">
						<onfocus>SetProperty(SkinHelper.WidgetContainer,$PARAM[list_id])</onfocus>
						<texturenofocus>-</texturenofocus>
						<texturefocus>-</texturefocus>
					</control>
					<control type="group">
						<depth>DepthContentPopout</depth>
						<animation type="Focus" condition="!Skin.HasSetting(no_animations)">
							<effect type="zoom" start="100" end="107" time="200" tween="sine" easing="inout" center="110,130" />
						</animation>
						<animation type="Unfocus" condition="!Skin.HasSetting(no_animations)">
							<effect type="zoom" start="107" end="100" time="200" tween="sine" easing="inout" center="110,130" />
						</animation>
						<control type="image">
							<left>0</left>
							<top>0</top>
							<width>240</width>
							<height>340</height>
							<texture fallback="DefaultVideo.png" background="true">$PARAM[item_image]</texture>
							<bordertexture border="20">overlays/shadow.png</bordertexture>
							<bordersize>20</bordersize>
						</control>
						<control type="group">
							<left>20</left>
							<top>20</top>
							<animation effect="fade" start="0" end="100" time="200">Focus</animation>
							<animation effect="fade" start="100" end="0" time="0">Unfocus</animation>
							<visible>Control.HasFocus($PARAM[list_id])</visible>
							<control type="image">
								<left>0</left>
								<visible>!Integer.IsEqual(ListItem.PercentPlayed,0)</visible>
								<width>200</width>
								<height>35</height>
								<texture>colors/black.png</texture>
								<animation effect="fade" start="0" end="70" time="50">Focus</animation>
							</control>
							<control type="progress">
								<left>20</left>
								<top>15</top>
								<width>160</width>
								<height>13</height>
								<info>ListItem.PercentPlayed</info>
								<visible>!Integer.IsEqual(ListItem.PercentPlayed,0)</visible>
							</control>
							<control type="image">
								<left>0</left>
								<top>0</top>
								<width>200</width>
								<height>300</height>
								<texture border="8" colordiffuse="$VAR[ColourFocus]">buttons/thumbnail_focused.png</texture>
							</control>
						</control>
					</control>
				</focusedlayout>
				<content target="$PARAM[widget_target]" limit="25">$PARAM[content_path]</content>
			</control>
		</control>
	</include>
	<include name="ImageWidgetHeader">
		<control type="group">
			<include>Visible_Right_Delayed</include>
			<height>110</height>
			<visible>$PARAM[visible]</visible>
			<control type="image">
				<top>13</top>
				<left>478</left>
				<width>1370</width>
				<height>114</height>
				<texture border="22">dialogs/dialog-bg.png</texture>
			</control>
			<control type="label">
				<top>6</top>
				<left>478</left>
				<width>1370</width>
				<height>120</height>
				<font>font30_title</font>
				<align>center</align>
				<aligny>center</aligny>
				<label>$PARAM[widget_header]</label>
			</control>
		</control>
	</include>
	<include name="ImageWidget">
		<param name="onup_id">20000</param>
		<param name="ondown_id">20001</param>
		<param name="visible_1">true</param>
		<param name="visible_2">true</param>
		<param name="button2_onclick">true</param>
		<definition>
			<control type="group">
				<visible>$PARAM[visible]</visible>
				<control type="image">
					<top>-5</top>
					<left>478</left>
					<width>1370</width>
					<height>806</height>
					<texture border="22">dialogs/dialog-bg.png</texture>
				</control>
				<control type="multiimage">
					<top>25</top>
					<left>508</left>
					<width>1310</width>
					<height>746</height>
					<aspectratio>scale</aspectratio>
					<randomize>true</randomize>
					<timeperimage>3000</timeperimage>
					<imagepath fallback="special://skin/extras/home-images/pictures.jpg">$PARAM[image_path]</imagepath>
				</control>
				<control type="image">
					<top>671</top>
					<left>508</left>
					<width>1310</width>
					<height>100</height>
					<texture colordiffuse="AAFFFFFF">colors/black.png</texture>
					<visible>Control.HasFocus(801) | Control.HasFocus(802) | Control.HasFocus(803) | Control.HasFocus(804) | Control.HasFocus(900)</visible>
				</control>
				<control type="grouplist" id="$PARAM[button_id]567">
					<top>680</top>
					<left>508</left>
					<width>1310</width>
					<orientation>horizontal</orientation>
					<align>center</align>
					<onleft>9000</onleft>
					<onup>$PARAM[onup_id]</onup>
					<ondown>$PARAM[ondown_id]</ondown>
					<control type="button" id="$PARAM[button_id]">
						<width>auto</width>
						<height>110</height>
						<label>$PARAM[button_label]</label>
						<textoffsetx>40</textoffsetx>
						<onclick>$PARAM[button_onclick]</onclick>
						<align>center</align>
						<texturefocus border="40" colordiffuse="$VAR[ColourFocus]">buttons/dialogbutton-fo.png</texturefocus>
						<texturenofocus border="40">buttons/dialogbutton-nofo.png</texturenofocus>
						<visible>$PARAM[visible_1]</visible>
					</control>
					<control type="button" id="$PARAM[button_id]568">
						<width>auto</width>
						<height>110</height>
						<label>$LOCALIZE[31116]</label>
						<textoffsetx>40</textoffsetx>
						<onclick>$PARAM[button2_onclick]</onclick>
						<onclick>SetFocus(9000)</onclick>
						<align>center</align>
						<texturefocus border="40" colordiffuse="$VAR[ColourFocus]">buttons/dialogbutton-fo.png</texturefocus>
						<texturenofocus border="40">buttons/dialogbutton-nofo.png</texturenofocus>
						<visible>$PARAM[visible_2]</visible>
					</control>
				</control>
				<control type="textbox" id="$PARAM[button_id]">
					<top>681</top>
					<left>558</left>
					<width>1220</width>
					<height>80</height>
					<label>$PARAM[text_label]</label>
					<align>center</align>
					<aligny>center</aligny>
					<font>font12</font>
					<visible>Control.HasFocus(801) | Control.HasFocus(802) | Control.HasFocus(803) | Control.HasFocus(804) | Control.HasFocus(900)</visible>
				</control>
			</control>
		</definition>
	</include>
	<include name="ImageWidget2">
		<param name="onup_id">20000</param>
		<param name="ondown_id">20001</param>
		<param name="visible_1">true</param>
		<param name="visible_2">true</param>
		<param name="button2_onclick">true</param>
		<definition>
			<control type="group">
				<include>Visible_Right_Delayed</include>
				<visible>$PARAM[visible]</visible>
				<control type="image">
					<top>103</top>
					<left>478</left>
					<width>1370</width>
					<height>806</height>
					<texture border="22">dialogs/dialog-bg.png</texture>
				</control>
				<control type="multiimage">
					<top>133</top>
					<left>508</left>
					<width>1310</width>
					<height>746</height>
					<aspectratio>scale</aspectratio>
					<randomize>true</randomize>
					<timeperimage>3000</timeperimage>
					<imagepath fallback="special://skin/extras/home-images/pictures.jpg">$PARAM[image_path]</imagepath>
				</control>
				<control type="grouplist" id="$PARAM[button_id]567">
					<top>680</top>
					<left>508</left>
					<width>1310</width>
					<orientation>horizontal</orientation>
					<align>center</align>
					<onleft>9000</onleft>
					<onup>$PARAM[onup_id]</onup>
					<ondown>$PARAM[ondown_id]</ondown>
					<control type="button" id="$PARAM[button_id]">
						<width>auto</width>
						<height>110</height>
						<label>$PARAM[button_label]</label>
						<textoffsetx>40</textoffsetx>
						<onclick>$PARAM[button_onclick]</onclick>
						<align>center</align>
						<texturefocus border="40" colordiffuse="$VAR[ColourFocus]">buttons/dialogbutton-fo.png</texturefocus>
						<texturenofocus border="40">buttons/dialogbutton-nofo.png</texturenofocus>
						<visible>$PARAM[visible_1]</visible>
					</control>
					<control type="button" id="$PARAM[button_id]568">
						<width>auto</width>
						<height>110</height>
						<label>$LOCALIZE[31116]</label>
						<textoffsetx>40</textoffsetx>
						<onclick>$PARAM[button2_onclick]</onclick>
						<onclick>SetFocus(9000)</onclick>
						<align>center</align>
						<texturefocus border="40" colordiffuse="$VAR[ColourFocus]">buttons/dialogbutton-fo.png</texturefocus>
						<texturenofocus border="40">buttons/dialogbutton-nofo.png</texturenofocus>
						<visible>$PARAM[visible_2]</visible>
					</control>
				</control>
				<control type="textbox" id="$PARAM[button_id]">
					<top>681</top>
					<left>558</left>
					<width>1220</width>
					<height>80</height>
					<label>$PARAM[text_label]</label>
					<align>center</align>
					<aligny>center</aligny>
					<font>font12</font>
					<visible>Control.HasFocus(801) | Control.HasFocus(802) | Control.HasFocus(803) | Control.HasFocus(804) | Control.HasFocus(900)</visible>
				</control>
			</control>
		</definition>
	</include>
	<include name="ImageWidget3">
		<param name="onup_id">20000</param>
		<param name="ondown_id">20001</param>
		<param name="visible_1">true</param>
		<param name="visible_2">true</param>
		<param name="button2_onclick">true</param>
		<definition>
			<control type="group">
				<include>Visible_Right_Delayed</include>
				<visible>$PARAM[visible]</visible>
				<control type="image">
					<top>-5</top>
					<left>478</left>
					<width>1370</width>
					<height>806</height>
					<texture border="22">dialogs/dialog-bg.png</texture>
				</control>
				<control type="multiimage">
					<top>25</top>
					<left>508</left>
					<width>1310</width>
					<height>746</height>
					<aspectratio>scale</aspectratio>
					<randomize>true</randomize>
					<timeperimage>3000</timeperimage>
					<imagepath fallback="special://skin/extras/home-images/pictures.jpg">$PARAM[image_path]</imagepath>
				</control>
				<control type="grouplist" id="$PARAM[button_id]567">
					<top>680</top>
					<left>508</left>
					<width>1310</width>
					<orientation>horizontal</orientation>
					<align>center</align>
					<onleft>9000</onleft>
					<onup>$PARAM[onup_id]</onup>
					<ondown>$PARAM[ondown_id]</ondown>
					<control type="button" id="$PARAM[button_id]">
						<width>auto</width>
						<height>110</height>
						<label>$PARAM[button_label]</label>
						<textoffsetx>40</textoffsetx>
						<onclick>$PARAM[button_onclick]</onclick>
						<align>center</align>
						<texturefocus border="40" colordiffuse="$VAR[ColourFocus]">buttons/dialogbutton-fo.png</texturefocus>
						<texturenofocus border="40">buttons/dialogbutton-nofo.png</texturenofocus>
						<visible>$PARAM[visible_1]</visible>
					</control>
					<control type="button" id="$PARAM[button_id]568">
						<width>auto</width>
						<height>110</height>
						<label>$LOCALIZE[31116]</label>
						<textoffsetx>40</textoffsetx>
						<onclick>$PARAM[button2_onclick]</onclick>
						<onclick>SetFocus(9000)</onclick>
						<align>center</align>
						<texturefocus border="40" colordiffuse="$VAR[ColourFocus]">buttons/dialogbutton-fo.png</texturefocus>
						<texturenofocus border="40">buttons/dialogbutton-nofo.png</texturenofocus>
						<visible>$PARAM[visible_2]</visible>
					</control>
				</control>
				<control type="textbox" id="$PARAM[button_id]">
					<top>681</top>
					<left>558</left>
					<width>1220</width>
					<height>80</height>
					<label>$PARAM[text_label]</label>
					<align>center</align>
					<aligny>center</aligny>
					<font>font12</font>
				</control>
			</control>
		</definition>
	</include>
	<include name="WidgetListEpisodes">
		<param name="sortby"></param>
		<param name="sortorder">ascending</param>
		<definition>
			<control type="group">
				<description>Episode Widget including header and arrows</description>
				<height>405</height>
				<left>0</left>
				<top>0</top>
				<visible>Integer.IsGreater(Container($PARAM[list_id]).NumItems,0) | Container($PARAM[list_id]).IsUpdating</visible>
				<visible>$PARAM[visible]</visible>
				<include content="LeftRightArrows">
					<param name="posy" value="210" />
					<param name="list_id" value="$PARAM[list_id]" />
				</include>
				<control type="label">
					<left>500</left>
					<top>15</top>
					<width>600</width>
					<height>40</height>
					<label>$PARAM[widget_header]</label>
					<shadowcolor>text_shadow</shadowcolor>
				</control>
				<control type="panel" id="$PARAM[list_id]">
					<left>480</left>
					<top>60</top>
					<width>1372</width>
					<height>400</height>
					<scrolltime tween="cubic" easing="out">500</scrolltime>
					<orientation>horizontal</orientation>
					<onleft>9000</onleft>
					<onright>noop</onright>
					<onunfocus>SetProperty(listposition,$INFO[Container($PARAM[list_id]).Position],home)</onunfocus>
 					<onfocus>Control.Move($PARAM[list_id],-$INFO[Container($PARAM[list_id]).Position])</onfocus>
					<onfocus>Control.Move($PARAM[list_id],$INFO[Window(home).Property(listposition)])</onfocus>
					<onup>$PARAM[onup_id]</onup>
					<ondown>$PARAM[ondown_id]</ondown>
					<onback>SetFocus(9000)</onback>
					<preloaditems>1</preloaditems>
					<itemlayout width="341" height="400">
						<control type="image">
							<left>0</left>
							<top>1</top>
							<width>348</width>
							<height>290</height>
							<texture border="40">buttons/button-nofo.png</texture>
						</control>
						<control type="image">
							<left>25</left>
							<top>25</top>
							<width>298</width>
							<height>220</height>
							<aspectratio aligny="top">keep</aspectratio>
							<texture fallback="DefaultVideo.png" background="true">$PARAM[item_image]</texture>
						</control>
						<control type="label">
							<left>30</left>
							<top>203</top>
							<width>288</width>
							<label>$PARAM[second_label]</label>
							<font>font10</font>
							<shadowcolor>text_shadow</shadowcolor>
							<align>center</align>
						</control>
						<control type="label">
							<left>30</left>
							<top>229</top>
							<width>288</width>
							<label>$INFO[ListItem.TVShowTitle]</label>
							<font>font10</font>
							<shadowcolor>text_shadow</shadowcolor>
							<align>center</align>
						</control>
					</itemlayout>
					<focusedlayout width="341" height="400">
						<control type="button">
							<onfocus>SetProperty(SkinHelper.WidgetContainer,$PARAM[list_id])</onfocus>
							<texturenofocus>-</texturenofocus>
							<texturefocus>-</texturefocus>
						</control>
						<control type="group">
							<depth>DepthContentPopout</depth>
							<animation type="Focus" condition="!Skin.HasSetting(no_animations)">
								<effect type="zoom" start="100" end="105" time="200" tween="sine" easing="inout" center="233,90" />
							</animation>
							<animation type="Unfocus" condition="!Skin.HasSetting(no_animations)">
								<effect type="zoom" start="105" end="100" time="200" tween="sine" easing="inout" center="233,90" />
							</animation>
							<control type="image">
								<left>0</left>
								<top>1</top>
								<width>348</width>
								<height>290</height>
								<texture border="40">buttons/button-nofo.png</texture>
							</control>
							<control type="image">
								<left>25</left>
								<top>25</top>
								<width>298</width>
								<height>220</height>
								<aspectratio aligny="top">keep</aspectratio>
								<texture fallback="DefaultVideo.png" background="true">$PARAM[item_image]</texture>
							</control>
							<control type="group">
								<left>20</left>
								<top>20</top>
								<visible>!Integer.IsEqual(ListItem.PercentPlayed,0) + Control.HasFocus($PARAM[list_id])</visible>
								<animation effect="fade" start="0" end="100" time="200">Focus</animation>
								<animation effect="fade" start="100" end="0" time="0">Unfocus</animation>
								<control type="image">
									<left>0</left>
									<top>0</top>
									<width>310</width>
									<height>30</height>
									<texture colordiffuse="99FFFFFF">colors/black.png</texture>
								</control>
								<control type="progress">
									<left>30</left>
									<top>10</top>
									<width>250</width>
									<height>13</height>
									<info>ListItem.PercentPlayed</info>
								</control>
							</control>
							<control type="label">
								<left>30</left>
								<top>203</top>
								<width>288</width>
								<label>$PARAM[second_label]</label>
								<scroll>true</scroll>
								<font>font10</font>
								<shadowcolor>text_shadow</shadowcolor>
								<align>center</align>
							</control>
							<control type="label">
								<left>30</left>
								<top>229</top>
								<width>288</width>
								<scroll>true</scroll>
								<label>$INFO[ListItem.TVShowTitle]</label>
								<font>font10</font>
								<shadowcolor>text_shadow</shadowcolor>
								<align>center</align>
							</control>
							<control type="image">
								<left>18.5</left>
								<top>17</top>
								<width>312</width>
								<height>256</height>
								<texture background="true" border="8" colordiffuse="$VAR[ColourFocus]">buttons/thumbnail_focused.png</texture>
								<animation effect="fade" start="0" end="100" time="200">Focus</animation>
								<animation effect="fade" start="100" end="0" time="0">Unfocus</animation>
								<visible>Control.HasFocus($PARAM[list_id])</visible>
							</control>
						</control>
					</focusedlayout>
					<content sortby="$PARAM[sortby]" sortorder="$PARAM[sortorder]" target="$PARAM[widget_target]" limit="25">$PARAM[content_path]</content>
				</control>
			</control>
		</definition>
	</include>
	<include name="WidgetListThumbs">
		<definition>
			<control type="group">
				<include>Visible_Right_Delayed</include>
				<description>Episode Widget including header and arrows</description>
				<height>405</height>
				<left>0</left>
				<top>0</top>
				<visible>$PARAM[visible]</visible>
				<include content="LeftRightArrows">
					<param name="posy" value="210" />
					<param name="list_id" value="$PARAM[list_id]" />
				</include>
				<control type="label">
					<left>500</left>
					<top>15</top>
					<width>600</width>
					<height>40</height>
					<label>$PARAM[widget_header]</label>
					<shadowcolor>text_shadow</shadowcolor>
				</control>
				<control type="panel" id="$PARAM[list_id]">
					<left>480</left>
					<top>60</top>
					<width>1372</width>
					<height>400</height>
					<scrolltime tween="cubic" easing="out">500</scrolltime>
					<orientation>horizontal</orientation>
					<onleft>9000</onleft>
					<onright>noop</onright>
					<onunfocus>SetProperty(listposition,$INFO[Container($PARAM[list_id]).Position],home)</onunfocus>
 					<onfocus>Control.Move($PARAM[list_id],-$INFO[Container($PARAM[list_id]).Position])</onfocus>
 					<onfocus>Control.Move($PARAM[list_id],$INFO[Window(home).Property(listposition)])</onfocus>
					<onup>$PARAM[onup_id]</onup>
					<ondown>$PARAM[ondown_id]</ondown>
					<onback>SetFocus(9000)</onback>
					<preloaditems>1</preloaditems>
					<itemlayout width="341" height="400">
						<control type="image">
							<left>0</left>
							<top>1</top>
							<width>348</width>
							<height>290</height>
							<texture border="40">buttons/button-nofo.png</texture>
						</control>
						<control type="image">
							<left>25</left>
							<top>25</top>
							<width>298</width>
							<height>220</height>
							<aspectratio aligny="top">keep</aspectratio>
							<texture fallback="DefaultVideo.png" background="true">$PARAM[item_image]</texture>
						</control>
						<control type="label">
							<left>30</left>
							<top>213</top>
							<width>288</width>
							<label>[COLOR =$VAR[ColourFocus]]$INFO[ListItem.Season,,x]$INFO[ListItem.Episode] $INFO[ListItem.Artist,, [COLOR FFFFFFFF]-[/COLOR] ][/COLOR]$INFO[ListItem.Label]</label>
							<font>font10</font>
							<shadowcolor>text_shadow</shadowcolor>
							<align>center</align>
						</control>
					</itemlayout>
					<focusedlayout width="341" height="400">
						<control type="button">
							<onfocus>SetProperty(SkinHelper.WidgetContainer,$PARAM[list_id])</onfocus>
							<texturenofocus>-</texturenofocus>
							<texturefocus>-</texturefocus>
						</control>
						<control type="group">
							<depth>DepthContentPopout</depth>
							<animation type="Focus" condition="!Skin.HasSetting(no_animations)">
								<effect type="zoom" start="100" end="105" time="200" tween="sine" easing="inout" center="233,90" />
							</animation>
							<animation type="Unfocus" condition="!Skin.HasSetting(no_animations)">
								<effect type="zoom" start="105" end="100" time="200" tween="sine" easing="inout" center="233,90" />
							</animation>
							<control type="image">
								<left>0</left>
								<top>1</top>
								<width>348</width>
								<height>290</height>
								<texture border="40">buttons/button-nofo.png</texture>
							</control>
							<control type="image">
								<left>25</left>
								<top>25</top>
								<width>298</width>
								<height>220</height>
								<aspectratio aligny="top">keep</aspectratio>
								<texture fallback="DefaultVideo.png" background="true">$PARAM[item_image]</texture>
							</control>
							<control type="group">
								<left>20</left>
								<top>20</top>
								<visible>!Integer.IsEqual(ListItem.PercentPlayed,0) + Control.HasFocus($PARAM[list_id])</visible>
								<animation effect="fade" start="0" end="100" time="200">Focus</animation>
								<animation effect="fade" start="100" end="0" time="0">Unfocus</animation>
								<control type="image">
									<left>0</left>
									<top>0</top>
									<width>310</width>
									<height>30</height>
									<texture colordiffuse="99FFFFFF">colors/black.png</texture>
								</control>
								<control type="progress">
									<left>30</left>
									<top>10</top>
									<width>250</width>
									<height>13</height>
									<info>ListItem.PercentPlayed</info>
								</control>
							</control>
							<control type="label">
								<left>30</left>
								<top>213</top>
								<width>288</width>
								<scroll>yes</scroll>
								<label>[COLOR =$VAR[ColourFocus]]$INFO[ListItem.Season,,x]$INFO[ListItem.Episode] $INFO[ListItem.Artist,, [COLOR FFFFFFFF]-[/COLOR] ][/COLOR]$INFO[ListItem.Label]</label>
								<font>font10</font>
								<shadowcolor>text_shadow</shadowcolor>
								<align>center</align>
							</control>
							<control type="image">
								<left>18.5</left>
								<top>17</top>
								<width>312</width>
								<height>256</height>
								<texture background="true" border="8" colordiffuse="$VAR[ColourFocus]">buttons/thumbnail_focused.png</texture>
								<animation effect="fade" start="0" end="100" time="200">Focus</animation>
								<animation effect="fade" start="100" end="0" time="0">Unfocus</animation>
								<visible>Control.HasFocus($PARAM[list_id])</visible>
							</control>
						</control>
					</focusedlayout>
					<content target="$PARAM[widget_target]" limit="25">$PARAM[content_path]</content>
				</control>
			</control>
		</definition>
	</include>
	<include name="WidgetListSquare">
		<param name="height">405</param>
		<param name="sub_label">$INFO[ListItem.Label]</param>
		<param name="sortby"></param>
		<param name="visible">True</param>
		<param name="sortorder">ascending</param>
		<param name="main_label">$INFO[ListItem.Year,[COLOR =subwhite], - [/COLOR]]$INFO[ListItem.Artist]</param>
		<definition>
			<control type="group">
				<description>Square Widget including header and arrows</description>
				<height>$PARAM[height]</height>
				<left>0</left>
				<visible>$PARAM[visible]</visible>
				<visible>Integer.IsGreater(Container($PARAM[list_id]).NumItems,0) | Container($PARAM[list_id]).IsUpdating</visible>
				<include content="LeftRightArrows">
					<param name="posy" value="200" />
					<param name="list_id" value="$PARAM[list_id]" />
				</include>
				<control type="label">
					<left>500</left>
					<top>15</top>
					<width>600</width>
					<height>40</height>
					<label>$PARAM[widget_header]</label>
					<shadowcolor>text_shadow</shadowcolor>
				</control>
				<control type="panel" id="$PARAM[list_id]">
					<left>480</left>
					<top>55</top>
					<width>1372</width>
					<height>400</height>
					<scrolltime tween="cubic" easing="out">500</scrolltime>
					<orientation>horizontal</orientation>
					<onleft>9000</onleft>
					<onright>noop</onright>
					<onunfocus>SetProperty(listposition,$INFO[Container($PARAM[list_id]).Position],home)</onunfocus>
 					<onfocus>Control.Move($PARAM[list_id],-$INFO[Container($PARAM[list_id]).Position])</onfocus>
 					<onfocus>Control.Move($PARAM[list_id],$INFO[Window(home).Property(listposition)])</onfocus>
					<onup>$PARAM[onup_id]</onup>
					<ondown>$PARAM[ondown_id]</ondown>
					<onback>SetFocus(9000)</onback>
					<preloaditems>1</preloaditems>
					<itemlayout width="343" height="400">
						<control type="image">
							<left>0</left>
							<top>0</top>
							<width>340</width>
							<height>340</height>
							<aspectratio>scale</aspectratio>
							<texture fallback="DefaultAudio.png" background="true">$INFO[ListItem.Art(thumb)]</texture>
							<bordertexture border="20">overlays/shadow.png</bordertexture>
							<bordersize>20</bordersize>
						</control>
						<control type="group">
							<left>20</left>
							<top>20</top>
							<control type="image">
								<left>0</left>
								<top>240</top>
								<width>300</width>
								<height>60</height>
								<texture colordiffuse="AAFFFFFF">colors/black.png</texture>
							</control>
							<control type="label">
								<left>20</left>
								<top>238</top>
								<width>260</width>
								<label>$PARAM[sub_label]</label>
								<font>font10</font>
								<shadowcolor>text_shadow</shadowcolor>
								<align>center</align>
							</control>
							<control type="label">
								<left>20</left>
								<top>266</top>
								<width>260</width>
								<label>$PARAM[main_label]</label>
								<font>font10</font>
								<shadowcolor>text_shadow</shadowcolor>
								<align>center</align>
							</control>
							<control type="textbox">
								<left>10</left>
								<top>237</top>
								<width>280</width>
								<height>60</height>
								<aligny>center</aligny>
								<label>$PARAM[single_label]</label>
								<font>font10</font>
								<shadowcolor>text_shadow</shadowcolor>
								<align>center</align>
							</control>
						</control>
					</itemlayout>
					<focusedlayout width="343" height="400">
						<control type="button">
							<onfocus>SetProperty(SkinHelper.WidgetContainer,$PARAM[list_id])</onfocus>
							<texturenofocus>-</texturenofocus>
							<texturefocus>-</texturefocus>
						</control>
						<control type="group">
							<depth>DepthContentPopout</depth>
							<animation type="Focus" condition="!Skin.HasSetting(no_animations)">
								<effect type="zoom" start="100" end="108" time="200" tween="sine" easing="inout" center="150,70" />
							</animation>
							<animation type="Unfocus" condition="!Skin.HasSetting(no_animations)">
								<effect type="zoom" start="108" end="100" time="200" tween="sine" easing="inout" center="150,70" />
							</animation>
							<control type="image">
								<left>0</left>
								<top>0</top>
								<width>340</width>
								<height>340</height>
								<aspectratio>scale</aspectratio>
								<texture fallback="DefaultAudio.png" background="true">$INFO[ListItem.Art(thumb)]</texture>
								<bordertexture border="20">overlays/shadow.png</bordertexture>
								<bordersize>20</bordersize>
							</control>
							<control type="group">
								<left>20</left>
								<top>20</top>
								<control type="image">
									<left>0</left>
									<top>240</top>
									<width>300</width>
									<height>60</height>
									<texture colordiffuse="AAFFFFFF">colors/black.png</texture>
								</control>
								<control type="label">
									<left>10</left>
									<top>238</top>
									<width>280</width>
									<label>$PARAM[sub_label]</label>
									<font>font10</font>
									<scroll>true</scroll>
									<shadowcolor>text_shadow</shadowcolor>
									<align>center</align>
								</control>
								<control type="label">
									<left>10</left>
									<top>266</top>
									<width>280</width>
									<font>font10</font>
									<scroll>true</scroll>
									<label>$PARAM[main_label]</label>
									<shadowcolor>text_shadow</shadowcolor>
									<align>center</align>
								</control>
								<control type="textbox">
									<left>10</left>
									<top>237</top>
									<width>280</width>
									<height>60</height>
									<aligny>center</aligny>
									<label>$PARAM[single_label]</label>
									<font>font10</font>
									<shadowcolor>text_shadow</shadowcolor>
									<align>center</align>
								</control>
								<control type="image">
									<left>0</left>
									<top>0</top>
									<width>300</width>
									<height>300</height>
									<animation effect="fade" start="0" end="100" time="200">Focus</animation>
									<animation effect="fade" start="100" end="0" time="0">Unfocus</animation>
									<texture background="true" border="8" colordiffuse="$VAR[ColourFocus]">buttons/thumbnail_focused.png</texture>
								</control>
							</control>
						</control>
					</focusedlayout>
					<content sortby="$PARAM[sortby]" sortorder="$PARAM[sortorder]" target="$PARAM[widget_target]" limit="25">$PARAM[content_path]</content>
				</control>
			</control>
		</definition>
	</include>
	<include name="WidgetListIcons">
		<param name="height">405</param>
		<param name="sub_label">$INFO[ListItem.Label]</param>
		<param name="sortby"></param>
		<param name="visible">True</param>
		<param name="sortorder">ascending</param>
		<param name="main_label">$INFO[ListItem.Year,[COLOR =subwhite], - [/COLOR]]$INFO[ListItem.Artist]$INFO[ListItem.AddonVersion,[COLOR =subwhite],[/COLOR]]</param>
		<definition>
			<control type="group">
				<include>Visible_Right_Delayed</include>
				<description>Square Widget including header and arrows</description>
				<height>$PARAM[height]</height>
				<left>0</left>
				<visible>$PARAM[visible]</visible>
				<include content="LeftRightArrows">
					<param name="posy" value="200" />
					<param name="list_id" value="$PARAM[list_id]" />
				</include>
				<control type="label">
					<left>500</left>
					<top>15</top>
					<width>600</width>
					<height>40</height>
					<label>$PARAM[widget_header]</label>
					<shadowcolor>text_shadow</shadowcolor>
				</control>
				<control type="panel" id="$PARAM[list_id]">
					<left>480</left>
					<top>55</top>
					<width>1372</width>
					<height>400</height>
					<scrolltime tween="cubic" easing="out">500</scrolltime>
					<orientation>horizontal</orientation>
					<onleft>9000</onleft>
					<onright>noop</onright>
					<onunfocus>SetProperty(listposition,$INFO[Container($PARAM[list_id]).Position],home)</onunfocus>
 					<onfocus>Control.Move($PARAM[list_id],-$INFO[Container($PARAM[list_id]).Position])</onfocus>
 					<onfocus>Control.Move($PARAM[list_id],$INFO[Window(home).Property(listposition)])</onfocus>
					<onup>$PARAM[onup_id]</onup>
					<ondown>$PARAM[ondown_id]</ondown>
					<onback>SetFocus(9000)</onback>
					<preloaditems>1</preloaditems>
					<itemlayout width="343" height="400">
						<control type="image">
							<left>0</left>
							<top>0</top>
							<width>340</width>
							<height>340</height>
							<aspectratio>scale</aspectratio>
							<texture fallback="DefaultAudio.png" background="true">$INFO[ListItem.Art(thumb)]</texture>
							<bordertexture border="20">overlays/shadow.png</bordertexture>
							<bordersize>20</bordersize>
						</control>
						<control type="group">
							<left>20</left>
							<top>20</top>
							<control type="image">
								<left>0</left>
								<top>240</top>
								<width>300</width>
								<height>60</height>
								<texture colordiffuse="AAFFFFFF">colors/black.png</texture>
							</control>
							<control type="label">
								<left>20</left>
								<top>255</top>
								<width>260</width>
								<label>[COLOR =$VAR[ColourFocus]]$INFO[ListItem.Season,,x]$INFO[ListItem.Episode,, ][/COLOR]$INFO[ListItem.Label]</label>
								<font>font10</font>
								<shadowcolor>text_shadow</shadowcolor>
								<align>center</align>
							</control>
							<control type="textbox">
								<left>10</left>
								<top>237</top>
								<width>280</width>
								<height>60</height>
								<aligny>center</aligny>
								<label>$PARAM[single_label]</label>
								<font>font10</font>
								<scroll>yes</scroll>
								<shadowcolor>text_shadow</shadowcolor>
								<align>center</align>
							</control>
						</control>
					</itemlayout>
					<focusedlayout width="343" height="400">
						<control type="button">
							<onfocus>SetProperty(SkinHelper.WidgetContainer,$PARAM[list_id])</onfocus>
							<texturenofocus>-</texturenofocus>
							<texturefocus>-</texturefocus>
						</control>
						<control type="group">
							<depth>DepthContentPopout</depth>
							<animation type="Focus" condition="!Skin.HasSetting(no_animations)">
								<effect type="zoom" start="100" end="108" time="200" tween="sine" easing="inout" center="150,70" />
							</animation>
							<animation type="Unfocus" condition="!Skin.HasSetting(no_animations)">
								<effect type="zoom" start="108" end="100" time="200" tween="sine" easing="inout" center="150,70" />
							</animation>
							<control type="image">
								<left>0</left>
								<top>0</top>
								<width>340</width>
								<height>340</height>
								<aspectratio>scale</aspectratio>
								<texture fallback="DefaultAudio.png" background="true">$INFO[ListItem.Art(thumb)]</texture>
								<bordertexture border="20">overlays/shadow.png</bordertexture>
								<bordersize>20</bordersize>
							</control>
							<control type="group">
								<left>20</left>
								<top>20</top>
								<control type="image">
									<left>0</left>
									<top>240</top>
									<width>300</width>
									<height>60</height>
									<texture colordiffuse="AAFFFFFF">colors/black.png</texture>
								</control>
								<control type="label">
									<left>20</left>
									<top>255</top>
									<width>260</width>
									<label>[COLOR =$VAR[ColourFocus]]$INFO[ListItem.Season,,x]$INFO[ListItem.Episode,, ][/COLOR]$INFO[ListItem.Label]</label>
									<font>font10</font>
									<scroll>yes</scroll>
									<shadowcolor>text_shadow</shadowcolor>
									<align>center</align>
								</control>
								<control type="group">
								<left>0</left>
								<top>3</top>
								<visible>!Integer.IsEqual(ListItem.PercentPlayed,0) + Control.HasFocus($PARAM[list_id])</visible>
								<animation effect="fade" start="0" end="100" time="200">Focus</animation>
								<animation effect="fade" start="100" end="0" time="0">Unfocus</animation>
								<control type="image">
									<left>0</left>
									<top>0</top>
									<width>300</width>
									<height>30</height>
									<texture colordiffuse="99FFFFFF">colors/black.png</texture>
								</control>
								<control type="progress">
									<left>30</left>
									<top>10</top>
									<width>240</width>
									<height>13</height>
									<info>ListItem.PercentPlayed</info>
								</control>
							</control>
								<control type="textbox">
									<left>10</left>
									<top>237</top>
									<width>280</width>
									<height>60</height>
									<aligny>center</aligny>
									<label>$PARAM[single_label]</label>
									<font>font10</font>
									<scroll>yes</scroll>
									<shadowcolor>text_shadow</shadowcolor>
									<align>center</align>
								</control>
								<control type="image">
									<left>0</left>
									<top>0</top>
									<width>300</width>
									<height>300</height>
									<animation effect="fade" start="0" end="100" time="200">Focus</animation>
									<animation effect="fade" start="100" end="0" time="0">Unfocus</animation>
									<texture background="true" border="8" colordiffuse="$VAR[ColourFocus]">buttons/thumbnail_focused.png</texture>
								</control>
							</control>
						</control>
					</focusedlayout>
					<content sortby="$PARAM[sortby]" sortorder="$PARAM[sortorder]" target="$PARAM[widget_target]" limit="25">$PARAM[content_path]</content>
				</control>
			</control>
		</definition>
	</include>
	<include name="WidgetListText">
		<param name="height">405</param>
		<param name="arrow_posy">200</param>
		<param name="item_limit">12</param>
		<param name="icon">icons/defaulticons/$INFO[ListItem.Icon]</param>
		<param name="sortby">label</param>
		<param name="sortorder">ascending</param>
		<definition>
			<control type="group">
				<description>Square Widget including header and arrows</description>
				<height>$PARAM[height]</height>
				<left>0</left>
				<top>0</top>
				<visible>Integer.IsGreater(Container($PARAM[list_id]).NumItems,0) | Container($PARAM[list_id]).IsUpdating</visible>
				<control type="label">
					<left>500</left>
					<top>15</top>
					<width>600</width>
					<height>40</height>
					<label>$PARAM[widget_header]</label>
					<shadowcolor>text_shadow</shadowcolor>
				</control>
				<include content="LeftRightArrows">
					<param name="posy" value="200" />
					<param name="list_id" value="$PARAM[list_id]" />
				</include>
				<control type="panel" id="$PARAM[list_id]">
					<left>480</left>
					<top>55</top>
					<width>1372</width>
					<height>$PARAM[height]</height>
					<scrolltime tween="cubic" easing="out">500</scrolltime>
					<orientation>horizontal</orientation>
					<onleft>9000</onleft>
					<onright>noop</onright>
					<onup condition="Integer.IsGreater(Container($PARAM[list_id]).NumItems,0)">Control.SetFocus($PARAM[onup_id],$INFO[Container($PARAM[list_id]).Position])</onup>
					<onup condition="!Integer.IsGreater(Container($PARAM[list_id]).NumItems,0)">Control.SetFocus($PARAM[onup_id],$INFO[Container($PARAM[ondown_id]).Position])</onup>
					<onup>$PARAM[onup_id]</onup>
					<ondown condition="Integer.IsGreater(Container($PARAM[list_id]).NumItems,0)">Control.SetFocus($PARAM[ondown_id],$INFO[Container($PARAM[list_id]).Position])</ondown>
					<ondown condition="!Integer.IsGreater(Container($PARAM[list_id]).NumItems,0)">Control.SetFocus($PARAM[ondown_id],$INFO[Container($PARAM[onup_id]).Position])</ondown>
					<ondown>$PARAM[ondown_id]</ondown>
					<onback>SetFocus(9000)</onback>
					<preloaditems>1</preloaditems>
					<itemlayout width="343" height="340">
						<control type="image">
							<width>340</width>
							<height>340</height>
							<texture border="40">buttons/button-nofo.png</texture>
						</control>
						<control type="image">
							<top>42</top>
							<left>62</left>
							<width>220</width>
							<height>180</height>
							<texture fallback="icons/defaulticons/DefaultFolder.png">$PARAM[icon]</texture>
							<aspectratio>keep</aspectratio>
						</control>
						<control type="image">
							<left>21</left>
							<top>243</top>
							<width>298</width>
							<height>75</height>
							<texture>colors/black.png</texture>
						</control>
						<control type="label">
							<left>42</left>
							<top>245</top>
							<width>260</width>
							<height>75</height>
							<label>$INFO[ListItem.Label]</label>
							<font>font12</font>
							<shadowcolor>text_shadow</shadowcolor>
							<align>center</align>
							<aligny>center</aligny>
						</control>
					</itemlayout>
					<focusedlayout width="343" height="340">
						<control type="button">
							<onfocus>SetProperty(SkinHelper.WidgetContainer,$PARAM[list_id])</onfocus>
							<texturenofocus>-</texturenofocus>
							<texturefocus>-</texturefocus>
						</control>
						<control type="group">
							<depth>DepthContentPopout</depth>
							<animation type="Focus" condition="!Skin.HasSetting(no_animations)">
								<effect type="zoom" start="100" end="107" time="200" tween="sine" easing="inout" center="150,70" />
							</animation>
							<animation type="Unfocus" condition="!Skin.HasSetting(no_animations)">
								<effect type="zoom" start="107" end="100" time="200" tween="sine" easing="inout" center="150,70" />
							</animation>
							<control type="image">
								<width>340</width>
								<height>340</height>
								<texture border="40">buttons/button-nofo.png</texture>
							</control>
							<control type="image">
								<width>340</width>
								<height>340</height>
								<texture border="40" colordiffuse="$VAR[ColourFocus]">buttons/button-fo.png</texture>
								<animation effect="fade" start="0" end="100" time="200">Focus</animation>
								<animation effect="fade" start="100" end="0" time="0">Unfocus</animation>
							</control>
							<control type="image">
								<top>42</top>
								<left>62</left>
								<width>220</width>
								<height>180</height>
								<texture fallback="icons/defaulticons/DefaultFolder.png">$PARAM[icon]</texture>
								<aspectratio>keep</aspectratio>
							</control>
							<control type="image">
								<left>21</left>
								<top>243</top>
								<width>298</width>
								<height>75</height>
								<texture>colors/black.png</texture>
							</control>
							<control type="label">
								<left>42</left>
								<top>245</top>
								<width>260</width>
								<height>75</height>
								<label>$INFO[ListItem.Label]</label>
								<scroll>yes</scroll>
								<font>font12</font>
								<shadowcolor>text_shadow</shadowcolor>
								<align>center</align>
								<aligny>center</aligny>
							</control>
						</control>
					</focusedlayout>
					<content sortby="$PARAM[sortby]" sortorder="$PARAM[sortorder]" target="$PARAM[widget_target]" limit="$PARAM[item_limit]">$PARAM[content_path]</content>
				</control>
			</control>
		</definition>
	</include>
	<include name="WidgetListChannels">
		<param name="height">700</param>
		<param name="arrow_posy">200</param>
		<param name="item_limit">100</param>
		<param name="icon">icons/defaulticons/$INFO[ListItem.Icon]</param>
		<definition>
			<control type="group">
				<description>Square Widget including header and arrows</description>
				<height>$PARAM[height]</height>
				<left>0</left>
				<top>0</top>
				<visible>Integer.IsGreater(Container($PARAM[list_id]).NumItems,0) | Container($PARAM[list_id]).IsUpdating</visible>
				<control type="label">
					<left>500</left>
					<top>15</top>
					<width>600</width>
					<height>40</height>
					<label>$PARAM[widget_header]</label>
					<shadowcolor>text_shadow</shadowcolor>
					<visible>Integer.IsGreater(Container($PARAM[list_id]).NumItems,0)</visible>
				</control>

				<control type="image">
					<left>460</left>
					<top>35</top>
					<width>510</width>
					<height>740</height>
					<texture border="40">buttons/dialogbutton-nofo.png</texture>
					<visible>Integer.IsGreater(Container($PARAM[list_id]).NumItems,0)</visible>
				</control>
				<control type="list" id="$PARAM[list_id]">
					<left>480</left>
					<top>55</top>
					<width>470</width>
					<height>700</height>
					<scrolltime tween="cubic" easing="out">500</scrolltime>
					<orientation>vertical</orientation>
					<onleft>9000</onleft>
					<onright>noop</onright>
					<onunfocus>SetProperty(listposition,$INFO[Container($PARAM[list_id]).Position],home)</onunfocus>
 					<onfocus>Control.Move($PARAM[list_id],-$INFO[Container($PARAM[list_id]).Position])</onfocus>
 					<onfocus>Control.Move($PARAM[list_id],$INFO[Window(home).Property(listposition)])</onfocus>
					<onup>$PARAM[onup_id]</onup>
					<ondown>$PARAM[ondown_id]</ondown>
					<onback>SetFocus(9000)</onback>
					<preloaditems>1</preloaditems>
					<autoscroll time="7000">!Control.HasFocus($PARAM[list_id])</autoscroll>
					<itemlayout height="70" width="470">
						<control type="image">
							<left>0</left>
							<top>0</top>
							<width>470</width>
							<height>70</height>
							<texture border="40">lists/separator.png</texture>
						</control>
						<control type="image">
							<width>60</width>
							<height>60</height>
							<left>405</left>
							<top>4</top>
							<texture border="2">$INFO[ListItem.Icon]</texture>
							<bordertexture colordiffuse="border_alpha">colors/black.png</bordertexture>
							<bordersize>2</bordersize>
							<aspectratio>keep</aspectratio>
						</control>
						<control type="label">
							<left>20</left>
							<top>0</top>
							<width>390</width>
							<height>70</height>
							<aligny>center</aligny>
							<font>fontContextMenu</font>
							<textcolor>grey</textcolor>
							<label>$INFO[ListItem.ChannelNumberLabel,[B],[/B] - ]$INFO[ListItem.ChannelName]</label>
						</control>
					</itemlayout>
					<focusedlayout width="470" height="70">
						<control type="button">
							<onfocus>SetProperty(SkinHelper.WidgetContainer,$PARAM[list_id])</onfocus>
							<texturenofocus>-</texturenofocus>
							<texturefocus>-</texturefocus>
						</control>
						<control type="image">
							<left>0</left>
							<top>0</top>
							<width>470</width>
							<height>70</height>
							<texture border="40">lists/separator.png</texture>
							<visible>!Control.HasFocus($PARAM[list_id])</visible>
						</control>
						<control type="image">
							<left>0</left>
							<top>0</top>
							<width>470</width>
							<height>70</height>
							<texture colordiffuse="$VAR[ColourFocus]">lists/focus.png</texture>
							<visible>Control.HasFocus($PARAM[list_id])</visible>
						</control>
						<control type="image">
							<width>60</width>
							<height>60</height>
							<left>405</left>
							<top>4</top>
							<texture border="2">$INFO[ListItem.Icon]</texture>
							<bordertexture colordiffuse="border_alpha">colors/black.png</bordertexture>
							<bordersize>2</bordersize>
							<aspectratio>keep</aspectratio>
						</control>
						<control type="label">
							<left>20</left>
							<top>0</top>
							<width>390</width>
							<height>70</height>
							<font>fontContextMenu</font>
							<aligny>center</aligny>
							<label>$INFO[ListItem.ChannelNumberLabel,[B],[/B] - ]$INFO[ListItem.ChannelName]</label>
						</control>
					</focusedlayout>
					<content target="$PARAM[widget_target]" limit="$PARAM[item_limit]">$PARAM[content_path]</content>
				</control>

				<control type="image">
					<left>970</left>
					<top>35</top>
					<width>900</width>
					<height>740</height>
					<texture border="40">buttons/dialogbutton-nofo.png</texture>
					<visible>Integer.IsGreater(Container($PARAM[list_id]).NumItems,0)</visible>
				</control>

				<control type="group">
					<visible>Integer.IsGreater(Container($PARAM[list_id]).NumItems,0)</visible>
					<top>60</top>
					<left>1000</left>
					<width>840</width>
					<control type="group">
						<height>473</height>
						<control type="image">
							<aspectratio align="center" aligny="center" scalediffuse="false">stretch</aspectratio>
							<texture diffuse="dialog/white.png" background="true" fallback="DefaultTVShowsSquare.png">$INFO[Container($PARAM[list_id]).ListItem.Thumb]</texture>
							<visible>IsEmpty(Window(home).Property(SkinHelper.PVR.Landscape)) + IsEmpty(Window(home).Property(SkinHelper.PVR.FanArt)) + IsEmpty(Window(home).Property(SkinHelper.PVR.Thumb)) + IsEmpty(Window(home).Property(SkinHelper.PVR.ChannelLogo))</visible>
						</control>
						<control type="image">
							<aspectratio align="center" aligny="center" scalediffuse="false">stretch</aspectratio>
							<texture diffuse="dialog/white.png" background="true" fallback="DefaultTVShowsSquare.png">$VAR[PVRLandscape]</texture>
							<visible>!IsEmpty(Window(home).Property(SkinHelper.PVR.Landscape)) | !IsEmpty(Window(home).Property(SkinHelper.PVR.FanArt)) | !IsEmpty(Window(home).Property(SkinHelper.PVR.Thumb)) | !IsEmpty(Window(home).Property(SkinHelper.PVR.ChannelLogo))</visible>
						</control>
						<control type="image">
							<description>Title overlay</description>
							<texture colordiffuse="44000000">common/white.png</texture>
							<visible>!IsEmpty(Window(home).Property(SkinHelper.PVR.Landscape)) | !IsEmpty(Window(home).Property(SkinHelper.PVR.FanArt)) | !IsEmpty(Window(home).Property(SkinHelper.PVR.Thumb)) | !IsEmpty(Window(home).Property(SkinHelper.PVR.ChannelLogo))</visible>
						</control>
						<control type="image">
							<bottom>35</bottom>
							<right>0</right>
							<height>130</height>
							<width>130</width>
							<aspectratio align="right" aligny="bottom" scalediffuse="false">keep</aspectratio>
							<texture diffuse="dialog/white.png" background="true">$INFO[Container($PARAM[list_id]).ListItem.Thumb]</texture>
							<visible>[!IsEmpty(Window(home).Property(SkinHelper.PVR.Landscape)) | !IsEmpty(Window(home).Property(SkinHelper.PVR.FanArt)) | !IsEmpty(Window(home).Property(SkinHelper.PVR.Thumb))] + IsEmpty(Window(home).Property(SkinHelper.PVR.ChannelLogo))</visible>
						</control>
						<control type="image">
							<bottom>35</bottom>
							<left>0</left>
							<height>130</height>
							<width>130</width>
							<aspectratio align="left" aligny="bottom" scalediffuse="false">keep</aspectratio>
							<texture diffuse="dialog/white.png" background="true">$INFO[Window(home).Property(SkinHelper.PVR.CharacterArt)]</texture>
							<visible>!IsEmpty(Window(home).Property(SkinHelper.PVR.CharacterArt))</visible>
						</control>
					</control>
					<control type="group">
						<top>483</top>
						<height>250</height>
						<control type="label">
							<top>2</top>
							<aligny>center</aligny>
							<align>left</align>
							<height>38</height>
							<label>$INFO[Container($PARAM[list_id]).ListItem.StartTime(hh:mm)]</label>
						</control>
						<control type="label">
							<top>2</top>
							<aligny>center</aligny>
							<align>right</align>
							<height>38</height>
							<label>$INFO[Container($PARAM[list_id]).ListItem.EndTime(hh:mm)]</label>
						</control>

						<control type="progress">
							<top>42</top>
							<left>5</left>
							<right>5</right>
							<height>12</height>
							<colordiffuse>88FFFFFF</colordiffuse>
							<visible>Container($PARAM[list_id]).ListItem.HasEpg</visible>
							<info>Container($PARAM[list_id]).ListItem.Progress</info>
						</control>
						<control type="textbox">
							<top>55</top>
							<width>830</width>
							<height>90</height>
							<align>left</align>
							<font>font10</font>
							<label>$INFO[Container($PARAM[list_id]).ListItem.Plot]</label>
							<autoscroll delay="10000" time="4000" repeat="10000"/>
						</control>
						<control type="label">
							<top>170</top>
							<aligny>center</aligny>
							<align>left</align>
							<height>38</height>
							<font>font9</font>
							<label>$INFO[Container($PARAM[list_id]).ListItem.NextStartTime,Next @ , ]$INFO[Container($PARAM[list_id]).ListItem.NextTitle]</label>
						</control>
						<control type="label">
							<top>170</top>
							<height>38</height>
							<aligny>center</aligny>
							<align>right</align>
							<font>font9</font>
							<label>$INFO[Container($PARAM[list_id]).ListItem.NextGenre]</label>
						</control>
					</control>
				</control>
				<control type="group">
					<visible>Control.HasFocus($PARAM[list_id])</visible>
				</control>
			</control>
		</definition>
	</include>
	<include name="WeatherWidget">
		<control type="group">
			<description>Square Weather Widget including header and arrows</description>
			<height>432</height>
			<left>0</left>
			<top>0</top>
			<visible>Integer.IsGreater(Container($PARAM[list_id]).NumItems,0) | Container($PARAM[list_id]).IsUpdating</visible>
			<visible>$PARAM[visible]</visible>
			<control type="image">
				<left>445</left>
				<top>230</top>
				<width>28</width>
				<height>28</height>
				<texture flipx="true" colordiffuse="$VAR[ColourFocus]">overlays/arrowright.png</texture>
				<animation effect="slide" start="30,0" end="0,0" time="200">VisibleChange</animation>
				<animation effect="slide" start="-150" end="0" delay="640" time="320" tween="cubic">WindowOpen</animation>
				<visible>Container($PARAM[list_id]).HasPrevious + Control.HasFocus($PARAM[list_id])</visible>
			</control>
			<control type="image">
				<left>1840</left>
				<top>230</top>
				<width>28</width>
				<height>28</height>
				<texture colordiffuse="$VAR[ColourFocus]">overlays/arrowright.png</texture>
				<animation effect="slide" start="-30,0" end="0,0" time="200">VisibleChange</animation>
				<animation effect="slide" start="150" end="0" delay="640" time="320" tween="cubic">WindowOpen</animation>
				<visible>Container($PARAM[list_id]).HasNext + Control.HasFocus($PARAM[list_id])</visible>
			</control>
			<control type="label">
				<left>500</left>
				<top>30</top>
				<width>600</width>
				<height>40</height>
				<label>$PARAM[widget_header]</label>
				<font>font14</font>
				<shadowcolor>text_shadow</shadowcolor>
			</control>
			<control type="panel" id="$PARAM[list_id]">
				<left>490</left>
				<top>55</top>
				<width>1365</width>
				<height>400</height>
				<scrolltime tween="cubic" easing="out">500</scrolltime>
				<orientation>horizontal</orientation>
				<onleft>9000</onleft>
				<onright>noop</onright>
				<onunfocus>SetProperty(listposition,$INFO[Container($PARAM[list_id]).Position],home)</onunfocus>
 				<onfocus>Control.Move($PARAM[list_id],-$INFO[Container($PARAM[list_id]).Position])</onfocus>
 				<onfocus>Control.Move($PARAM[list_id],$INFO[Window(home).Property(listposition)])</onfocus>
				<onup>$PARAM[onup_id]</onup>
				<ondown>$PARAM[ondown_id]</ondown>
				<onback>SetFocus(9000)</onback>
				<preloaditems>1</preloaditems>
				<itemlayout width="273" height="400">
					<control type="image">
						<left>0</left>
						<top>20</top>
						<width>260</width>
						<height>350</height>
						<texture border="40">buttons/button-nofo.png</texture>
					</control>
					<control type="image">
						<left>68</left>
						<top>130</top>
						<width>130</width>
						<height>130</height>
						<texture>$INFO[ListItem.Icon]</texture>
					</control>
					<control type="label">
						<left>15</left>
						<top>47</top>
						<align>center</align>
						<label>$INFO[ListItem.Label]</label>
						<width>230</width>
					</control>
					<control type="label">
						<left>15</left>
						<top>80</top>
						<align>center</align>
						<font>font12</font>
						<label>$INFO[ListItem.Property(ShortDate)]</label>
						<width>230</width>
					</control>
					<control type="label">
						<left>15</left>
						<top>280</top>
						<align>center</align>
						<label>$INFO[ListItem.Label2]</label>
						<font>font12</font>
						<width>230</width>
					</control>
				</itemlayout>
				<focusedlayout width="273" height="400">
					<control type="group">
						<depth>DepthContentPopout</depth>
						<animation type="Focus" condition="!Skin.HasSetting(no_animations)">
							<effect type="zoom" start="100" end="107" time="200" tween="sine" easing="inout" center="110,130" />
						</animation>
						<animation type="Unfocus" condition="!Skin.HasSetting(no_animations)">
							<effect type="zoom" start="107" end="100" time="200" tween="sine" easing="inout" center="110,130" />
						</animation>
						<control type="image">
							<left>0</left>
							<top>20</top>
							<width>260</width>
							<height>350</height>
							<texture border="40">buttons/button-nofo.png</texture>
						</control>
						<control type="image">
							<left>0</left>
							<top>20</top>
							<width>260</width>
							<height>350</height>
							<texture border="40" colordiffuse="$VAR[ColourFocus]">buttons/button-fo.png</texture>
							<animation effect="fade" start="100" end="0" time="0">Unfocus</animation>
							<visible>Control.HasFocus($PARAM[list_id])</visible>
						</control>
						<control type="image">
							<left>68</left>
							<top>130</top>
							<width>130</width>
							<height>130</height>
							<texture>$INFO[ListItem.Icon]</texture>
						</control>
						<control type="label">
							<left>15</left>
							<top>47</top>
							<align>center</align>
							<label>$INFO[ListItem.Label]</label>
							<width>230</width>
						</control>
						<control type="label">
							<left>15</left>
							<top>80</top>
							<align>center</align>
							<font>font12</font>
							<label>$INFO[ListItem.Property(ShortDate)]</label>
							<width>230</width>
						</control>
						<control type="label">
							<left>15</left>
							<top>280</top>
							<align>center</align>
							<label>$INFO[ListItem.Label2]</label>
							<font>font12</font>
							<width>230</width>
						</control>
					</control>
				</focusedlayout>
				<include>$PARAM[content_include]</include>
			</control>
		</control>
	</include>
	<include name="HourlyItems">
		<content>
			<item>
				<icon>resource://resource.images.weathericons.default/na.png</icon>
				<onclick>noop</onclick>
				<visible>String.IsEmpty(Window(weather).Property(Hourly.IsFetched))</visible>
			</item>
			<include content="WeatherHourlyItem">
				<param name="item_index" value="1" />
			</include>
			<include content="WeatherHourlyItem">
				<param name="item_index" value="2" />
			</include>
			<include content="WeatherHourlyItem">
				<param name="item_index" value="3" />
			</include>
			<include content="WeatherHourlyItem">
				<param name="item_index" value="4" />
			</include>
			<include content="WeatherHourlyItem">
				<param name="item_index" value="5" />
			</include>
			<include content="WeatherHourlyItem">
				<param name="item_index" value="6" />
			</include>
			<include content="WeatherHourlyItem">
				<param name="item_index" value="7" />
			</include>
			<include content="WeatherHourlyItem">
				<param name="item_index" value="8" />
			</include>
			<include content="WeatherHourlyItem">
				<param name="item_index" value="9" />
			</include>
			<include content="WeatherHourlyItem">
				<param name="item_index" value="10" />
			</include>
		</content>
	</include>
	<include name="DailyItems">
		<content>
			<item>
				<icon>resource://resource.images.weathericons.default/na.png</icon>
				<onclick>noop</onclick>
				<visible>String.IsEmpty(Window(weather).Property(Daily.IsFetched))</visible>
			</item>
			<include content="WeatherDailyItem">
				<param name="item_index" value="1" />
			</include>
			<include content="WeatherDailyItem">
				<param name="item_index" value="2" />
			</include>
			<include content="WeatherDailyItem">
				<param name="item_index" value="3" />
			</include>
			<include content="WeatherDailyItem">
				<param name="item_index" value="4" />
			</include>
			<include content="WeatherDailyItem">
				<param name="item_index" value="5" />
			</include>
			<include content="WeatherDailyItem">
				<param name="item_index" value="6" />
			</include>
			<include content="WeatherDailyItem">
				<param name="item_index" value="7" />
			</include>
			<include content="WeatherDailyItem">
				<param name="item_index" value="8" />
			</include>
			<include content="WeatherDailyItem">
				<param name="item_index" value="9" />
			</include>
			<include content="WeatherDailyItem">
				<param name="item_index" value="10" />
			</include>
			<include content="WeatherDailyItem">
				<param name="item_index" value="11" />
			</include>
			<include content="WeatherDailyItem">
				<param name="item_index" value="12" />
			</include>
			<include content="WeatherDailyItem">
				<param name="item_index" value="13" />
			</include>
			<include content="WeatherDailyItem">
				<param name="item_index" value="14" />
			</include>
		</content>
	</include>
	<!-- <include content="WeatherDailyItem">
	     <item id="$PARAM[item_index]">
	     <label>$INFO[Window(weather).Property(Daily.$PARAM[item_index].LongDay)]</label>
	     <label2>$INFO[Window(weather).Property(Daily.$PARAM[item_index].LongDate)]</label2>
	     <property name="Humidity">$INFO[Window(weather).Property(Daily.$PARAM[item_index].Humidity)]</property>
	     <property name="Pressure">$INFO[Window(weather).Property(Daily.$PARAM[item_index].Pressure)]</property>
	     <property name="DewPoint">$INFO[Window(weather).Property(Daily.$PARAM[item_index].DewPoint)]</property>
	     <property name="FeelsLike">$INFO[Window(weather).Property(Daily.$PARAM[item_index].FeelsLike)]</property>
	     <property name="Rain">$INFO[Window(weather).Property(Daily.$PARAM[item_index].Rain)]</property>
	     <property name="Snow">$INFO[Window(weather).Property(Daily.$PARAM[item_index].Snow)]</property>
	     <property name="TempMorn">$INFO[Window(weather).Property(Daily.$PARAM[item_index].TempMorn)]</property>
	     <property name="TempEve">$INFO[Window(weather).Property(Daily.$PARAM[item_index].TempEve)]</property>
	     <property name="TempNight">$INFO[Window(weather).Property(Daily.$PARAM[item_index].TempNight)]</property>
	     <property name="WindSpeed">$INFO[Window(weather).Property(Daily.$PARAM[item_index].WindSpeed)]</property>
	     <property name="WindGust">$INFO[Window(weather).Property(Daily.$PARAM[item_index].WindGust)]</property>
	     <property name="WindDirection">$INFO[Window(weather).Property(Daily.$PARAM[item_index].WindDirection)]</property>
	     <property name="Precipitation">$INFO[Window(weather).Property(Daily.$PARAM[item_index].Precipitation)]</property>
	     <onclick>SetProperty(FocusedItem,$PARAM[item_index])</onclick>
	     <icon>$INFO[Window(weather).Property(Daily.$PARAM[item_index].OutlookIcon)]</icon>
	     </item>
	     </include> -->
	<include name="WeatherHourlyItem">
		<item>
			<label>$INFO[Window(weather).Property(Hourly.$PARAM[item_index].Time)]</label>
			<label2>$INFO[Window(weather).Property(Hourly.$PARAM[item_index].Temperature)] - $INFO[Window(weather).Property(Hourly.$PARAM[item_index].Precipitation)]</label2>
			<property name="Temperature">$INFO[Window(weather).Property(Hourly.$PARAM[item_index].Temperature)]</property>
			<property name="Outlook">$INFO[Window(weather).Property(Hourly.$PARAM[item_id].Outlook)]</property>
			<property name="Cloudiness">$INFO[Window(weather).Property(Hourly.$PARAM[item_index].Cloudiness)]</property>
			<property name="ShortDate">$INFO[Window(weather).Property(Hourly.$PARAM[item_index].ShortDate)]</property>
			<property name="FanartCode">$INFO[Window(weather).Property(Hourly.$PARAM[item_index].FanartCode)]</property>
			<thumb>resource://resource.images.weathericons.default/$INFO[Window(weather).Property(Hourly.$PARAM[item_index].OutlookIcon)]</thumb>
			<onclick>noop</onclick>
			<visible>!String.IsEmpty(Window(weather).Property(Hourly.$PARAM[item_index].Outlook))</visible>
			<visible>IsEmpty(Skin.String(WeatherIcons.name))</visible>
		</item>
		<item>
			<label>$INFO[Window(weather).Property(Hourly.$PARAM[item_index].Time)]</label>
			<label2>$INFO[Window(weather).Property(Hourly.$PARAM[item_index].Temperature)] - $INFO[Window(weather).Property(Hourly.$PARAM[item_index].Precipitation)]</label2>
			<property name="Temperature">$INFO[Window(weather).Property(Hourly.$PARAM[item_index].Temperature)]</property>
			<property name="Outlook">$INFO[Window(weather).Property(Hourly.$PARAM[item_id].Outlook)]</property>
			<property name="Cloudiness">$INFO[Window(weather).Property(Hourly.$PARAM[item_index].Cloudiness)]</property>
			<property name="ShortDate">$INFO[Window(weather).Property(Hourly.$PARAM[item_index].ShortDate)]</property>
			<property name="FanartCode">$INFO[Window(weather).Property(Hourly.$PARAM[item_index].FanartCode)]</property>
			<thumb>$INFO[Skin.String(WeatherIcons.path),,/]$INFO[Window(weather).Property(Hourly.$PARAM[item_index].OutlookIcon)]</thumb>
			<onclick>noop</onclick>
			<visible>!IsEmpty(Skin.String(WeatherIcons.name))</visible>
		</item>
	</include>
	<include name="WeatherDailyItem">
		<item>
			<label>$INFO[Window(weather).Property(Daily.$PARAM[item_index].ShortDay)]</label>
			<label2>[COLOR blue]$INFO[Window(weather).Property(Daily.$PARAM[item_index].LowTemperature)][/COLOR] - [COLOR red]$INFO[Window(weather).Property(Daily.$PARAM[item_index].HighTemperature)][/COLOR]</label2>
			<property name="LongDay">$INFO[Window(weather).Property(Daily.$PARAM[item_index].LongDay)]</property>
			<property name="TempDay">$INFO[Window(weather).Property(Daily.$PARAM[item_index].TempDay)]</property>
			<property name="Cloudiness">$INFO[Window(weather).Property(Daily.$PARAM[item_index].Cloudiness)]</property>
			<property name="Outlook">$INFO[Window(weather).Property(Daily.$PARAM[item_index].Outlook)]</property>
			<property name="ShortDate">$INFO[Window(weather).Property(Daily.$PARAM[item_index].ShortDate)]</property>
			<property name="FanartCode">$INFO[Window(weather).Property(Daily.$PARAM[item_index].FanartCode)]</property>
			<thumb>resource://resource.images.weathericons.default/$INFO[Window(weather).Property(Daily.$PARAM[item_index].OutlookIcon)]</thumb>
			<onclick>noop</onclick>
			<visible>!String.IsEmpty(Window(weather).Property(Daily.$PARAM[item_index].Outlook))</visible>
			<visible>IsEmpty(Skin.String(WeatherIcons.name))</visible>
		</item>
		<item>
			<label>$INFO[Window(weather).Property(Daily.$PARAM[item_index].ShortDay)]</label>
			<label2>[COLOR blue]$INFO[Window(weather).Property(Daily.$PARAM[item_index].LowTemperature)][/COLOR] - [COLOR red]$INFO[Window(weather).Property(Daily.$PARAM[item_index].HighTemperature)][/COLOR]</label2>
			<property name="LongDay">$INFO[Window(weather).Property(Daily.$PARAM[item_index].LongDay)]</property>
			<property name="TempDay">$INFO[Window(weather).Property(Daily.$PARAM[item_index].TempDay)]</property>
			<property name="Cloudiness">$INFO[Window(weather).Property(Daily.$PARAM[item_index].Cloudiness)]</property>
			<property name="Outlook">$INFO[Window(weather).Property(Daily.$PARAM[item_index].Outlook)]</property>
			<property name="ShortDate">$INFO[Window(weather).Property(Daily.$PARAM[item_index].ShortDate)]</property>
			<property name="FanartCode">$INFO[Window(weather).Property(Daily.$PARAM[item_index].FanartCode)]</property>
			<thumb>$INFO[Skin.String(WeatherIcons.path),,/]$INFO[Window(weather).Property(Daily.$PARAM[item_index].OutlookIcon)]</thumb>
			<onclick>noop</onclick>
			<visible>!IsEmpty(Skin.String(WeatherIcons.name))</visible>
		</item>
	</include>
	<include name="WeatherMapItem">
		<item>
			<label>$INFO[Window(weather).Property(Map.$PARAM[item_id].Heading)]</label>
			<label2>$INFO[Window(weather).Property(Map.$PARAM[item_id].Legend)]</label2>
			<icon>$INFO[Window(weather).Property(Map.$PARAM[item_id].Area)]</icon>
			<property name="Layer">$INFO[Window(weather).Property(Map.$PARAM[item_id].Layer)]</property>
			<onclick>noop</onclick>
			<visible>Weather.IsFetched + !String.IsEmpty(Window(weather).Property(Map.$PARAM[item_id].Area)) + !String.IsEmpty(Window(weather).Property(Map.IsFetched))</visible>
		</item>
	</include>
</includes>
