<?xml version="1.0" encoding="UTF-8"?>
<window>
	<onload condition="System.HasAddon(script.tv.show.next.aired)">RunScript(script.tv.show.next.aired,backend=True)</onload>
	<defaultcontrol always="true">50</defaultcontrol>
	<backgroundcolor>background</backgroundcolor>
	<views>50,51,52,53,54,55,57,58,60,500,501,502</views>
	<menucontrol>9000</menucontrol>
	<controls>
		<include>DefaultBackground</include>
		<control type="group">
			<animation effect="fade" start="100" end="0" time="200" tween="sine" condition="$EXP[infodialog_active]">Conditional</animation>
			<include>CommonScrollbars</include>
			<include>View_50_List</include>
			<include>View_51_Poster</include>
			<include>View_52_IconWall</include>
			<include>View_53_Shift</include>
			<include>View_54_InfoWall</include>
			<include>View_55_WideList</include>
			<include>View_57_ArtAttack</include>
			<include>View_58_Stamps</include>
			<include>View_60_Gallery</include>
			<include>View_500_SmallThumb</include>
			<include>View_501_Banner</include>
			<include>View_502_FanArt</include>
			<control type="group">
				<animation effect="fade" start="0" end="100" time="300" delay="300">WindowOpen</animation>
				<animation effect="fade" start="100" end="0" time="200">WindowClose</animation>
				<include>MediaFlags</include>
			</control>
			<control type="group">
				<include>OpenClose_Left</include>
				<visible>Control.IsVisible(55)</visible>
				<visible>Container.Content(artists) | Container.Content(albums) | Container.Content(addons) | Container.Content(files) | Container.Content(mixed) | Container.Content(musicvideos) | Container.Content(videos)</visible>
				<include>Visible_Left</include>
				<include>ListThumbInfoPanel</include>
			</control>
			<control type="group">
				<include>OpenClose_Right</include>
				<visible>[Control.IsVisible(50) | Control.Isvisible(54)]</visible>
 				<visible>!ListItem.IsParentFolder</visible>
				<include>Visible_Right</include>
				<visible>Container.Content(sets) | Container.Content(movies) | Container.Content(tvshows) | Container.Content(seasons) | Container.Content(episodes) | Container.Content(musicvideos)</visible>
				<control type="image">
					<right>90</right>
					<top>163</top>
					<width>509</width>
					<height>737</height>
					<texture border="22">dialogs/dialog-bg.png</texture>
				</control>
				<control type="label">
					<right>130</right>
					<top>194</top>
					<width>429</width>
					<height>338</height>
					<font>font13_title</font>
					<label>$INFO[ListItem.Label]</label>
					<scroll>yes</scroll>
					<visible>Control.IsVisible(54) | ListItem.IsCollection</visible>
					<visible>!String.IsEqual(ListItem.DBType,tvshow) + !String.IsEqual(ListItem.DBType,season)</visible>
				</control>
				<control type="label">
					<right>170</right>
					<top>194</top>
					<width>389</width>
					<height>338</height>
					<font>font13_title</font>
					<label>$INFO[ListItem.Label]</label>
					<scroll>yes</scroll>
					<visible>Control.IsVisible(54) | ListItem.IsCollection</visible>
					<visible>String.IsEqual(ListItem.DBType,tvshow) | String.IsEqual(ListItem.DBType,season)</visible>
				</control>
				<control type="textbox">
					<right>130</right>
					<top>245</top>
					<width>429</width>
					<height>307</height>
					<font>font12</font>
					<autoscroll delay="10000" time="4000" repeat="10000"/>
					<visible>Control.IsVisible(54)</visible>
					<label>$INFO[ListItem.Plot]</label>
				</control>
				<control type="label">
					<right>130</right>
					<top>567</top>
					<width>429</width>
					<height>398</height>
					<font>font12</font>
					<scroll>yes</scroll>
					<visible>Control.IsVisible(54)</visible>
					<label>[COLOR =$VAR[ColourFocus]]$LOCALIZE[40108] : [/COLOR]$INFO[Window(Home).Property(NextAired.NextDate),, - ]$INFO[Window(Home).Property(NextAired.NextNumber),, ]$INFO[Window(Home).Property(NextAired.NextTitle)]</label>
					<visible>!String.IsEmpty(Window(Home).Property(NextAired.NextDate))</visible>
				</control>
				<control type="label">
					<right>130</right>
					<top>567</top>
					<width>429</width>
					<height>398</height>
					<font>font12</font>
					<scroll>yes</scroll>
					<visible>Control.IsVisible(54)</visible>
					<label>[COLOR =$VAR[ColourFocus]]$LOCALIZE[40109] : [/COLOR]$INFO[Window(Home).Property(NextAired.LatestDate),, - ]$INFO[Window(Home).Property(NextAired.LatestNumber),, ]$INFO[Window(Home).Property(NextAired.LatestTitle)]</label>
					<visible>String.IsEmpty(Window(Home).Property(NextAired.NextDate)) + !IsEmpty(Window(Home).Property(NextAired.LatestDate))</visible>
				</control>
				<control type="textbox">
					<right>130</right>
					<top>194</top>
					<width>429</width>
					<height>398</height>
					<font>font12</font>
					<visible>!Control.IsVisible(54)</visible>
					<label>$INFO[ListItem.Tagline,[B],[/B][CR]]$INFO[ListItem.Plot]</label>
					<autoscroll delay="10000" time="4000" repeat="10000"/>
					<visible>!String.IsEqual(ListItem.DBType,tvshow) + !String.IsEqual(ListItem.DBType,season) + !String.IsEqual(ListItem.DBType,episode)</visible>
				</control>
				<control type="textbox">
					<right>130</right>
					<top>194</top>
					<width>429</width>
					<height>368</height>
					<font>font12</font>
					<visible>!Control.IsVisible(54)</visible>
					<label>$INFO[ListItem.Tagline,[B],[/B][CR]]$INFO[ListItem.Plot]</label>
					<autoscroll delay="10000" time="4000" repeat="10000"/>
					<visible>String.IsEqual(ListItem.DBType,tvshow) | String.IsEqual(ListItem.DBType,season) | String.IsEqual(ListItem.DBType,episode)</visible>
				</control>
				<control type="label">
					<right>130</right>
					<top>570</top>
					<width>429</width>
					<height>398</height>
					<font>font12</font>
					<scroll>yes</scroll>
					<visible>!Control.IsVisible(54)</visible>
					<label>[COLOR =$VAR[ColourFocus]]$LOCALIZE[40108] : [/COLOR]$INFO[Window(Home).Property(NextAired.NextDate),, - ]$INFO[Window(Home).Property(NextAired.NextNumber),, ]$INFO[Window(Home).Property(NextAired.NextTitle)]</label>
					<visible>!String.IsEmpty(Window(Home).Property(NextAired.NextDate))</visible>
				</control>
				<control type="label">
					<right>130</right>
					<top>570</top>
					<width>429</width>
					<height>398</height>
					<font>font12</font>
					<scroll>yes</scroll>
					<visible>!Control.IsVisible(54)</visible>
					<label>[COLOR =$VAR[ColourFocus]]$LOCALIZE[40109] : [/COLOR]$INFO[Window(Home).Property(NextAired.LatestDate),, - ]$INFO[Window(Home).Property(NextAired.LatestNumber),, ]$INFO[Window(Home).Property(NextAired.LatestTitle)]</label>
					<visible>String.IsEmpty(Window(Home).Property(NextAired.NextDate)) + !IsEmpty(Window(Home).Property(NextAired.LatestDate))</visible>
				</control>
				<control type="image">
					<top>560</top>
					<right>120</right>
					<width>48</width>
					<height>48</height>
					<texture>$VAR[ListWatchedIconVar]</texture>
					<visible>Control.IsVisible(54)</visible>
					<visible>!String.IsEqual(ListItem.DBType,tvshow) + !String.IsEqual(ListItem.DBType,season)</visible>
				</control>
				<control type="image">
					<top>192</top>
					<right>120</right>
					<width>48</width>
					<height>48</height>
					<texture>$VAR[ListWatchedIconVar]</texture>
					<visible>Control.IsVisible(54)</visible>
					<visible>String.IsEqual(ListItem.DBType,tvshow) | String.IsEqual(ListItem.DBType,season)</visible>
				</control>
				<control type="textbox">
					<right>130</right>
					<top>360</top>
					<width>429</width>
					<height>413</height>
					<align>center</align>
					<font>font24_title</font>
					<label>$LOCALIZE[19055]</label>
					<visible>String.IsEmpty(Listitem.Plot) + String.IsEmpty(Listitem.Tagline) + !ListItem.IsCollection + !ListItem.IsParentFolder</visible>
				</control>
				<control type="group">
					<left>1350</left>
					<top>244</top>
					<visible>ListItem.IsCollection</visible>
					<include content="InfoList">
						<param name="height" value="322" />
						<param name="width" value="429" />
						<param name="sortby" value="year" />
						<param name="sortorder" value="descending" />
						<param name="font" value="font12" />
					</include>
				</control>
				<control type="multiimage">
					<right>113</right>
					<top>607</top>
					<width>463</width>
					<height>270</height>
					<aspectratio aligny="top">scale</aspectratio>
					<timeperimage>9000</timeperimage>
					<fadetime>900</fadetime>
					<imagepath background="true" fallback="DefaultFolder.png">$VAR[ListInfoBoxImageVar]</imagepath>
				</control>
				<control type="group">
					<visible>!ListItem.IsCollection</visible>
					<control type="image">
						<right>113</right>
						<top>831</top>
						<width>463</width>
						<height>46</height>
						<texture colordiffuse="B0FFFFFF">colors/black.png</texture>
					</control>
					<control type="grouplist">
						<top>845</top>
						<right>150</right>
						<orientation>horizontal</orientation>
						<width>360</width>
						<align>center</align>
						<include content="InfoFlag">
							<param name="visible" value="!String.IsEmpty(ListItem.duration)" />
							<param name="icon" value="frame/clock.png" />
							<param name="label" value="$VAR[DurationLong]" />
						</include>
						<include content="InfoFlag">
							<param name="visible" value="!String.IsEmpty(ListItem.Property(TotalEpisodes))" />
							<param name="icon" value="lists/played-total.png" />
							<param name="label" value="$INFO[ListItem.Property(WatchedEpisodes)]$INFO[ListItem.Property(TotalEpisodes), / ,]" />
						</include>
						<include content="InfoFlag">
							<param name="visible" value="!String.IsEmpty(ListItem.Year) + String.IsEmpty(ListItem.Premiered)" />
							<param name="icon" value="lists/year.png" />
							<param name="label" value="$INFO[ListItem.Year]" />
						</include>
						<include content="InfoFlag">
							<param name="visible" value="!String.IsEmpty(ListItem.Premiered) + String.IsEmpty(ListItem.Property(TotalEpisodes))" />
							<param name="icon" value="lists/year.png" />
							<param name="label" value="$INFO[ListItem.Premiered]" />
						</include>
					</control>
				</control>
			</control>
			<control type="group">
				<top>180</top>
				<left>106</left>
				<visible>Container.Content(movies) | Container.Content(tvshows) | Container.Content(seasons) | Container.Content(episodes) | Container.Content(sets) | Container.Content(actors) | Container.Content(directors)</visible>
				<visible>Control.IsVisible(50) | Control.IsVisible(51) | Control.IsVisible(55)</visible>
				<include>OpenClose_Left</include>
				<include>Visible_Left</include>
				<control type="image">
					<top>-14</top>
					<left>-16</left>
					<width>506</width>
					<height>731</height>
					<texture>colors/black.png</texture>
					<bordertexture border="20">overlays/shadow.png</bordertexture>
					<bordersize>20</bordersize>
				</control>
				<control type="image">
					<left>4</left>
					<top>6</top>
					<width>466</width>
					<height>691</height>
					<fadetime>200</fadetime>
					<aspectratio aligny="center">scale</aspectratio>
					<texture fallback="DefaultVideo.png" background="true">$VAR[PosterVar]</texture>
				</control>
				<control type="image">
					<left>1</left>
					<top>1</top>
					<width>472</width>
					<height>706</height>
					<texture background="true" border="8" colordiffuse="$VAR[ColourFocus]">buttons/thumbnail_focused.png</texture>
					<animation effect="fade" time="200">VisibleChange</animation>
					<visible>Control.HasFocus(51)</visible>
				</control>
				<control type="group">
					<left>415</left>
					<top>10</top>
					<include content="UserRatingCircle">
						<param name="animation" value="True" />
					</include>
					<visible>Control.IsVisible(51) | Control.IsVisible(50) | Control.IsVisible(55)</visible>
					<animation effect="fade" start="0" end="100" time="200" delay="200">Visible</animation>
					<animation effect="fade" start="100" end="0" time="200">Hidden</animation>
				</control>
			</control>
			<include>MediaMenuMouseOverlay</include>
			<control type="group">
				<include>MediaMenuCommon</include>
				<control type="grouplist" id="9000">
					<top>90</top>
					<include>MediaMenuListCommon</include>
					<control type="button" id="10">
						<description>Watched Toggle</description>
						<include>MediaMenuItemsCommon</include>
						<label>$LOCALIZE[20367]</label>
						<label2>$INFO[Container.NumItems]</label2>
						<visible>Container.Content(movies) | Container.Content(sets) | Container.Content(tvshows) | Container.content(seasons) | Container.Content(episodes)</visible>
					</control>
					<control type="radiobutton" id="626">
						<include>MediaMenuItemsCommon</include>
						<label>Extrafanarts</label>
						<selected>Skin.HasSetting(SkinHelper.EnableExtraFanart)</selected>
						<onclick>Skin.ToggleSetting(SkinHelper.EnableExtraFanart)</onclick>
						<visible>!String.StartsWith(Container.FolderPath,plugin://)</visible>
						<visible>Container.Content(movies) | Container.Content(sets) | Container.Content(tvshows) | Container.content(seasons) | Container.Content(episodes)</visible>
					</control>
					<control type="label" id="203">
						<include>MediaMenuLabelCommon</include>
						<label>$LOCALIZE[31020]</label>
					</control>
					<control type="radiobutton" id="16">
						<description>PartyMode</description>
						<label>$LOCALIZE[589]</label>
						<include>MediaMenuItemsCommon</include>
						<visible>Container.Content(MusicVideos)</visible>
					</control>
					<control type="radiobutton" id="11">
						<description>Unlock Shares</description>
						<include>MediaMenuItemsCommon</include>
						<label>$LOCALIZE[20336]</label>
						<onclick>xbmc.mastermode</onclick>
						<selected>system.ismaster</selected>
						<visible>system.haslocks</visible>
					</control>
					<control type="button" id="625">
						<include>MediaMenuItemsCommon</include>
						<label>$LOCALIZE[137]...</label>
						<onclick>RunScript(script.skin.helper.service,action=videosearch)</onclick>
						<onclick>Close</onclick>
						<visible>!Container.Content(episodes)</visible>
					</control>
					<control type="togglebutton" id="619">
						<description>Update library</description>
						<include>MediaMenuItemsCommon</include>
						<label>$LOCALIZE[653]</label>
						<onclick>UpdateLibrary(video)</onclick>
						<altlabel>$LOCALIZE[13353]</altlabel>
						<usealttexture>library.isscanningvideo</usealttexture>
					</control>
					<control type="button" id="612">
						<description>Go to playlist</description>
						<include>MediaMenuItemsCommon</include>
						<label>$LOCALIZE[31056]</label>
						<onclick>ActivateWindow(videoplaylist)</onclick>
						<visible>Integer.IsGreater(Playlist.Length(video),0)</visible>
					</control>
					<control type="button" id="621">
						<description>Get more</description>
						<include>MediaMenuItemsCommon</include>
						<label>$LOCALIZE[21452]</label>
						<onclick>ActivateWindow(addonbrowser,addons://more/video/,return)</onclick>
						<visible>Container.Content(addons)</visible>
					</control>
					<control type="button" id="622">
						<include>MediaMenuItemsCommon</include>
						<label>$LOCALIZE[31117]</label>
						<onclick condition="System.HasAddon(plugin.library.node.editor)">ActivateWindow(programs,plugin://plugin.library.node.editor/?ltype=video,return)</onclick>
						<onclick condition="!System.HasAddon(plugin.library.node.editor)">InstallAddon(plugin.library.node.editor)</onclick>
						<visible>Container.Content() + String.IsEmpty(Container.PluginName)</visible>
					</control>
					<control type="button" id="623">
						<include>MediaMenuItemsCommon</include>
						<label>$LOCALIZE[31009]</label>
						<onclick>InstallAddon(resource.images.studios.white)</onclick>
						<visible>Container.Content(studios) + !System.HasAddon(resource.images.studios.white)</visible>
					</control>
					<control type="button" id="624">
 						<include>MediaMenuItemsCommon</include>
 						<label>$LOCALIZE[10140]</label>
 						<onclick>Addon.OpenSettings($INFO[Container.PluginName])</onclick>
 						<visible>!String.IsEmpty(Container.PluginName)</visible>
 					</control>
					<include>MediaMenuNowPlaying</include>
				</control>
			</control>
			<include content="TopBar">
				<param name="breadcrumbs_label" value="$VAR[BreadcrumbsVideoVar]" />
				<param name="breadcrumbs_icon" value="icons/settings/video.png" />
				<param name="main_label" value="$VAR[VideoInfoMainLabelVar]"/>
				<param name="sub_label" value="$VAR[VideoInfoSubLabelVar]"/>
				<param name="visible" value="![[String.IsEqual(Skin.String(HideBars.label),$LOCALIZE[40069]) | String.IsEqual(Skin.String(HideBars.label),$LOCALIZE[40070])] + !Container.Content(addons) + !Container.Content(actors) + !Container.Content(directors) + ![Control.IsVisible(55) + Window.IsVisible(MyVideoNav.xml)] + [Control.IsVisible(500) | Control.IsVisible(501) | Control.IsVisible(502) | Control.IsVisible(50) | Control.IsVisible(51) | Control.IsVisible(53) | Control.IsVisible(54) | Control.IsVisible(55) | Control.IsVisible(503)]]" />
			</include>
			<include content="BottomBar">
 				<param name="info_visible" value="true" />
 			</include>
		</control>
	</controls>
</window>
