<?xml version="1.0" encoding="utf-8"?>
<window>
    <allowoverlay>no</allowoverlay>
    <onunload>ClearProperty(filename_formatted,Home)</onunload>
    <onload>RunScript(script.skin.helper.service,action=GETPLAYERFILENAME,output=filename_formatted)</onload>
    <controls>
        <control type="group" id="250">
			<posy>50</posy>
			<include>animation_window_open_close</include>

			<control type="image">
                <!--Panel-->
                <posx>230</posx>
                <posy>90</posy>
                <width>1510</width>
                <height>650</height>
				<texture border="15">diffuse/bgpanel.png</texture>
				<colordiffuse>$INFO[Skin.String(GeneralPanelsColor)]</colordiffuse>
				
            </control>
			<control type="image">
                <!--Panel-->
                <posx>230</posx>
                <posy>90</posy>
                <width>1510</width>
                <height>650</height>
				<texture border="15">diffuse/bgpanel.png</texture>
				<bordersize>10</bordersize>
				<colordiffuse>$INFO[Skin.String(GeneralPanelsColor)]</colordiffuse>
				
            </control>

            <!--Top Label-->
            <control type="group">
                <control type="label" id="100">
                    <!--textarea-->
                    <posx>305</posx>
                    <posy>130</posy>
                    <width>780</width>
                    <height>50</height>
                    <font>Reg45</font>
                    <textcolor>$INFO[Skin.String(GeneralTextColor)]</textcolor>
                    <align>Left</align>
                    <wrapmultiline>false</wrapmultiline>
                </control>
				<control type="label" id="140">
					<description>textarea</description>
					<posx>305</posx>
                    <posy>180</posy>
                    <width>780</width>
                    <height>50</height>
                    <font>Reg25</font>
					<textcolor>$INFO[Skin.String(GeneralTextColor)]</textcolor>
					<align>Left</align>
                    <wrapmultiline>false</wrapmultiline>
				</control>
            </control>
            <!-- close dialog -->
            <control type="group">
                <include>animation_fade_visible_hidden</include>
                <posx>1180</posx>
				<posy>130</posy>
                <include condition="Skin.HasSetting(EnableTouchSupport)">close_button</include>
            </control>
            <!--Left Menu-->
            <control type="group">
                <control type="image">
                    <!--Inner-->
                    <posx>275</posx>
                    <posy>240</posy>
                    <width>950</width>
                    <height>400</height>
                    <texture border="5">dialogs/default/inner.png</texture>
                </control>
                <control type="list" id="120">
                    <!--List 120-->
                    <posx>275</posx>
                    <posy>240</posy>
                    <width>950</width>
                    <height>400</height>
                    <!--onleft>121</onleft-->
                    <onleft>noop</onleft>
                    <onright>150</onright>
                    <onup>120</onup>
                    <ondown>120</ondown>
                    <viewtype label="535">list</viewtype>
                    <pagecontrol>121</pagecontrol>
                    <scrolltime>200</scrolltime>
                    <itemlayout width="950" height="50">
                        
                        <!--Language Flag -->
                        <control type="image">
							<left>30</left>
							<top>5</top>
							<width>60</width>
							<height>40</height>
							<texture>special://skin/extras/flags/language/$INFO[ListItem.Thumb].png</texture>
							<aspectratio>keep</aspectratio>
						</control>
                        
                        <!--Rating-->
                        <control type="label">
                            <posx>120</posx>
                            <posy>0</posy>
                            <width>60</width>
                            <height>50</height>
                            <font>Light30</font>
                            <aligny>center</aligny>
                            <textcolor>$INFO[Skin.String(GeneralTextColor)]</textcolor>
                            <selectedcolor>$INFO[Skin.String(ButtonFocusColor)]</selectedcolor>
                            <align>left</align>
                            <label>$INFO[ListItem.ActualIcon]</label>
                        </control>
                        
                        <!--Language Flag -->
                        <control type="image">
							<left>5</left>
							<top>5</top>
							<width>26</width>
							<height>26</height>
							<texture>s/$INFO[ListItem.Thumb].png</texture>
							<aspectratio>keep</aspectratio>
						</control>
                        <control type="label">
                            <!--Label 2-->
                            <posx>200</posx>
                            <posy>0</posy>
                            <width>650</width>
                            <height>50</height>
                            <font>Light28</font>
                            <aligny>center</aligny>
                            <textcolor>$INFO[Skin.String(GeneralTextColor)]</textcolor>
                            <selectedcolor>$INFO[Skin.String(ButtonFocusColor)]</selectedcolor>
                            <align>left</align>
                            <info>ListItem.Label2</info>
                        </control>
						<!-- sync image -->
						<control type="image">
							<posx>830</posx>
							<posy>-4</posy>
							<width>121</width>
							<height>56</height>
							<texture>flags/subsync.png</texture>
							<visible>ListItem.property(sync)</visible>
							<colordiffuse>$INFO[Skin.String(GeneralTextColor)]</colordiffuse>
						</control>
                    </itemlayout>
                    <focusedlayout width="950" height="50">
                        <control type="group">
                            <visible>Control.HasFocus(120)</visible>
                            <control type="image">
                                <!--Slider-->
                                <posx>0</posx>
                                <posy>0</posy>
                                <width>1065</width>
                                <height>50</height>
                                <texture border="5">diffuse/panel.png</texture>
                                <colordiffuse>$INFO[Skin.String(ButtonFocusColor)]</colordiffuse>
                            </control>
                            <!--Language Flag -->
                            <control type="image">
                                <left>30</left>
                                <top>5</top>
                                <width>60</width>
                                <height>40</height>
                                <texture>special://skin/extras/flags/language/$INFO[ListItem.Thumb].png</texture>
                                <aspectratio>keep</aspectratio>
                            </control>
                            
                            <!--Rating-->
                            <control type="label">
                                <posx>120</posx>
                                <posy>0</posy>
                                <width>60</width>
                                <height>50</height>
                                <font>Light30</font>
                                <aligny>center</aligny>
                                <textcolor>$INFO[Skin.String(ButtonFocusTextColor)]</textcolor>
                                <selectedcolor>$INFO[Skin.String(ButtonFocusTextColor)]</selectedcolor>
                                <align>left</align>
                                <label>$INFO[ListItem.ActualIcon]</label>
                            </control>
                            <control type="label">
                                <!--Label 2-->
                                <posx>200</posx>
                                <posy>0</posy>
                                <width>650</width>
                                <height>50</height>
                                <font>Light28</font>
                                <aligny>center</aligny>
                                <textcolor>$INFO[Skin.String(ButtonFocusTextColor)]</textcolor>
                                <selectedcolor>$INFO[Skin.String(ButtonFocusTextColor)]</selectedcolor>
                                <align>left</align>
                                <info>ListItem.Label2</info>
                                <scroll>true</scroll>
                                <visible>Control.HasFocus(120)</visible>
                            </control>
                            <control type="image">
                                <posx>830</posx>
                                <posy>-4</posy>
                                <width>121</width>
                                <height>56</height>
                                <texture>flags/subsync.png</texture>
                                <visible>ListItem.property(sync)</visible>
                                <colordiffuse>$INFO[Skin.String(ButtonFocusTextColor)]</colordiffuse>
                            </control>
                        </control>
                        <control type="group">
                            <visible>!Control.HasFocus(120)</visible>
                            <!--Language Flag -->
                            <control type="image">
                                <left>30</left>
                                <top>5</top>
                                <width>60</width>
                                <height>40</height>
                                <texture>special://skin/extras/flags/language/$INFO[ListItem.Thumb].png</texture>
                                <aspectratio>keep</aspectratio>
                            </control>
                            
                            <!--Rating-->
                            <control type="label">
                                <posx>120</posx>
                                <posy>0</posy>
                                <width>60</width>
                                <height>50</height>
                                <font>Light30</font>
                                <aligny>center</aligny>
                                <textcolor>$INFO[Skin.String(GeneralTextColor)]</textcolor>
                                <selectedcolor>$INFO[Skin.String(ButtonFocusColor)]</selectedcolor>
                                <align>left</align>
                                <label>$INFO[ListItem.ActualIcon]</label>
                            </control>
                            <control type="label">
                                <!--Label 2-->
                                <posx>200</posx>
                                <posy>0</posy>
                                <width>650</width>
                                <height>50</height>
                                <font>Light28</font>
                                <aligny>center</aligny>
                                <textcolor>$INFO[Skin.String(GeneralTextColor)]</textcolor>
                                <selectedcolor>$INFO[Skin.String(ButtonFocusColor)]</selectedcolor>
                                <align>left</align>
                                <info>ListItem.Label2</info>
                            </control>
                            <!-- sync image -->
                            <control type="image">
                                <posx>830</posx>
                                <posy>-4</posy>
                                <width>121</width>
                                <height>56</height>
                                <texture>flags/subsync.png</texture>
                                <visible>ListItem.property(sync)</visible>
                                <colordiffuse>$INFO[Skin.String(GeneralTextColor)]</colordiffuse>
                            </control>
                        </control>
                    </focusedlayout>
                </control>
                
                <control type="scrollbar" id="121">
                    <posx>1235</posx>
                    <posy>240</posy>
                    <height>400</height>
                    <onup>60</onup>
                    <ondown>60</ondown>
                    <onleft>3</onleft>
                    <animation effect="fade" start="0" end="100" time="400" condition="Control.HasFocus(60) | Skin.HasSetting(EnableTouchSupport) | Container.Scrolling | Skin.HasSetting(alwaysShowScrollbars)">Conditional</animation>
                    <animation effect="fade" start="100" end="0" time="400" condition="![Control.HasFocus(60) | Skin.HasSetting(EnableTouchSupport) | Container.Scrolling | Skin.HasSetting(alwaysShowScrollbars)]">Conditional</animation>
                </control>
                
				<control type="label">
                    <!--filename-->
                    <posx>295</posx>
                    <posy>655</posy>
                    <width>910</width>
                    <height>50</height>
                    <font>Light25</font>
                    <textcolor>$INFO[Skin.String(GeneralTextColor)]</textcolor>
                    <align>Left</align>
					<label>$INFO[Window(Home).Property(filename_formatted)]</label>
                    <wrapmultiline>false</wrapmultiline>
                    <scroll>true</scroll>
                </control>
            </control>

            <!--Right Menu-->
            <control type="group">
                <control type="image">
                    <!--Inner-->
                    <posx>1270</posx>
                    <posy>240</posy>
                    <height>400</height>
                    <width>430</width>
                    <texture border="5">dialogs/default/inner.png</texture>
                </control>
                <control type="button" id="160">
                    <description>Manual search button</description>
                    <align>left</align>
                    <aligny>center</aligny>
                    <textoffsetx>50</textoffsetx>
                    <left>1270</left>
                    <top>120</top>
                    <width>430</width>
                    <height>60</height>
                    <onleft>120</onleft>
                    <onright>120</onright>
                    <onup>150</onup>
                    <ondown>150</ondown>
                    <label>$LOCALIZE[24120]</label>
                </control>
                <control type="list" id="150">
                    <!--List 150-->
                    <posx>1270</posx>
                    <posy>240</posy>
                    <height>400</height>
                    <width>430</width>
                    <onleft>120</onleft>
                    <onright>120</onright>
                    <onup>160</onup>
                    <ondown>150</ondown>
                    <viewtype label="535">list</viewtype>
                    <scrolltime>200</scrolltime>
                    <pagecontrol>151</pagecontrol>
                    <itemlayout width="450" height="60">
                        <control type="label">
                            <posx>40</posx>
                            <posy>0</posy>
                            <width>400</width>
                            <height>60</height>
                            <font>Light28</font>
                            <aligny>center</aligny>
                            <textcolor>$INFO[Skin.String(GeneralTextColor)]</textcolor>
                            <selectedcolor>$INFO[Skin.String(GeneralTextColor)]</selectedcolor>
                            <align>left</align>
                            <info>ListItem.Label</info>
                            <visible>!ListItem.property(man)</visible>
                        </control>
                        <control type="label">
                            <posx>40</posx>
                            <posy>0</posy>
                            <width>400</width>
                            <height>60</height>
                            <font>Light28</font>
                            <aligny>center</aligny>
                            <textcolor>$INFO[Skin.String(GeneralTextColor)]</textcolor>
                            <selectedcolor>$INFO[Skin.String(GeneralTextColor)]</selectedcolor>
                            <align>left</align>
                            <info>ListItem.Label</info>
                            <visible>ListItem.property(man)</visible>
                        </control>
						<control type="image">
							<posx>20</posx>
                            <posy>0</posy>
                            <width>420</width>
                            <height>60</height>
							<texture>dialogs/default/separator.png</texture>
						</control>
                    </itemlayout>
                    <focusedlayout width="450" height="60">
                        <control type="image">
                            <!--Button-->
                            <posx>0</posx>
                            <posy>0</posy>
                            <width>450</width>
                            <height>60</height>
                            <texture border="5">diffuse/panel.png</texture>
							<colordiffuse>$INFO[Skin.String(ButtonFocusColor)]</colordiffuse>
                            <visible>Control.HasFocus(150)</visible>
                        </control>
                        <control type="label">
                            <visible>Control.HasFocus(150)</visible>
                            <posx>40</posx>
                            <posy>0</posy>
                            <width>400</width>
                            <height>60</height>
                            <font>Light28</font>
                            <aligny>center</aligny>
                            <textcolor>$INFO[Skin.String(ButtonFocusTextColor)]</textcolor>
							<selectedcolor>$INFO[Skin.String(ButtonFocusTextColor)]</selectedcolor>
                            <align>left</align>
                            <info>ListItem.Label</info>
                            <visible>!ListItem.property(man)</visible>
							<scroll>true</scroll>
                        </control>
                        <control type="label">
                            <visible>Control.HasFocus(150)</visible>
                            <posx>40</posx>
                            <posy>0</posy>
                            <width>400</width>
                            <height>60</height>
                            <font>Light28</font>
                            <aligny>center</aligny>
                            <textcolor>$INFO[Skin.String(ButtonFocusTextColor)]</textcolor>
                            <align>left</align>
                            <info>ListItem.Label</info>
                            <visible>ListItem.property(man)</visible>
							<scroll>true</scroll>
                        </control>
                        <control type="label">
                            <visible>!Control.HasFocus(150)</visible>
                            <posx>40</posx>
                            <posy>0</posy>
                            <width>400</width>
                            <height>60</height>
                            <font>Light28</font>
                            <aligny>center</aligny>
                            <textcolor>$INFO[Skin.String(GeneralTextColor)]</textcolor>
							<selectedcolor>$INFO[Skin.String(GeneralTextColor)]</selectedcolor>
                            <align>left</align>
                            <info>ListItem.Label</info>
                            <visible>!ListItem.property(man)</visible>
							<scroll>true</scroll>
                        </control>
                        <control type="label">
                            <visible>!Control.HasFocus(150)</visible>
                            <posx>40</posx>
                            <posy>0</posy>
                            <width>400</width>
                            <height>60</height>
                            <font>Light28</font>
                            <aligny>center</aligny>
                            <textcolor>$INFO[Skin.String(GeneralTextColor)]</textcolor>
							<selectedcolor>$INFO[Skin.String(GeneralTextColor)]</selectedcolor>
                            <align>left</align>
                            <info>ListItem.Label</info>
                            <visible>ListItem.property(man)</visible>
							<scroll>true</scroll>
                        </control>
						<control type="image">
							<posx>20</posx>
                            <posy>0</posy>
                            <width>420</width>
                            <height>60</height>
							<texture>dialogs/default/separator.png</texture>
							<visible>!Control.HasFocus(150)</visible>
						</control>
                    </focusedlayout>
                </control>
                <control type="scrollbar" id="151">
                    <posx>1705</posx>
                    <posy>240</posy>
                    <height>400</height>
                    <onup>60</onup>
                    <ondown>60</ondown>
                    <onleft>3</onleft>
                    <showonepage>true</showonepage>
                    <animation effect="fade" start="0" end="100" time="400" condition="Control.HasFocus(60) | Skin.HasSetting(EnableTouchSupport) | Container.Scrolling | Skin.HasSetting(alwaysShowScrollbars)">Conditional</animation>
                    <animation effect="fade" start="100" end="0" time="400" condition="![Control.HasFocus(60) | Skin.HasSetting(EnableTouchSupport) | Container.Scrolling | Skin.HasSetting(alwaysShowScrollbars)]">Conditional</animation>
                </control>
                
            </control>
        </control>
    </controls>
</window>