<?xml version="1.0" encoding="utf-8"?>
<includes>
	
	<!--Animation-->
    <include name="animation_view_change">
        <!--View Change -->
		<animation time="200" effect="fade">Visible</animation>
        <animation time="200" effect="fade">Hidden</animation>
    </include>
    <include name="animation_view_change_pvr">
        <!--View Change PVR-->
        <animation time="200" effect="fade">Visible</animation>
        <animation time="200" effect="fade">Hidden</animation>
    </include>
	
    <include name="animation_window_open_close">
        <!--Fade Open/Close normal-->
		<animation type="WindowOpen" reversible="false" condition="!Skin.HasSetting(LowPerformanceMode)">
			<effect type="zoom" start="80" end="100" center="960,540" easing="out" tween="back" time="200"/>
			<effect type="fade" start="0" end="100" time="200"/>
		</animation>
		<animation type="WindowClose" reversible="false" condition="!Skin.HasSetting(LowPerformanceMode)">
			<effect type="zoom" start="100" end="80" center="960,540" easing="in" tween="back" time="200"/>
			<effect type="fade" start="100" end="0" time="200"/>
		</animation>
		
		<!--Fade Open/Close slow systems-->
		<animation type="WindowOpen" reversible="false" condition="Skin.HasSetting(LowPerformanceMode)">
			<effect type="fade" start="0" end="100" time="150"/>
		</animation>
		<animation type="WindowClose" reversible="false" condition="Skin.HasSetting(LowPerformanceMode)">
			<effect type="fade" start="100" end="0" time="150"/>
		</animation>
		
		<animation time="150" effect="fade" reversible="true" easing="inout">Visible</animation>

    </include>
    
    <include name="widgets_animation">
        <animation condition="Skin.HasSetting(Widgets_Animation)" reversible="false" type="Visible">
            <effect center="960,540" delay="280" easing="in" end="100" start="98" time="180" tween="sine" type="zoom" />
            <effect delay="280" easing="in" end="0,0" start="0,40" time="180" tween="sine" type="slide" />
            <effect delay="280" easing="in" end="100" start="0" time="180" tween="sine" type="fade" />
        </animation>
        <animation time="300" effect="fade" start="0" end="100" reversible="true" easing="inout" condition="!Skin.HasSetting(Widgets_Animation)">Visible</animation>
    </include>

    <include name="animation_fade_visible_hidden">
        <!--Visible/Hidden Aniamtion-->
        <animation time="125" effect="fade" delay="0">Visible</animation>
        <animation time="125" effect="fade" delay="0">Hidden</animation>
		<animation type="WindowOpen" reversible="false">
			<effect type="fade" start="0" end="100" time="200"/>
		</animation>
		<animation type="WindowClose" reversible="false">
			<effect type="fade" start="100" end="0" time="200"/>
		</animation>
    </include>
	
	<include name="animation_fade_visible_hidden_delayed">
        <!--Visible/Hidden Aniamtion-->
        <animation time="125" effect="fade" delay="0">Visible</animation>
        <animation time="125" effect="fade" delay="300">Hidden</animation>
    </include>
	
    <include name="animation_dialog_button">
        <!--Shutdown Menu Open/Close-->
        <animation type="WindowOpen">
			<effect type="slide" start="0,200" end="0,-490" tween="cubic" easing="inout" time="550" />
            <effect type="fade" start="0" end="100" tween="sine" easing="inout" time="400" />
        </animation>
        <animation type="WindowClose">
            <effect type="slide" start="0,-490" end="0,200" tween="cubic" easing="inout" time="550" />
            <effect type="fade" start="100" end="0" tween="sine" easing="out" time="350" />
        </animation>
    </include>
	<include name="animation_dialog_button_modern">
        <!--Shutdown Menu Open/Close-->
        <animation type="WindowOpen">
            <effect type="slide" start="0,110" end="0,0" tween="cubic" easing="inout" time="550" />
            <effect type="fade" start="0" end="100" tween="sine" easing="inout" time="400" />
        </animation>
        <animation type="WindowClose">
            <effect type="slide" start="0,0" end="0,110" tween="cubic" easing="inout" time="550" />
            <effect type="fade" start="100" end="0" tween="sine" easing="out" time="300" />
        </animation>
    </include>
	
	
    <include name="animation_sub_menu">
        <!--Sub Menu Slide Animation-->
        <animation type="Conditional" condition="[ControlGroup(9001).HasFocus() + window.isactive(home)] | ControlGroup(9000).HasFocus() | StringCompare(Window(Home).Property(ShowViewSubMenu),show) | Control.HasFocus(9000)">
            <effect type="slide" start="0" end="660" time="300" delay="0" tween="cubic" easing="inout" />
        </animation>	
    </include>
   
	<include name="SettingsFadeEffect">
		<animation effect="fade" time="100" delay="200">Visible</animation>
		<animation effect="fade" time="50">Hidden</animation>
	</include>
	
	<include name="backgroundfade">
        <animation effect="fade" time="150">Visible</animation>
        <animation effect="fade" time="150">Hidden</animation>
    </include>

  <include name="snow">
    <control type="group">
      <visible>Skin.HasSetting(enablesnow)</visible>
      <control type="group">
        <posx>-100</posx>
        <animation effect="rotate" end="20" time="9000" delay="300" condition="true">Conditional</animation>
        <control type="image">
          <posx>40</posx>
          <posy>-180</posy>
          <width>40</width>
          <height>40</height>
          <texture>special://skin/extras/media/snow/snow.png</texture>
          <aspectratio scalediffuse="false">keep</aspectratio>
          <animation effect="slide" start="0,0" end="0,820" time="11000" delay="1600" reversible="false" loop="true" condition="true">Conditional</animation>
          <animation effect="slide" start="40,0" end="-40,0" time="5300" delay="300" reversible="false" condition="true">Conditional</animation>
          <colordiffuse>C2FFFFFF</colordiffuse>
        </control>
        <control type="image">
          <posx>100</posx>
          <posy>-100</posy>
          <width>32</width>
          <height>32</height>
          <texture>special://skin/extras/media/snow/snow1.png</texture>
          <aspectratio scalediffuse="false">keep</aspectratio>
          <animation effect="slide" start="0,0" end="0,1020" time="8000" delay="0" reversible="false" loop="true" condition="true">Conditional</animation>
          <animation effect="slide" start="40,0" end="-20,0" time="3200" delay="300" reversible="false" condition="true">Conditional</animation>
        </control>
        <control type="image">
          <posx>1000</posx>
          <posy>-0</posy>
          <width>30</width>
          <height>30</height>
          <texture>special://skin/extras/media/snow/snow2.png</texture>
          <aspectratio scalediffuse="false">keep</aspectratio>
          <animation effect="slide" start="0,0" end="0,1020" time="8000" delay="0" reversible="false" loop="true" condition="true">Conditional</animation>
          <animation effect="slide" start="40,0" end="-20,0" time="3200" delay="300" reversible="false" condition="true">Conditional</animation>
        </control>
        <control type="image">
          <posx>200</posx>
          <posy>-40</posy>
          <width>20</width>
          <height>20</height>
          <texture>special://skin/extras/media/snow/snow2.png</texture>
          <aspectratio scalediffuse="false">keep</aspectratio>
          <animation effect="slide" start="0,0" end="0,1120" time="12000" delay="1300" reversible="false" loop="true" condition="true">Conditional</animation>
          <animation effect="slide" start="50,0" end="-10,0" time="4300" delay="220" reversible="false" condition="true">Conditional</animation>
        </control>
        <control type="image">
          <posx>260</posx>
          <posy>-80</posy>
          <width>50</width>
          <height>50</height>
          <texture>special://skin/extras/media/snow/snow.png</texture>
          <aspectratio scalediffuse="false">keep</aspectratio>
          <animation effect="slide" start="0,0" end="0,1020" time="13000" delay="2200" reversible="false" loop="true" condition="true">Conditional</animation>
          <animation effect="slide" start="40,0" end="-30,0" time="4000" delay="200" reversible="false" condition="true">Conditional</animation>
        </control>
        <control type="image">
          <posx>390</posx>
          <posy>-210</posy>
          <width>40</width>
          <height>40</height>
          <texture>special://skin/extras/media/snow/snow2.png</texture>
          <aspectratio scalediffuse="false">keep</aspectratio>
          <animation effect="slide" start="0,0" end="0,1120" time="13000" delay="600" reversible="false" loop="true" condition="true">Conditional</animation>
          <animation effect="slide" start="20,0" end="-60,0" time="5300" delay="300" reversible="false" condition="true">Conditional</animation>
          <colordiffuse>C2FFFFFF</colordiffuse>
        </control>
      </control>
      <control type="group">
        <posx>100</posx>
        <animation effect="rotate" start="20" end="40" time="9000" delay="800" condition="true">Conditional</animation>
        <control type="image">
          <posx>80</posx>
          <posy>-100</posy>
          <width>20</width>
          <height>20</height>
          <texture>special://skin/extras/media/snow/snow3.png</texture>
          <aspectratio scalediffuse="false">keep</aspectratio>
          <animation effect="slide" start="0,0" end="0,820" time="8000" delay="1000" reversible="false" loop="true" condition="true">Conditional</animation>
          <animation effect="slide" start="40,0" end="-20,0" time="3200" delay="300" reversible="false" condition="true">Conditional</animation>
        </control>
        <control type="image">
          <posx>240</posx>
          <posy>-40</posy>
          <width>50</width>
          <height>50</height>
          <texture>special://skin/extras/media/snow/snow5.png</texture>
          <aspectratio scalediffuse="false">keep</aspectratio>
          <animation effect="slide" start="0,0" end="0,1020" time="8000" delay="1800" reversible="false" loop="true" condition="true">Conditional</animation>
          <animation effect="slide" start="40,0" end="-30,0" time="4000" delay="200" reversible="false" condition="true">Conditional</animation>
        </control>
        <control type="image">
          <posx>390</posx>
          <posy>-210</posy>
          <width>30</width>
          <height>30</height>
          <texture>special://skin/extras/media/snow/snow4.png</texture>
          <aspectratio scalediffuse="false">keep</aspectratio>
          <animation effect="slide" start="0,0" end="0,1120" time="12000" delay="1500" reversible="false" loop="true" condition="true">Conditional</animation>
          <animation effect="slide" start="20,0" end="-60,0" time="5300" delay="300" reversible="false" condition="true">Conditional</animation>
          <colordiffuse>C2FFFFFF</colordiffuse>
        </control>
      </control>
      <control type="group">
        <posx>600</posx>
        <posy>-200</posy>
        <animation effect="rotate" end="15" time="7000" delay="500" condition="true">Conditional</animation>
        <control type="image">
          <posx>20</posx>
          <posy>-60</posy>
          <width>40</width>
          <height>40</height>
          <texture>special://skin/extras/media/snow/snow3.png</texture>
          <aspectratio scalediffuse="false">keep</aspectratio>
          <animation effect="slide" start="0,0" end="0,1120" time="12000" delay="1300" reversible="false" loop="true" condition="true">Conditional</animation>
          <animation effect="slide" start="50,0" end="-10,0" time="4300" delay="220" reversible="false" condition="true">Conditional</animation>
        </control>
        <control type="image">
          <posx>100</posx>
          <posy>-190</posy>
          <width>32</width>
          <height>32</height>
          <texture>special://skin/extras/media/snow/snow3.png</texture>
          <aspectratio scalediffuse="false">keep</aspectratio>
          <animation effect="slide" start="0,0" end="0,1020" time="9000" delay="2000" reversible="false" loop="true" condition="true">Conditional</animation>
          <animation effect="slide" start="40,0" end="-50,0" time="3200" delay="300" reversible="false" condition="true">Conditional</animation>
        </control>
        <control type="image">
          <posx>260</posx>
          <posy>-80</posy>
          <width>50</width>
          <height>50</height>
          <texture>special://skin/extras/media/snow/snow.png</texture>
          <aspectratio scalediffuse="false">keep</aspectratio>
          <animation effect="slide" start="0,0" end="0,1120" time="8000" delay="2300" reversible="false" loop="true" condition="true">Conditional</animation>
          <animation effect="slide" start="40,0" end="-30,0" time="4000" delay="200" reversible="false" condition="true">Conditional</animation>
        </control>
		<control type="image">
          <posx>660</posx>
          <posy>-10</posy>
          <width>32</width>
          <height>32</height>
          <texture>special://skin/extras/media/snow/snow5.png</texture>
          <aspectratio scalediffuse="false">keep</aspectratio>
          <animation effect="slide" start="0,0" end="0,1120" time="8000" delay="2300" reversible="false" loop="true" condition="true">Conditional</animation>
          <animation effect="slide" start="40,0" end="-30,0" time="4000" delay="200" reversible="false" condition="true">Conditional</animation>
        </control>
        <control type="image">
          <posx>330</posx>
          <posy>-110</posy>
          <width>40</width>
          <height>40</height>
          <texture>special://skin/extras/media/snow/snow.png</texture>
          <aspectratio scalediffuse="false">keep</aspectratio>
          <animation effect="slide" start="0,0" end="0,1020" time="11000" delay="1600" reversible="false" loop="true" condition="true">Conditional</animation>
          <animation effect="slide" start="40,0" end="-40,0" time="5300" delay="300" reversible="false" condition="true">Conditional</animation>
          <colordiffuse>C2FFFFFF</colordiffuse>
        </control>
        <control type="image">
          <posx>390</posx>
          <posy>-110</posy>
          <width>30</width>
          <height>30</height>
          <texture>special://skin/extras/media/snow/snow4.png</texture>
          <aspectratio scalediffuse="false">keep</aspectratio>
          <animation effect="slide" start="0,0" end="0,820" time="12000" delay="2200" reversible="false" loop="true" condition="true">Conditional</animation>
          <animation effect="slide" start="-20,0" end="50,0" time="3300" delay="300" reversible="false" condition="true">Conditional</animation>
          <colordiffuse>C2FFFFFF</colordiffuse>
        </control>
      </control>
      <control type="group">
        <posx>900</posx>
        <animation effect="rotate" start="15" end="30" time="12000" delay="300" condition="true">Conditional</animation>
        <control type="image">
          <posx>100</posx>
          <posy>-200</posy>
          <width>20</width>
          <height>20</height>
          <texture>special://skin/extras/media/snow/snow.png</texture>
          <aspectratio scalediffuse="false">keep</aspectratio>
          <animation effect="slide" start="0,0" end="0,1020" time="8000" delay="3000" reversible="false" loop="true" condition="true">Conditional</animation>
          <animation effect="slide" start="40,0" end="-20,0" time="3200" delay="300" reversible="false" condition="true">Conditional</animation>
        </control>
        <control type="image">
          <posx>1100</posx>
          <posy>-40</posy>
          <width>40</width>
          <height>40</height>
          <texture>special://skin/extras/media/snow/snow2.png</texture>
          <aspectratio scalediffuse="false">keep</aspectratio>
          <animation effect="slide" start="0,0" end="0,1120" time="13000" delay="1300" reversible="false" loop="true" condition="true">Conditional</animation>
          <animation effect="slide" start="50,0" end="-10,0" time="4300" delay="220" reversible="false" condition="true">Conditional</animation>
        </control>
        <control type="image">
          <posx>260</posx>
          <posy>-80</posy>
          <width>50</width>
          <height>50</height>
          <texture>special://skin/extras/media/snow/snow5.png</texture>
          <aspectratio scalediffuse="false">keep</aspectratio>
          <animation effect="slide" start="0,0" end="0,820" time="8000" delay="3300" reversible="false" loop="true" condition="true">Conditional</animation>
          <animation effect="slide" start="40,0" end="-30,0" time="4000" delay="200" reversible="false" condition="true">Conditional</animation>
        </control>
        <control type="image">
          <posx>390</posx>
          <posy>-110</posy>
          <width>20</width>
          <height>20</height>
          <texture>special://skin/extras/media/snow/snow2.png</texture>
          <aspectratio scalediffuse="false">keep</aspectratio>
          <animation effect="slide" start="0,0" end="0,1020" time="12000" delay="3500" reversible="false" loop="true" condition="true">Conditional</animation>
          <animation effect="slide" start="20,0" end="-60,0" time="5300" delay="300" reversible="false" condition="true">Conditional</animation>
          <colordiffuse>C2FFFFFF</colordiffuse>
        </control>
      </control>

    <control type="group">
      <posx>700</posx>
      <posy>80</posy>

      <control type="group">
        <posx>-100</posx>
        <animation effect="rotate" end="20" time="9000" delay="300" condition="true">Conditional</animation>
        <control type="image">
          <posx>40</posx>
          <posy>-180</posy>
          <width>40</width>
          <height>40</height>
          <texture>special://skin/extras/media/snow/snow.png</texture>
          <aspectratio scalediffuse="false">keep</aspectratio>
          <animation effect="slide" start="0,0" end="0,820" time="11000" delay="1600" reversible="false" loop="true" condition="true">Conditional</animation>
          <animation effect="slide" start="40,0" end="-40,0" time="5300" delay="300" reversible="false" condition="true">Conditional</animation>
          <colordiffuse>C2FFFFFF</colordiffuse>
        </control>
        <control type="image">
          <posx>100</posx>
          <posy>-100</posy>
          <width>32</width>
          <height>32</height>
          <texture>special://skin/extras/media/snow/snow1.png</texture>
          <aspectratio scalediffuse="false">keep</aspectratio>
          <animation effect="slide" start="0,0" end="0,1020" time="8000" delay="0" reversible="false" loop="true" condition="true">Conditional</animation>
          <animation effect="slide" start="40,0" end="-20,0" time="3200" delay="300" reversible="false" condition="true">Conditional</animation>
        </control>
        <control type="image">
          <posx>200</posx>
          <posy>-40</posy>
          <width>40</width>
          <height>40</height>
          <texture>special://skin/extras/media/snow/snow5.png</texture>
          <aspectratio scalediffuse="false">keep</aspectratio>
          <animation effect="slide" start="0,0" end="0,1120" time="12000" delay="1300" reversible="false" loop="true" condition="true">Conditional</animation>
          <animation effect="slide" start="50,0" end="-10,0" time="4300" delay="220" reversible="false" condition="true">Conditional</animation>
        </control>
        <control type="image">
          <posx>260</posx>
          <posy>-80</posy>
          <width>50</width>
          <height>50</height>
          <texture>special://skin/extras/media/snow/snow3.png</texture>
          <aspectratio scalediffuse="false">keep</aspectratio>
          <animation effect="slide" start="0,0" end="0,1020" time="13000" delay="2200" reversible="false" loop="true" condition="true">Conditional</animation>
          <animation effect="slide" start="40,0" end="-30,0" time="4000" delay="200" reversible="false" condition="true">Conditional</animation>
        </control>
        <control type="image">
          <posx>390</posx>
          <posy>-210</posy>
          <width>40</width>
          <height>40</height>
          <texture>special://skin/extras/media/snow/snow.png</texture>
          <aspectratio scalediffuse="false">keep</aspectratio>
          <animation effect="slide" start="0,0" end="0,1120" time="13000" delay="600" reversible="false" loop="true" condition="true">Conditional</animation>
          <animation effect="slide" start="20,0" end="-60,0" time="5300" delay="300" reversible="false" condition="true">Conditional</animation>
          <colordiffuse>C2FFFFFF</colordiffuse>
        </control>
      </control>
      <control type="group">
        <posx>100</posx>
        <animation effect="rotate" start="20" end="40" time="9000" delay="800" condition="true">Conditional</animation>
        <control type="image">
          <posx>80</posx>
          <posy>-100</posy>
          <width>20</width>
          <height>20</height>
          <texture>special://skin/extras/media/snow/snow4.png</texture>
          <aspectratio scalediffuse="false">keep</aspectratio>
          <animation effect="slide" start="0,0" end="0,820" time="8000" delay="1000" reversible="false" loop="true" condition="true">Conditional</animation>
          <animation effect="slide" start="40,0" end="-20,0" time="3200" delay="300" reversible="false" condition="true">Conditional</animation>
        </control>
        <control type="image">
          <posx>240</posx>
          <posy>-40</posy>
          <width>50</width>
          <height>50</height>
          <texture>special://skin/extras/media/snow/snow4.png</texture>
          <aspectratio scalediffuse="false">keep</aspectratio>
          <animation effect="slide" start="0,0" end="0,1020" time="8000" delay="1800" reversible="false" loop="true" condition="true">Conditional</animation>
          <animation effect="slide" start="40,0" end="-30,0" time="4000" delay="200" reversible="false" condition="true">Conditional</animation>
        </control>
        <control type="image">
          <posx>390</posx>
          <posy>-210</posy>
          <width>30</width>
          <height>30</height>
          <texture>special://skin/extras/media/snow/snow.png</texture>
          <aspectratio scalediffuse="false">keep</aspectratio>
          <animation effect="slide" start="0,0" end="0,1120" time="12000" delay="1500" reversible="false" loop="true" condition="true">Conditional</animation>
          <animation effect="slide" start="20,0" end="-60,0" time="5300" delay="300" reversible="false" condition="true">Conditional</animation>
          <colordiffuse>C2FFFFFF</colordiffuse>
        </control>
      </control>
      <control type="group">
        <posx>600</posx>
        <posy>-200</posy>
        <animation effect="rotate" end="15" time="7000" delay="500" condition="true">Conditional</animation>
        <control type="image">
          <posx>20</posx>
          <posy>-60</posy>
          <width>24</width>
          <height>24</height>
          <texture>special://skin/extras/media/snow/snow1.png</texture>
          <aspectratio scalediffuse="false">keep</aspectratio>
          <animation effect="slide" start="0,0" end="0,1120" time="12000" delay="1300" reversible="false" loop="true" condition="true">Conditional</animation>
          <animation effect="slide" start="50,0" end="-10,0" time="4300" delay="220" reversible="false" condition="true">Conditional</animation>
        </control>
        <control type="image">
          <posx>100</posx>
          <posy>-190</posy>
          <width>32</width>
          <height>32</height>
          <texture>special://skin/extras/media/snow/snow5.png</texture>
          <aspectratio scalediffuse="false">keep</aspectratio>
          <animation effect="slide" start="0,0" end="0,1020" time="9000" delay="2000" reversible="false" loop="true" condition="true">Conditional</animation>
          <animation effect="slide" start="40,0" end="-50,0" time="3200" delay="300" reversible="false" condition="true">Conditional</animation>
        </control>
        <control type="image">
          <posx>260</posx>
          <posy>-80</posy>
          <width>50</width>
          <height>50</height>
          <texture>special://skin/extras/media/snow/snow3.png</texture>
          <aspectratio scalediffuse="false">keep</aspectratio>
          <animation effect="slide" start="0,0" end="0,1120" time="8000" delay="2300" reversible="false" loop="true" condition="true">Conditional</animation>
          <animation effect="slide" start="40,0" end="-30,0" time="4000" delay="200" reversible="false" condition="true">Conditional</animation>
        </control>
        <control type="image">
          <posx>330</posx>
          <posy>-110</posy>
          <width>40</width>
          <height>40</height>
          <texture>special://skin/extras/media/snow/snow3.png</texture>
          <aspectratio scalediffuse="false">keep</aspectratio>
          <animation effect="slide" start="0,0" end="0,1020" time="11000" delay="1600" reversible="false" loop="true" condition="true">Conditional</animation>
          <animation effect="slide" start="40,0" end="-40,0" time="5300" delay="300" reversible="false" condition="true">Conditional</animation>
          <colordiffuse>C2FFFFFF</colordiffuse>
        </control>
        <control type="image">
          <posx>390</posx>
          <posy>-110</posy>
          <width>32</width>
          <height>32</height>
          <texture>special://skin/extras/media/snow/snow2.png</texture>
          <aspectratio scalediffuse="false">keep</aspectratio>
          <animation effect="slide" start="0,0" end="0,820" time="12000" delay="2200" reversible="false" loop="true" condition="true">Conditional</animation>
          <animation effect="slide" start="-20,0" end="50,0" time="3300" delay="300" reversible="false" condition="true">Conditional</animation>
          <colordiffuse>C2FFFFFF</colordiffuse>
        </control>
      </control>
      <control type="group">
        <posx>900</posx>
        <animation effect="rotate" start="15" end="30" time="12000" delay="300" condition="true">Conditional</animation>
        <control type="image">
          <posx>100</posx>
          <posy>-200</posy>
          <width>20</width>
          <height>20</height>
          <texture>special://skin/extras/media/snow/snow.png</texture>
          <aspectratio scalediffuse="false">keep</aspectratio>
          <animation effect="slide" start="0,0" end="0,1020" time="8000" delay="3000" reversible="false" loop="true" condition="true">Conditional</animation>
          <animation effect="slide" start="40,0" end="-20,0" time="3200" delay="300" reversible="false" condition="true">Conditional</animation>
        </control>
        <control type="image">
          <posx>200</posx>
          <posy>-40</posy>
          <width>40</width>
          <height>40</height>
          <texture>special://skin/extras/media/snow/snow.png</texture>
          <aspectratio scalediffuse="false">keep</aspectratio>
          <animation effect="slide" start="0,0" end="0,1120" time="13000" delay="1300" reversible="false" loop="true" condition="true">Conditional</animation>
          <animation effect="slide" start="50,0" end="-10,0" time="4300" delay="220" reversible="false" condition="true">Conditional</animation>
        </control>
        <control type="image">
          <posx>260</posx>
          <posy>-80</posy>
          <width>50</width>
          <height>50</height>
          <texture>special://skin/extras/media/snow/snow1.png</texture>
          <aspectratio scalediffuse="false">keep</aspectratio>
          <animation effect="slide" start="0,0" end="0,920" time="8000" delay="3300" reversible="false" loop="true" condition="true">Conditional</animation>
          <animation effect="slide" start="40,0" end="-30,0" time="4000" delay="200" reversible="false" condition="true">Conditional</animation>
        </control>
        <control type="image">
          <posx>390</posx>
          <posy>-110</posy>
          <width>32</width>
          <height>32</height>
          <texture>special://skin/extras/media/snow/snow2.png</texture>
          <aspectratio scalediffuse="false">keep</aspectratio>
          <animation effect="slide" start="0,0" end="0,1020" time="12000" delay="3500" reversible="false" loop="true" condition="true">Conditional</animation>
          <animation effect="slide" start="20,0" end="-60,0" time="5300" delay="300" reversible="false" condition="true">Conditional</animation>
          <colordiffuse>C2FFFFFF</colordiffuse>
        </control>
      </control>
	</control>
 </control>
</include>

    <include name="AutoTrailerButton">
        <control type="button">
            <visible>false</visible>
            <onfocus condition="Skin.HasSetting(DetailsAutoTrailer) + [Container.Content(movies) | Container.Content(tvshows)]">RunScript(script.skin.helper.service,ACTION=playtrailer,MODE=windowed,YOUTUBE=$INFO[Skin.String(AutoYoutubeTrailer)])</onfocus>
            <onunfocus condition="Skin.HasSetting(DetailsAutoTrailer) + !IsEmpty(Window(Home).Property(TrailerPlaying)) + !StringCompare(Window(Home).Property(TrailerPlaying),fullscreen)">PlayerControl(Stop)</onunfocus>
        </control>
    </include>

    <include name="HiddenHomeMenuButtonEnhancedHome">
        <control type="button">
            <visible>false</visible>
            <onfocus condition="!IsEmpty(Container(300).ListItem.property(widget)) | !IsEmpty(Container(300).ListItem.property(widget.99))">RunScript(script.skin.helper.service,ACTION=SETWIDGETCONTAINER,CONTROLS=1508-510-520-530-540)</onfocus>
            <onfocus condition="IsEmpty(Container(300).ListItem.property(widget)) + IsEmpty(Container(300).ListItem.property(widget.99))">ClearProperty(Skinhelper.WidgetContainer)</onfocus>
            <include name="WidgetsAutoRotate" content="WidgetsAutoRotate" condition="Skin.String(widgets_rotate_delay) + !Skin.String(widgets_rotate,disabled)">
                <param name="interval" value="$INFO[Skin.String(widgets_rotate_delay)]" />
            </include>
        </control>
    </include>
    
    <include name="HiddenHomeMenuButton">
        <control type="button">
            <visible>false</visible>
            <onfocus condition="Skin.String(HomeLayout,win10) | SubString(Skin.String(HomeLayout),netflix)">SetProperty(ShowViewSubMenu,show)</onfocus>
            <onfocus>ClearProperty(SkinHelper.WidgetContainer)</onfocus>
            <onfocus condition="!Skin.HasSetting(DisableAllSubmenus)">SetProperty(submenupos,$INFO[Container(300).Position],Home)</onfocus>
            <onfocus condition="!Skin.HasSetting(DisableAllSubmenus) + Skin.HasSetting(AutoShowSubmenu) + IntegerGreaterThan(Container(4445).NumItems,0) + !Control.IsVisible(4446)">SetProperty(submenu,show,home)</onfocus>
            <onfocus condition="!Skin.HasSetting(DisableAllSubmenus) + Skin.HasSetting(AutoShowSubmenu) + IntegerGreaterThan(Container(4445).NumItems,0) + !Control.IsVisible(4446) + Skin.String(SubmenuLayout, vertical)">SetFocus(4444,0)</onfocus>
            <onfocus condition="!Skin.HasSetting(AutoShowSubmenu) | Control.IsVisible(4446) | !IntegerGreaterThan(Container(4445).NumItems,0)">ClearProperty(submenu,home)</onfocus>
            <include name="WidgetsAutoRotate" content="WidgetsAutoRotate" condition="Skin.String(widgets_rotate_delay) + !Skin.String(widgets_rotate,disabled)">
                <param name="interval" value="$INFO[Skin.String(widgets_rotate_delay)]" />
            </include>
        </control>
    </include>
    
    <include name="HiddenWidgetButton">
        <control type="button">
            <visible>false</visible>
            <onfocus condition="!Skin.HasSetting(AutoShowSubmenu)">ClearProperty(submenu)</onfocus>
            <onfocus>SetProperty(ShowWidget,show)</onfocus>
            <onfocus>SetProperty(widgetstyle,$PARAM[widgetstyle])</onfocus>
            <onfocus>SetProperty(SkinHelper.WidgetContainer,$PARAM[widgetid],home)</onfocus>
            <onfocus condition="!IsEmpty(Window(Home).Property(WidgetRotate$PARAM[widgetid])) + !SubString(Skin.String(HomeLayout),netflix)">CancelAlarm(WidgetRotate$PARAM[widgetid],true)</onfocus>
            <onfocus condition="!SubString(Skin.String(HomeLayout),netflix)">ClearProperty(WidgetRotate$PARAM[widgetid],Home)</onfocus>
            <include name="WidgetsAutoRotateNetFlix" content="WidgetsAutoRotateNetFlix" condition="SubString(Skin.String(HomeLayout),netflix) + Skin.String(widgets_rotate_delay) + !Skin.String(widgets_rotate,disabled)">
                <param name="interval" value="$INFO[Skin.String(widgets_rotate_delay)]" />
            </include>
        </control>
    </include>

    <include name="WidgetsAutoRotate">
        
        <onfocus condition="IsEmpty(Window(Home).Property(WidgetRotate1508)) + Control.IsVisible(1508) + [Skin.String(widgets_rotate,all) | Skin.String(widgets_rotate,spotlight) | [Skin.String(widgets_rotate,override) + !IsEmpty(Container(300).ListItem.Property(widgetAutoRotate.99))]]">AlarmClock(WidgetRotate1508,Control.Move(1508,1),00:$PARAM[interval],silent,loop)</onfocus>
        <onfocus condition="IsEmpty(Window(Home).Property(WidgetRotate1508)) + Control.IsVisible(1508) + [Skin.String(widgets_rotate,all) | Skin.String(widgets_rotate,spotlight) | [Skin.String(widgets_rotate,override) + !IsEmpty(Container(300).ListItem.Property(widgetAutoRotate.99))]]">SetProperty(WidgetRotate1508,active)</onfocus>
        <onfocus condition="!IsEmpty(Window(Home).Property(WidgetRotate1508)) + ![Control.IsVisible(1508) + [Skin.String(widgets_rotate,all) | Skin.String(widgets_rotate,spotlight) | [Skin.String(widgets_rotate,override) + !IsEmpty(Container(300).ListItem.Property(widgetAutoRotate.99))]]]">CancelAlarm(WidgetRotate1508,true)</onfocus>
        <onfocus condition="!IsEmpty(Window(Home).Property(WidgetRotate1508)) + ![Control.IsVisible(1508) + [Skin.String(widgets_rotate,all) | Skin.String(widgets_rotate,spotlight) | [Skin.String(widgets_rotate,override) + !IsEmpty(Container(300).ListItem.Property(widgetAutoRotate.99))]]]">ClearProperty(WidgetRotate1508,Home)</onfocus>
        
        <onfocus condition="IsEmpty(Window(Home).Property(WidgetRotate510)) + !IsEmpty(Container(300).ListItem.Property(widget)) + [Skin.String(widgets_rotate,all) | Skin.String(widgets_rotate,510) | [Skin.String(widgets_rotate,override) + !IsEmpty(Container(300).ListItem.Property(widgetAutoRotate))]]">AlarmClock(WidgetRotate510,Control.Move(510,1),00:$PARAM[interval],silent,loop)</onfocus>
        <onfocus condition="IsEmpty(Window(Home).Property(WidgetRotate510)) + !IsEmpty(Container(300).ListItem.Property(widget)) + [Skin.String(widgets_rotate,all) | Skin.String(widgets_rotate,510) | [Skin.String(widgets_rotate,override) + !IsEmpty(Container(300).ListItem.Property(widgetAutoRotate))]]">SetProperty(WidgetRotate510,active)</onfocus>
        <onfocus condition="!IsEmpty(Window(Home).Property(WidgetRotate510)) + ![!IsEmpty(Container(300).ListItem.Property(widget)) + [Skin.String(widgets_rotate,all) | Skin.String(widgets_rotate,510) | [Skin.String(widgets_rotate,override) + !IsEmpty(Container(300).ListItem.Property(widgetAutoRotate))]]]">CancelAlarm(WidgetRotate510,true)</onfocus>
        <onfocus condition="!IsEmpty(Window(Home).Property(WidgetRotate510)) + ![!IsEmpty(Container(300).ListItem.Property(widget)) + [Skin.String(widgets_rotate,all) | Skin.String(widgets_rotate,510) | [Skin.String(widgets_rotate,override) + !IsEmpty(Container(300).ListItem.Property(widgetAutoRotate))]]]">ClearProperty(WidgetRotate510,Home)</onfocus>
        
        <onfocus condition="IsEmpty(Window(Home).Property(WidgetRotate520)) + !IsEmpty(Container(300).ListItem.Property(widget.1)) + [Skin.String(widgets_rotate,all) | Skin.String(widgets_rotate,520) | [Skin.String(widgets_rotate,override) + !IsEmpty(Container(300).ListItem.Property(widgetAutoRotate.1))]]">AlarmClock(WidgetRotate520,Control.Move(520,1),00:$PARAM[interval],silent,loop)</onfocus>
        <onfocus condition="IsEmpty(Window(Home).Property(WidgetRotate520)) + !IsEmpty(Container(300).ListItem.Property(widget.1)) + [Skin.String(widgets_rotate,all) | Skin.String(widgets_rotate,520) | [Skin.String(widgets_rotate,override) + !IsEmpty(Container(300).ListItem.Property(widgetAutoRotate.1))]]">SetProperty(WidgetRotate520,active)</onfocus>
        <onfocus condition="!IsEmpty(Window(Home).Property(WidgetRotate520)) + ![!IsEmpty(Container(300).ListItem.Property(widget.1)) + [Skin.String(widgets_rotate,all) | Skin.String(widgets_rotate,520) | [Skin.String(widgets_rotate,override) + !IsEmpty(Container(300).ListItem.Property(widgetAutoRotate.1))]]]">CancelAlarm(WidgetRotate520,true)</onfocus>
        <onfocus condition="!IsEmpty(Window(Home).Property(WidgetRotate520)) + ![!IsEmpty(Container(300).ListItem.Property(widget.1)) + [Skin.String(widgets_rotate,all) | Skin.String(widgets_rotate,520) | [Skin.String(widgets_rotate,override) + !IsEmpty(Container(300).ListItem.Property(widgetAutoRotate.1))]]]">ClearProperty(WidgetRotate520,Home)</onfocus>
        
        <onfocus condition="IsEmpty(Window(Home).Property(WidgetRotate530)) + !IsEmpty(Container(300).ListItem.Property(widget.2)) + [Skin.String(widgets_rotate,all) | Skin.String(widgets_rotate,530) | [Skin.String(widgets_rotate,override) + !IsEmpty(Container(300).ListItem.Property(widgetAutoRotate.2))]]">AlarmClock(WidgetRotate530,Control.Move(530,1),00:$PARAM[interval],silent,loop)</onfocus>
        <onfocus condition="IsEmpty(Window(Home).Property(WidgetRotate530)) + !IsEmpty(Container(300).ListItem.Property(widget.2)) + [Skin.String(widgets_rotate,all) | Skin.String(widgets_rotate,530) | [Skin.String(widgets_rotate,override) + !IsEmpty(Container(300).ListItem.Property(widgetAutoRotate.2))]]">SetProperty(WidgetRotate530,active)</onfocus>
        <onfocus condition="!IsEmpty(Window(Home).Property(WidgetRotate530)) + ![!IsEmpty(Container(300).ListItem.Property(widget.2)) + [Skin.String(widgets_rotate,all) | Skin.String(widgets_rotate,530) | [Skin.String(widgets_rotate,override) + !IsEmpty(Container(300).ListItem.Property(widgetAutoRotate.2))]]]">CancelAlarm(WidgetRotate530,true)</onfocus>
        <onfocus condition="!IsEmpty(Window(Home).Property(WidgetRotate530)) + ![!IsEmpty(Container(300).ListItem.Property(widget.2)) + [Skin.String(widgets_rotate,all) | Skin.String(widgets_rotate,530) | [Skin.String(widgets_rotate,override) + !IsEmpty(Container(300).ListItem.Property(widgetAutoRotate.2))]]]">ClearProperty(WidgetRotate530,Home)</onfocus>
        
        <onfocus condition="IsEmpty(Window(Home).Property(WidgetRotate540)) + !IsEmpty(Container(300).ListItem.Property(widget.3)) + [Skin.String(widgets_rotate,all) | Skin.String(widgets_rotate,540) | [Skin.String(widgets_rotate,override) + !IsEmpty(Container(300).ListItem.Property(widgetAutoRotate.3))]]">AlarmClock(WidgetRotate540,Control.Move(540,1),00:$PARAM[interval],silent,loop)</onfocus>
        <onfocus condition="IsEmpty(Window(Home).Property(WidgetRotate540)) + !IsEmpty(Container(300).ListItem.Property(widget.3)) + [Skin.String(widgets_rotate,all) | Skin.String(widgets_rotate,540) | [Skin.String(widgets_rotate,override) + !IsEmpty(Container(300).ListItem.Property(widgetAutoRotate.3))]]">SetProperty(WidgetRotate540,active)</onfocus>
        <onfocus condition="!IsEmpty(Window(Home).Property(WidgetRotate540)) + ![!IsEmpty(Container(300).ListItem.Property(widget.3)) + [Skin.String(widgets_rotate,all) | Skin.String(widgets_rotate,540) | [Skin.String(widgets_rotate,override) + !IsEmpty(Container(300).ListItem.Property(widgetAutoRotate.3))]]]">CancelAlarm(WidgetRotate540,true)</onfocus>
        <onfocus condition="!IsEmpty(Window(Home).Property(WidgetRotate540)) + ![!IsEmpty(Container(300).ListItem.Property(widget.3)) + [Skin.String(widgets_rotate,all) | Skin.String(widgets_rotate,540) | [Skin.String(widgets_rotate,override) + !IsEmpty(Container(300).ListItem.Property(widgetAutoRotate.3))]]]">ClearProperty(WidgetRotate540,Home)</onfocus>

    </include>
    
    <include name="WidgetsAutoRotateNetFlix">
        <onfocus condition="IsEmpty(Window(Home).Property(WidgetRotate1508)) + Control.IsVisible(1508) + [Skin.String(widgets_rotate,all) | Skin.String(widgets_rotate,spotlight)]">AlarmClock(WidgetRotate1508,Control.Move(1508,1),00:$PARAM[interval],silent,loop)</onfocus>
        <onfocus condition="IsEmpty(Window(Home).Property(WidgetRotate1508)) + Control.IsVisible(1508) + [Skin.String(widgets_rotate,all) | Skin.String(widgets_rotate,spotlight)]">SetProperty(WidgetRotate1508,active)</onfocus>
        <onfocus condition="!IsEmpty(Window(Home).Property(WidgetRotate1508)) + ![Control.IsVisible(1508) + [Skin.String(widgets_rotate,all) | Skin.String(widgets_rotate,spotlight)]]">CancelAlarm(WidgetRotate1508,true)</onfocus>
        <onfocus condition="!IsEmpty(Window(Home).Property(WidgetRotate1508)) + ![Control.IsVisible(1508) + [Skin.String(widgets_rotate,all) | Skin.String(widgets_rotate,spotlight)]]">ClearProperty(WidgetRotate1508,Home)</onfocus>
        
        <onfocus condition="IsEmpty(Window(Home).Property(WidgetRotate510)) + Control.IsVisible(510) + [Skin.String(widgets_rotate,all) | Skin.String(widgets_rotate,510)]">AlarmClock(WidgetRotate510,Control.Move(510,1),00:$PARAM[interval],silent,loop)</onfocus>
        <onfocus condition="IsEmpty(Window(Home).Property(WidgetRotate510)) + Control.IsVisible(510) + [Skin.String(widgets_rotate,all) | Skin.String(widgets_rotate,510)]">SetProperty(WidgetRotate510,active)</onfocus>
        <onfocus condition="!IsEmpty(Window(Home).Property(WidgetRotate510)) + ![Control.IsVisible(510) + [Skin.String(widgets_rotate,all) | Skin.String(widgets_rotate,510)]]">CancelAlarm(WidgetRotate510,true)</onfocus>
        <onfocus condition="!IsEmpty(Window(Home).Property(WidgetRotate510)) + ![Control.IsVisible(510) + [Skin.String(widgets_rotate,all) | Skin.String(widgets_rotate,510)]]">ClearProperty(WidgetRotate510,Home)</onfocus>
        
        <onfocus condition="IsEmpty(Window(Home).Property(WidgetRotate520)) + Control.IsVisible(520) + [Skin.String(widgets_rotate,all) | Skin.String(widgets_rotate,520)]">AlarmClock(WidgetRotate520,Control.Move(520,1),00:$PARAM[interval],silent,loop)</onfocus>
        <onfocus condition="IsEmpty(Window(Home).Property(WidgetRotate520)) + Control.IsVisible(520) + [Skin.String(widgets_rotate,all) | Skin.String(widgets_rotate,520)]">SetProperty(WidgetRotate520,active)</onfocus>
        <onfocus condition="!IsEmpty(Window(Home).Property(WidgetRotate520)) + ![Control.IsVisible(520) + [Skin.String(widgets_rotate,all) | Skin.String(widgets_rotate,520)]]">CancelAlarm(WidgetRotate520,true)</onfocus>
        <onfocus condition="!IsEmpty(Window(Home).Property(WidgetRotate520)) + ![Control.IsVisible(520) + [Skin.String(widgets_rotate,all) | Skin.String(widgets_rotate,520)]]">ClearProperty(WidgetRotate520,Home)</onfocus>
        
        <onfocus condition="IsEmpty(Window(Home).Property(WidgetRotate530)) + Control.IsVisible(530) + [Skin.String(widgets_rotate,all) | Skin.String(widgets_rotate,530)]">AlarmClock(WidgetRotate530,Control.Move(530,1),00:$PARAM[interval],silent,loop)</onfocus>
        <onfocus condition="IsEmpty(Window(Home).Property(WidgetRotate530)) + Control.IsVisible(530) + [Skin.String(widgets_rotate,all) | Skin.String(widgets_rotate,530)]">SetProperty(WidgetRotate530,active)</onfocus>
        <onfocus condition="!IsEmpty(Window(Home).Property(WidgetRotate530)) + ![Control.IsVisible(530) + [Skin.String(widgets_rotate,all) | Skin.String(widgets_rotate,530)]]">CancelAlarm(WidgetRotate530,true)</onfocus>
        <onfocus condition="!IsEmpty(Window(Home).Property(WidgetRotate530)) + ![Control.IsVisible(530) + [Skin.String(widgets_rotate,all) | Skin.String(widgets_rotate,530)]]">ClearProperty(WidgetRotate530,Home)</onfocus>
        
        <onfocus condition="IsEmpty(Window(Home).Property(WidgetRotate540)) + Control.IsVisible(540) + [Skin.String(widgets_rotate,all) | Skin.String(widgets_rotate,540)]">AlarmClock(WidgetRotate540,Control.Move(540,1),00:$PARAM[interval],silent,loop)</onfocus>
        <onfocus condition="IsEmpty(Window(Home).Property(WidgetRotate540)) + Control.IsVisible(540) + [Skin.String(widgets_rotate,all) | Skin.String(widgets_rotate,540)]">SetProperty(WidgetRotate540,active)</onfocus>
        <onfocus condition="!IsEmpty(Window(Home).Property(WidgetRotate540)) + ![Control.IsVisible(540) + [Skin.String(widgets_rotate,all) | Skin.String(widgets_rotate,540)]]">CancelAlarm(WidgetRotate540,true)</onfocus>
        <onfocus condition="!IsEmpty(Window(Home).Property(WidgetRotate540)) + ![Control.IsVisible(540) + [Skin.String(widgets_rotate,all) | Skin.String(widgets_rotate,540)]]">ClearProperty(WidgetRotate540,Home)</onfocus>
    </include>
    
    <include name="WidgetsAutoRotateUnload">
        <onunload condition="!IsEmpty(Window(Home).Property(WidgetRotate1508))">CancelAlarm(WidgetRotate1508,true)</onunload>
        <onunload condition="!IsEmpty(Window(Home).Property(WidgetRotate510))">CancelAlarm(WidgetRotate510,true)</onunload>
        <onunload condition="!IsEmpty(Window(Home).Property(WidgetRotate520))">CancelAlarm(WidgetRotate520,true)</onunload>
        <onunload condition="!IsEmpty(Window(Home).Property(WidgetRotate530))">CancelAlarm(WidgetRotate530,true)</onunload>
        <onunload condition="!IsEmpty(Window(Home).Property(WidgetRotate540))">CancelAlarm(WidgetRotate540,true)</onunload>
        <onunload>ClearProperty(WidgetRotate1508,Home)</onunload>
        <onunload>ClearProperty(WidgetRotate510,Home)</onunload>
        <onunload>ClearProperty(WidgetRotate520,Home)</onunload>
        <onunload>ClearProperty(WidgetRotate530,Home)</onunload>
        <onunload>ClearProperty(WidgetRotate540,Home)</onunload>
    </include>
	
</includes>