<?xml version="1.0" encoding="utf-8"?>
<window type="dialog" id="1108">
    <visible>Player.ShowInfo + !System.HasModalDialog + VideoPlayer.Content(LiveTV) + Window.IsActive(fullscreenvideo)
    </visible>
    <defaultcontrol>-</defaultcontrol>
    <animation effect="fade" start="0" end="100" time="100">WindowOpen</animation>
    <animation effect="fade" start="100" end="0" time="100">WindowClose</animation>
    <depth>DepthOSD</depth>
    <controls>
        <control type="group">
            <top>11</top>
            <control type="image">
                <left>0</left>
                <top>830</top>
                <width>1920</width>
                <height>240</height>
                <texture colordiffuse="background">skyq/Backgrounds/infobar1.png</texture>
            </control>
            <control type="image">
                <left>0</left>
                <top>860</top>
                <width>320</width>
                <height>180</height>
                <aspectratio aligny="center">keep</aspectratio>
                <texture fallback="DefaultTVShowsSquare.png">$INFO[Player.Art(thumb)]</texture>
            </control>
            <control type="label">
                <left>434</left>
                <top>870</top>
                <width>1450</width>
                <height>25</height>
                <label>$INFO[VideoPlayer.ChannelNumberLabel,, ]$INFO[VideoPlayer.ChannelName,, ]$INFO[VideoPlayer.Title]$INFO[VideoPlayer.EpisodeName, (,)]</label>
                <aligny>center</aligny>
                <font>skybold43</font>
            </control>
            <control type="label">
                <left>434</left>
                <top>920</top>
                <width>1400</width>
                <height>25</height>
                <font>sky43</font>
                <label>[COLOR = $VAR[ColourFocus]]$INFO[VideoPlayer.NextStartTime]$INFO[VideoPlayer.NextEndTime, - , :][/COLOR]$INFO[VideoPlayer.NextTitle]</label>
                <aligny>center</aligny>
            </control>
            <control type="progress">
                <animation effect="fade" end="0" time="200">WindowClose</animation>
                <left>1</left>
                <right>1</right>
                <top>1062</top>
                <height>5</height>
                <info>Player.ProgressCache</info>
                <texturebg border="3" colordiffuse="00FFFFFF">colors/white50.png</texturebg>
                <midtexture colordiffuse="$VAR[ColourFocus]">colors/white50.png</midtexture>
                <animation effect="fade" start="100" end="80" time="0" condition="true">Conditional</animation>
            </control>
            <control type="progress" id="23">
                <animation effect="fade" end="0" time="200">WindowClose</animation>
                <left>1</left>
                <right>1</right>
                <top>1062</top>
                <height>5</height>
                <info>Player.Progress</info>
                <texturebg border="3" colordiffuse="80FFFFFF">colors/white50.png</texturebg>
                <midtexture colordiffuse="$VAR[ColourFocus]">colors/white50.png</midtexture>
            </control>
            <control type="grouplist">
                <left>1240</left>
                <top>990</top>
                <width>610</width>
                <height>100</height>
                <align>right</align>
                <orientation>horizontal</orientation>
                <itemgap>10</itemgap>
                <control type="image">
                    <width>60</width>
                    <height>40</height>
                    <aspectratio>keep</aspectratio>
                    <fadetime>200</fadetime>
                    <texture>$VAR[NewResolutionFlagVarPlayer]</texture>
                    <visible>!String.IsEmpty(VideoPlayer.VideoResolution)</visible>
                </control>
                <control type="image">
                    <width>60</width>
                    <height>40</height>
                    <aspectratio>keep</aspectratio>
                    <texture>$VAR[VideoAspect]</texture>
                    <visible>!String.IsEmpty(VideoPlayer.VideoAspect)</visible>
                </control>
                <control type="image">
                    <width>60</width>
                    <height>40</height>
                    <aspectratio>keep</aspectratio>
                    <texture>$VAR[HDSD]</texture>
                    <visible>!String.IsEmpty(VideoPlayer.VideoResolution)</visible>
                </control>

            </control>
        </control>
    </controls>
</window>
