<?xml version="1.0" encoding="UTF-8"?>
<window>
    <defaultcontrol>9000</defaultcontrol>
    <backgroundcolor>background</backgroundcolor>
    <onunload>RunScript(script.skinshortcuts,type=buildxml&amp;mainmenuID=9000&amp;group=mainmenu|videos|movie|tvshow|music|musicvideo|livetv|radio|pictures|addons|weather|powermenu)</onunload>
    <controls>
        <include>DefaultBackground</include>
        <control type="group">
            <left>110</left>
            <top>0</top>
            <control type="group">
                <include>OpenClose_Left</include>
                <control type="image">
                    <description>Menu Panel</description>
                    <left>-20</left>
                    <top>138</top>
                    <width>440</width>
                    <height>792</height>
                    <texture border="22">dialogs/dialog-bg.png</texture>
                </control>
                <control type="group">
                    <visible>Control.IsVisible(9000)</visible>
                    <control type="button">
                        <left>176</left>
                        <top>105</top>
                        <width>48</width>
                        <height>24</height>
                        <texturefocus colordiffuse="$VAR[ColourFocus]" flipy="true">overlays/arrowdown.png</texturefocus>
                        <texturenofocus colordiffuse="$VAR[ColourFocus]" flipy="true">overlays/arrowdown.png</texturenofocus>
                        <animation effect="zoom" start="100,0" end="100,100" center="auto" time="200" delay="10">VisibleChange</animation>
                        <animation effect="zoom" start="100,0" end="100,100" delay="500" center="auto" time="200">WindowOpen</animation>
                        <animation effect="zoom" start="100,100" end="100,0" center="auto" time="200">WindowClose</animation>
                        <onclick>SetFocus(9000)</onclick>
                        <onclick>PageUp</onclick>
                        <animation effect="fade" time="200">VisibleChange</animation>
                        <visible>Container(9000).HasPrevious</visible>
                    </control>
                    <control type="button">
                        <left>176</left>
                        <top>940</top>
                        <width>48</width>
                        <height>24</height>
                        <texturefocus colordiffuse="$VAR[ColourFocus]">overlays/arrowdown.png</texturefocus>
                        <texturenofocus colordiffuse="$VAR[ColourFocus]">overlays/arrowdown.png</texturenofocus>
                        <animation effect="zoom" start="100,0" end="100,100" center="auto" time="200" delay="10">VisibleChange</animation>
                        <animation effect="zoom" start="100,0" end="100,100" delay="500" center="auto" time="200">WindowOpen</animation>
                        <animation effect="zoom" start="100,100" end="100,0" center="auto" time="200">WindowClose</animation>
                        <onclick>SetFocus(9000)</onclick>
                        <onclick>PageDown</onclick>
                        <animation effect="fade" time="200">VisibleChange</animation>
                        <visible>Container(9000).HasNext</visible>
                    </control>
                </control>
                <control type="list" id="9000">
                    <description>button area</description>
                    <left>0</left>
                    <top>160</top>
                    <width>400</width>
                    <height>748</height>
                    <onleft>10000</onleft>
                    <onright>10000</onright>
                    <onup>9000</onup>
                    <ondown>9000</ondown>
                    <itemlayout height="74" width="400">
                        <control type="image">
                            <left>0</left>
                            <top>0</top>
                            <width>400</width>
                            <height>74</height>
                            <texture border="40">lists/separator.png</texture>
                        </control>
                        <control type="label">
                            <left>20</left>
                            <width>380</width>
                            <height>74</height>
                            <font>font12_title</font>
                            <label>$INFO[ListItem.Label]</label>
                            <aligny>center</aligny>
                            <textcolor>white</textcolor>
                        </control>
                    </itemlayout>
                    <focusedlayout height="74" width="400">
                        <control type="image">
                            <left>0</left>
                            <top>0</top>
                            <width>348</width>
                            <height>74</height>
                            <texture border="40">lists/separator.png</texture>
                            <visible>!Control.HasFocus(9000)</visible>
                        </control>
                        <control type="image">
                            <left>2</left>
                            <width>396</width>
                            <height>74</height>
                            <texture colordiffuse="$VAR[ColourFocus]">lists/focus.png</texture>
                            <animation effect="fade" start="100" end="50" time="40" condition="!Control.HasFocus(9000)">Conditional</animation>
                        </control>
                        <control type="label">
                            <left>20</left>
                            <width>380</width>
                            <height>74</height>
                            <aligny>center</aligny>
                            <font>font12_title</font>
                            <label>$INFO[ListItem.Label]</label>
                        </control>
                    </focusedlayout>
                    <content>
                        <item id="2">
                            <label>$LOCALIZE[40002]</label>
                            <onclick>noop</onclick>
                        </item>
                        <item id="1">
                            <label>$LOCALIZE[40007]</label>
                            <onclick>noop</onclick>
                        </item>
                        <item id="4">
                            <label>$LOCALIZE[40006]</label>
                            <onclick>noop</onclick>
                        </item>
                        <item id="5">
                            <label>$LOCALIZE[40033]</label>
                            <onclick>noop</onclick>
                        </item>
                       <!-- <item id="7">
                            <label>$LOCALIZE[40044]</label>
                            <onclick>noop</onclick>
                        </item> -->
                        <item id="3">
                            <label>$LOCALIZE[40005]</label>
                            <onclick>noop</onclick>
                        </item>
                        <item id="6">
                            <label>$LOCALIZE[40039]</label>
                            <onclick>noop</onclick>
                        </item>
                        <item id="8">
                            <label>$LOCALIZE[40047]</label>
                            <onclick>noop</onclick>
                        </item>
                        <item id="9">
                            <label>$LOCALIZE[40165]</label>
                            <onclick>noop</onclick>
                        </item>
                    </content>
                </control>
            </control>
            <control type="group" id="10000">
                <include>OpenClose_Right</include>
                <control type="image">
                    <left>420</left>
                    <top>138</top>
                    <width>1300</width>
                    <height>792</height>
                    <texture border="22">dialogs/dialog-bg.png</texture>
                </control>
                <control type="image">
                    <left>442</left>
                    <top>802</top>
                    <width>1256</width>
                    <height>3</height>
                    <texture colordiffuse="$VAR[ColourFocus]" border="2">dialogs/separator.png</texture>
                </control>
                <control type="grouplist" id="610">
                    <left>442</left>
                    <top>160</top>
                    <width>1256</width>
                    <height>633</height>
                    <onleft>9000</onleft>
                    <onright>60</onright>
                    <onup>610</onup>
                    <ondown>610</ondown>
                    <visible>Container(9000).HasFocus(2)</visible>
                    <visible>!Window.IsActive(script-skinshortcuts.xml)</visible>
                    <control type="button" id="611">
                        <label>$ADDON[script.skinshortcuts 32071]</label>
                        <width>1256</width>
                        <include>DefaultSettingButton</include>
                        <onclick>RunScript(script.skinshortcuts,type=manage&amp;group=mainmenu)</onclick>
                    </control>
                    <control type="button" id="612">
                        <label>40001</label>
                        <width>1256</width>
                        <include>DefaultSettingButton</include>
                        <onclick>RunScript(script.skinshortcuts,type=manage&amp;group=powermenu)</onclick>
                    </control>
                    <control type="image" id="10">
                        <description>separator image</description>
                        <height>3</height>
                        <texture colordiffuse="AAAAAAAA" border="3">dialogs/separator-grey.png</texture>
                    </control>
                    <control type="button" id="613">
                        <label>40003</label>
                        <width>1256</width>
                        <include>DefaultSettingButton</include>
                        <onclick>RunScript(script.skinshortcuts,type=resetall)</onclick>
                    </control>
                </control>
                <control type="grouplist" id="600">
                    <left>442</left>
                    <top>160</top>
                    <width>1256</width>
                    <height>633</height>
                    <onleft>9000</onleft>
                    <onright>60</onright>
                    <onup>600</onup>
                    <ondown>600</ondown>
                    <pagecontrol>61</pagecontrol>
                    <visible>Container(9000).HasFocus(1)</visible>
                    <control type="radiobutton" id="601">
                        <label>$LOCALIZE[31095]</label>
                        <width>1256</width>
                        <include>DefaultSettingButton</include>
                        <selected>!Skin.HasSetting(no_slide_animations)</selected>
                        <onclick>Skin.ToggleSetting(no_slide_animations)</onclick>
                    </control>
                    <control type="radiobutton" id="664">
                        <label>$LOCALIZE[40159]</label>
                        <width>1256</width>
                        <include>DefaultSettingButton</include>
                        <selected>Skin.HasSetting(no_animations)</selected>
                        <onclick>Skin.ToggleSetting(no_animations)</onclick>
                    </control>
                    <control type="radiobutton" id="603">
                        <label>$LOCALIZE[31093]</label>
                        <width>1256</width>
                        <include>DefaultSettingButton</include>
                        <onclick>Skin.ToggleSetting(show_weatherinfo)</onclick>
                        <selected>Skin.HasSetting(show_weatherinfo)</selected>
                    </control>
                    <control type="radiobutton" id="647">
                        <label>40056</label>
                        <width>1256</width>
                        <include>DefaultSettingButton</include>
                        <onclick>Skin.ToggleSetting(Skin_EnableAnimatedPosters)</onclick>
                        <selected>Skin.HasSetting(Skin_EnableAnimatedPosters)</selected>
                    </control>

                    <control type="image" id="11">
                        <description>separator image</description>
                        <height>3</height>
                        <texture colordiffuse="AAAAAAAA" border="3">dialogs/separator-grey.png</texture>
                    </control>
                    <control type="button" id="657">
                        <width>1256</width>
                        <include>DefaultSettingButton</include>
                        <label>10041</label>
                        <onclick>Skin.Reset(no_slide_animations)</onclick>
                        <onclick>Skin.Reset(no_animations)</onclick>
                        <onclick>Skin.Reset(autoscroll)</onclick>
                        <onclick>Skin.Reset(show_weatherinfo)</onclick>
                        <onclick>Skin.Reset(Skin_EnableAnimatedPosters)</onclick>
                    </control>
                </control>
                <control type="grouplist" id="630">
                    <left>442</left>
                    <top>160</top>
                    <width>1256</width>
                    <height>633</height>
                    <onleft>9000</onleft>
                    <onright>60</onright>
                    <onup>630</onup>
                    <ondown>630</ondown>
                    <visible>Container(9000).HasFocus(4)</visible>
                    <control type="radiobutton" id="605">
                        <label>$LOCALIZE[31002]</label>
                        <width>1256</width>
                        <include>DefaultSettingButton</include>
                        <onclick>Skin.ToggleSetting(no_fanart)</onclick>
                        <selected>!Skin.HasSetting(no_fanart)</selected>
                    </control>
                    <control type="radiobutton" id="655">
                        <label>$LOCALIZE[40083]</label>
                        <width>1256</width>
                        <include>DefaultSettingButton</include>
                        <onclick>Skin.ToggleSetting(background_showvideo)</onclick>
                        <selected>Skin.HasSetting(background_showvideo)</selected>
                    </control>
                    <control type="radiobutton" id="663">
                        <label>$LOCALIZE[40113]</label>
                        <width>1256</width>
                        <include>DefaultSettingButton</include>
                        <onclick>Skin.ToggleSetting(background_showvisualisation)</onclick>
                        <selected>Skin.HasSetting(background_showvisualisation)</selected>
                    </control>
                    <!--<control type="button" id="608">
                              <label>$LOCALIZE[31131]</label>
                               <label2>$INFO[Skin.String(HomeFanart.name)]</label2>
                              <width>1256</width>
                              <include>DefaultSettingButton</include>
                              <onclick condition="System.HasAddon(script.image.resource.select)">RunScript(script.image.resource.select,property=HomeFanart&amp;type=resource.images.skinbackgrounds)</onclick>
                              <onclick condition="!System.HasAddon(script.image.resource.select)">InstallAddon(script.image.resource.select)</onclick>
                              <enable>!Skin.HasSetting(no_fanart)</enable>
                          </control>-->
                    <control type="radiobutton" id="606">
                        <label>$LOCALIZE[31108]</label>
                        <width>1256</width>
                        <include>DefaultSettingButton</include>
                        <onclick>Skin.ToggleSetting(use_custom_bg)</onclick>
                        <selected>Skin.HasSetting(use_custom_bg)</selected>
                    </control>
                    <control type="button" id="607">
                        <label>- $LOCALIZE[31109]</label>
                        <label2>$INFO[Skin.String(custom_background)]</label2>
                        <width>1256</width>
                        <include>DefaultSettingButton</include>
                        <onclick>Skin.SetImage(custom_background)</onclick>
                        <visible>Skin.HasSetting(use_custom_bg)</visible>
                    </control>
                    <control type="button" id="648">
                        <label>40060</label>
                        <label2>$VAR[Label_SkinSetting_WeatherFanart]</label2>
                        <width>1256</width>
                        <include>DefaultSettingButton</include>
                        <onclick condition="System.HasAddon(script.image.resource.select)">RunScript(script.image.resource.select,property=weatherfanart&amp;type=resource.images.weatherfanart)</onclick>
                        <onclick condition="!System.HasAddon(script.image.resource.select)">InstallAddon(script.image.resource.select)</onclick>
                    </control>
                    <control type="button" id="652">
                        <width>1256</width>
                        <include>DefaultSettingButton</include>
                        <label>40066</label>
                        <label2>$VAR[Label_SkinSetting_Opacity]</label2>
                        <onclick>RunScript(script.skin.helper.service,action=setskinsetting,setting=Opacity,header=$LOCALIZE[40066])</onclick>
                        <onclick>ReloadSkin()</onclick>
                    </control>
                    <control type="image" id="12">
                        <description>separator image</description>
                        <height>3</height>
                        <texture colordiffuse="AAAAAAAA" border="3">dialogs/separator-grey.png</texture>
                    </control>
                    <control type="button" id="658">
                        <width>1256</width>
                        <include>DefaultSettingButton</include>
                        <label>10041</label>
                        <onclick>Skin.Reset(no_fanart)</onclick>
                        <onclick>Skin.Reset(background_showvideo)</onclick>
                        <onclick>Skin.Reset(use_custom_bg)</onclick>
                        <onclick>Skin.Reset(custom_background)</onclick>
                        <onclick>Skin.Reset(WeatherFanart.name)</onclick>
                        <onclick>RunScript(script.skin.helper.service,action=reset,filter=Opacity)</onclick>
                    </control>
                </control>
                <control type="grouplist" id="640">
                    <left>442</left>
                    <top>160</top>
                    <width>1256</width>
                    <height>633</height>
                    <onleft>9000</onleft>
                    <onright>60</onright>
                    <onup>640</onup>
                    <ondown>640</ondown>
                    <visible>Container(9000).HasFocus(5)</visible>
                    <control type="radiobutton" id="616">
                        <label>40029</label>
                        <width>1256</width>
                        <include>DefaultSettingButton</include>
                        <selected>Skin.HasSetting(enable_artistslideshow)</selected>
                        <onclick condition="System.HasAddon(script.artistslideshow)">Skin.ToggleSetting(enable_artistslideshow)</onclick>
                        <onclick condition="!System.HasAddon(script.artistslideshow)">InstallAddon(script.artistslideshow)</onclick>
                    </control>
                    <control type="radiobutton" id="619">
                        <label>- $LOCALIZE[40030]</label>
                        <width>1256</width>
                        <include>DefaultSettingButton</include>
                        <enable>Skin.HasSetting(enable_artistslideshow)</enable>
                        <selected>Skin.HasSetting(enable_artistslideshowthumb)</selected>
                        <onclick>Skin.ToggleSetting(enable_artistslideshowthumb)</onclick>
                        <visible>Skin.HasSetting(enable_artistslideshow)</visible>
                    </control>
                    <control type="radiobutton" id="617">
                        <label>40031</label>
                        <width>1256</width>
                        <include>DefaultSettingButton</include>
                        <selected>Skin.HasSetting(animate_artistslideshow)</selected>
                        <onclick>Skin.ToggleSetting(animate_artistslideshow)</onclick>
                    </control>
                    <control type="radiobutton" id="618">
                        <label>40032</label>
                        <width>1256</width>
                        <include>DefaultSettingButton</include>
                        <selected>Skin.HasSetting(enable_visualisation)</selected>
                        <onclick>Skin.ToggleSetting(enable_visualisation)</onclick>
                    </control>
                    <control type="radiobutton" id="622">
                        <label>40035</label>
                        <width>1256</width>
                        <include>DefaultSettingButton</include>
                        <selected>Skin.HasSetting(show_disc)</selected>
                        <onclick>Skin.ToggleSetting(show_disc)</onclick>
                    </control>
                    <control type="image" id="13">
                        <description>separator image</description>
                        <height>3</height>
                        <texture colordiffuse="AAAAAAAA" border="3">dialogs/separator-grey.png</texture>
                    </control>
                    <control type="button" id="659">
                        <width>1256</width>
                        <include>DefaultSettingButton</include>
                        <label>10041</label>
                        <onclick>Skin.Reset(enable_artistslideshow)</onclick>
                        <onclick>Skin.Reset(enable_artistslideshowthumb)</onclick>
                        <onclick>Skin.Reset(animate_artistslideshow)</onclick>
                        <onclick>Skin.Reset(enable_visualisation)</onclick>
                        <onclick>Skin.Reset(show_disc)</onclick>
                    </control>
                </control>
               <!-- <control type="grouplist" id="660">
                    <left>442</left>
                    <top>160</top>
                    <width>1256</width>
                    <height>633</height>
                    <onleft>9000</onleft>
                    <onright>60</onright>
                    <onup>660</onup>
                    <ondown>660</ondown>
                    <visible>Container(9000).HasFocus(7)</visible>
                    <control type="radiobutton" id="628">
                        <width>1256</width>
                        <include>DefaultSettingButton</include>
                        <label>40045</label>
                        <selected>Skin.HasSetting(enable_playerclearart)</selected>
                        <onclick>Skin.ToggleSetting(enable_playerclearart)</onclick>
                    </control>
                    <control type="button" id="656">
                        <width>1256</width>
                        <include>DefaultSettingButton</include>
                        <label>- $LOCALIZE[40087]</label>
                        <label2>$VAR[Label_SkinSetting_ClearArtPosition]</label2>
                        <visible>Skin.HasSetting(enable_playerclearart)</visible>
                        <onclick condition="String.IsEmpty(Skin.String(clearart_position))">Skin.SetString(clearart_position,$LOCALIZE[40088])</onclick>
                        <onclick condition="String.IsEqual(Skin.String(clearart_position),$LOCALIZE[40088])">Skin.SetString(clearart_position,$LOCALIZE[40089])</onclick>
                        <onclick condition="String.IsEqual(Skin.String(clearart_position),$LOCALIZE[40089])">Skin.SetString(clearart_position,$LOCALIZE[40090])</onclick>
                        <onclick condition="String.IsEqual(Skin.String(clearart_position),$LOCALIZE[40090])">Skin.SetString(clearart_position,$LOCALIZE[40088])</onclick>
                    </control>
                    <control type="radiobutton" id="642">
                        <width>1256</width>
                        <include>DefaultSettingButton</include>
                        <label>40049</label>
                        <selected>Skin.HasSetting(enable_clearartnextup)</selected>
                        <onclick>Skin.ToggleSetting(enable_clearartnextup)</onclick>
                    </control>
                    <control type="image" id="14">
                        <description>separator image</description>
                        <height>3</height>
                        <texture colordiffuse="AAAAAAAA" border="3">dialogs/separator-grey.png</texture>
                    </control>
                    <control type="button" id="661">
                        <width>1256</width>
                        <include>DefaultSettingButton</include>
                        <label>10041</label>
                        <onclick>Skin.Reset(enable_playerclearart)</onclick>
                        <onclick>Skin.Reset(clearart_position)</onclick>
                        <onclick>Skin.Reset(enable_clearartnextup)</onclick>
                    </control>
                </control> -->
                <control type="grouplist" id="620">
                    <left>442</left>
                    <top>160</top>
                    <width>1256</width>
                    <height>633</height>
                    <onleft>9000</onleft>
                    <onright>60</onright>
                    <onup>620</onup>
                    <ondown>620</ondown>
                    <visible>Container(9000).HasFocus(3)</visible>
                    <control type="radiobutton" id="651">
                        <label>40065</label>
                        <width>1256</width>
                        <include>DefaultSettingButton</include>
                        <selected>Skin.HasSetting(KioskMode)</selected>
                        <onclick>Skin.ToggleSetting(KioskMode)</onclick>
                    </control>
                    <control type="button" id="623">
                        <width>1256</width>
                        <include>DefaultSettingButton</include>
                        <label>40036</label>
                        <label2>$VAR[Label_SkinSetting_Startup]</label2>
                        <onclick condition="!Skin.String(SplashScreen)">Skin.SetFile(SplashScreen)</onclick>
                        <onclick condition="Skin.String(SplashScreen)">Skin.Reset(SplashScreen)</onclick>
                    </control>
                    <control type="radiobutton" id="624">
                        <label>40038</label>
                        <width>1256</width>
                        <include>DefaultSettingButton</include>
                        <selected>Skin.HasSetting(enable_updateartworks)</selected>
                        <onclick>Skin.ToggleSetting(enable_updateartworks)</onclick>
                    </control>
                    <control type="button" id="645">
                        <label>40054</label>
                        <label2>$VAR[Label_SkinSetting_WeatherIcons]</label2>
                        <width>1256</width>
                        <include>DefaultSettingButton</include>
                        <onclick condition="System.HasAddon(script.image.resource.select)">RunScript(script.image.resource.select,property=WeatherIcons&amp;type=resource.images.weathericons)</onclick>
                        <onclick condition="!System.HasAddon(script.image.resource.select)">InstallAddon(script.image.resource.select)</onclick>
                    </control>
                    <control type="button" id="654">
                        <label>40082</label>
                        <label2>$VAR[Label_SkinSetting_Spinner]</label2>
                        <width>1256</width>
                        <include>DefaultSettingButton</include>
                        <onclick>RunScript(script.skin.helper.service,action=busytexture)</onclick>
                    </control>
                    <control type="radiobutton" id="621">
                        <label>40004</label>
                        <width>1256</width>
                        <include>DefaultSettingButton</include>
                        <selected>Skin.HasSetting(Skin.ToggleDebug)</selected>
                        <onclick>Skin.ToggleSetting(Skin.ToggleDebug)</onclick>
                        <onclick>Skin.ToggleDebug</onclick>
                    </control>
                    <control type="image" id="15">
                        <description>separator image</description>
                        <height>3</height>
                        <texture colordiffuse="AAAAAAAA" border="3">dialogs/separator-grey.png</texture>
                    </control>
                    <control type="button" id="662">
                        <width>1256</width>
                        <include>DefaultSettingButton</include>
                        <label>10041</label>
                        <onclick>Skin.Reset(KioskMode)</onclick>
                        <onclick>Skin.Reset(SplashScreen)</onclick>
                        <onclick>Skin.Reset(enable_updateartworks)</onclick>
                        <onclick>Skin.Reset(WeatherIcons.name)</onclick>
                        <onclick>RunScript(script.skin.helper.service,action=reset,filter=SpinnerTexture)</onclick>
                        <onclick>Skin.Reset(Skin.ToggleDebug)</onclick>
                    </control>
                </control>
                <control type="grouplist" id="650">
                    <left>442</left>
                    <top>160</top>
                    <width>1256</width>
                    <height>630</height>
                    <onleft>9000</onleft>
                    <onright>60</onright>
                    <onup>650</onup>
                    <ondown>650</ondown>
                    <visible>Container(9000).HasFocus(6)</visible>
                    <control type="button" id="625">
                        <width>1256</width>
                        <include>DefaultSettingButton</include>
                        <label>40040</label>
                        <onclick>RunScript(script.skin.helper.service,action=backup)</onclick>
                    </control>
                    <control type="button" id="626">
                        <label>40041</label>
                        <width>1256</width>
                        <include>DefaultSettingButton</include>
                        <onclick>RunScript(script.skin.helper.service,action=restore)</onclick>
                    </control>
                </control>
                <control type="grouplist" id="670">
                    <left>442</left>
                    <top>160</top>
                    <width>1256</width>
                    <height>630</height>
                    <onleft>9000</onleft>
                    <onright>60</onright>
                    <onup>670</onup>
                    <ondown>670</ondown>
                    <pagecontrol>60</pagecontrol>
                    <visible>Container(9000).HasFocus(8)</visible>
                    <control type="radiobutton" id="629">
                        <width>1256</width>
                        <label>script.skinshortcuts $INFO[System.AddonVersion(script.skinshortcuts),(,)]</label>
                        <textureradioonfocus colordiffuse="ff00991f">buttons/status-on.png</textureradioonfocus>
                        <textureradioonnofocus colordiffuse="ff00991f">buttons/status-on.png</textureradioonnofocus>
                        <textureradioofffocus colordiffuse="fff02222">buttons/status-off.png</textureradioofffocus>
                        <textureradiooffnofocus colordiffuse="fff02222">buttons/status-off.png</textureradiooffnofocus>
                        <onclick condition="!System.HasAddon(script.skinshortcuts)">InstallAddon(script.skinshortcuts)</onclick>
                        <onclick condition="System.HasAddon(script.skinshortcuts)">Addon.OpenSettings(script.skinshortcuts)</onclick>
                        <selected>System.HasAddon(script.skinshortcuts)</selected>
                        <include>DefaultSettingButton</include>
                    </control>
                    <control type="radiobutton" id="631">
                        <width>1256</width>
                        <label>script.extendedinfo $INFO[System.AddonVersion(script.extendedinfo),(,)]</label>
                        <textureradioonfocus colordiffuse="ff00991f">buttons/status-on.png</textureradioonfocus>
                        <textureradioonnofocus colordiffuse="ff00991f">buttons/status-on.png</textureradioonnofocus>
                        <textureradioofffocus colordiffuse="fff02222">buttons/status-off.png</textureradioofffocus>
                        <textureradiooffnofocus colordiffuse="fff02222">buttons/status-off.png</textureradiooffnofocus>
                        <onclick condition="!System.HasAddon(script.extendedinfo)">InstallAddon(script.extendedinfo)</onclick>
                        <onclick condition="System.HasAddon(script.extendedinfo)">Addon.OpenSettings(script.extendedinfo)</onclick>
                        <selected>System.HasAddon(script.extendedinfo)</selected>
                        <include>DefaultSettingButton</include>
                    </control>
                    <control type="radiobutton" id="632">
                        <width>1256</width>
                        <label>script.skin.helper.service $INFO[System.AddonVersion(script.skin.helper.service),(,)]</label>
                        <textureradioonfocus colordiffuse="ff00991f">buttons/status-on.png</textureradioonfocus>
                        <textureradioonnofocus colordiffuse="ff00991f">buttons/status-on.png</textureradioonnofocus>
                        <textureradioofffocus colordiffuse="fff02222">buttons/status-off.png</textureradioofffocus>
                        <textureradiooffnofocus colordiffuse="fff02222">buttons/status-off.png</textureradiooffnofocus>
                        <onclick condition="!System.HasAddon(script.skin.helper.service)">InstallAddon(script.skin.helper.service)</onclick>
                        <onclick condition="System.HasAddon(script.skin.helper.service)">Addon.OpenSettings(script.skin.helper.service)</onclick>
                        <selected>System.HasAddon(script.skin.helper.service)</selected>
                        <include>DefaultSettingButton</include>
                    </control>
                    <control type="radiobutton" id="633">
                        <width>1256</width>
                        <label>script.image.resource.select $INFO[System.AddonVersion(script.image.resource.select),(,)]</label>
                        <textureradioonfocus colordiffuse="ff00991f">buttons/status-on.png</textureradioonfocus>
                        <textureradioonnofocus colordiffuse="ff00991f">buttons/status-on.png</textureradioonnofocus>
                        <textureradioofffocus colordiffuse="fff02222">buttons/status-off.png</textureradioofffocus>
                        <textureradiooffnofocus colordiffuse="fff02222">buttons/status-off.png</textureradiooffnofocus>
                        <onclick condition="!System.HasAddon(script.image.resource.select)">InstallAddon(script.image.resource.select)</onclick>
                        <onclick condition="System.HasAddon(script.image.resource.select)">Addon.OpenSettings(script.image.resource.select)</onclick>
                        <selected>System.HasAddon(script.image.resource.select)</selected>
                        <include>DefaultSettingButton</include>
                    </control>

                    <control type="radiobutton" id="6331">
                        <width>1256</width>
                        <label>resource.images.studios.coloured $INFO[System.AddonVersion(resource.images.studios.coloured),(,)]</label>
                        <textureradioonfocus colordiffuse="ff00991f">buttons/status-on.png</textureradioonfocus>
                        <textureradioonnofocus colordiffuse="ff00991f">buttons/status-on.png</textureradioonnofocus>
                        <textureradioofffocus colordiffuse="fff02222">buttons/status-off.png</textureradioofffocus>
                        <textureradiooffnofocus colordiffuse="fff02222">buttons/status-off.png</textureradiooffnofocus>
                        <onclick condition="!System.HasAddon(resource.images.studios.coloured)">InstallAddon(resource.images.studios.coloured)</onclick>
                        <onclick condition="System.HasAddon(resource.images.studios.coloured)">Addon.OpenSettings(resource.images.studios.coloured)</onclick>
                        <selected>System.HasAddon(resource.images.studios.coloured)</selected>
                        <include>DefaultSettingButton</include>
                    </control>
                    <control type="radiobutton" id="6332">
                        <width>1256</width>
                        <label>resource.images.studios.white $INFO[System.AddonVersion(resource.images.studios.white),(,)]</label>
                        <textureradioonfocus colordiffuse="ff00991f">buttons/status-on.png</textureradioonfocus>
                        <textureradioonnofocus colordiffuse="ff00991f">buttons/status-on.png</textureradioonnofocus>
                        <textureradioofffocus colordiffuse="fff02222">buttons/status-off.png</textureradioofffocus>
                        <textureradiooffnofocus colordiffuse="fff02222">buttons/status-off.png</textureradiooffnofocus>
                        <onclick condition="!System.HasAddon(resource.images.studios.white)">InstallAddon(resource.images.studios.white)</onclick>
                        <onclick condition="System.HasAddon(resource.images.studios.white)">Addon.OpenSettings(resource.images.studios.white)</onclick>
                        <selected>System.HasAddon(resource.images.studios.white)</selected>
                        <include>DefaultSettingButton</include>
                    </control>
                    <control type="radiobutton" id="6333">
                        <width>1256</width>
                        <label>resource.images.languageflags.colour $INFO[System.AddonVersion(resource.images.languageflags.colour),(,)]</label>
                        <textureradioonfocus colordiffuse="ff00991f">buttons/status-on.png</textureradioonfocus>
                        <textureradioonnofocus colordiffuse="ff00991f">buttons/status-on.png</textureradioonnofocus>
                        <textureradioofffocus colordiffuse="fff02222">buttons/status-off.png</textureradioofffocus>
                        <textureradiooffnofocus colordiffuse="fff02222">buttons/status-off.png</textureradiooffnofocus>
                        <onclick condition="!System.HasAddon(resource.images.languageflags.colour)">InstallAddon(resource.images.languageflags.colour)</onclick>
                        <onclick condition="System.HasAddon(resource.images.languageflags.colour)">Addon.OpenSettings(resource.images.languageflags.colour)</onclick>
                        <selected>System.HasAddon(resource.images.languageflags.colour)</selected>
                        <include>DefaultSettingButton</include>
                    </control>
                   <control type="radiobutton" id="6334">
                        <width>1256</width>
                        <label>resource.images.weatherfanart.multi $INFO[System.AddonVersion(resource.images.weatherfanart.multi),(,)]</label>
                        <textureradioonfocus colordiffuse="ff00991f">buttons/status-on.png</textureradioonfocus>
                        <textureradioonnofocus colordiffuse="ff00991f">buttons/status-on.png</textureradioonnofocus>
                        <textureradioofffocus colordiffuse="fff02222">buttons/status-off.png</textureradioofffocus>
                        <textureradiooffnofocus colordiffuse="fff02222">buttons/status-off.png</textureradiooffnofocus>
                        <onclick condition="!System.HasAddon(resource.images.weatherfanart.multi)">InstallAddon(resource.images.weatherfanart.multi)</onclick>
                        <onclick condition="System.HasAddon(sresource.images.weatherfanart.multi)">Addon.OpenSettings(resource.images.weatherfanart.multi)</onclick>
                        <selected>System.HasAddon(resource.images.weatherfanart.multi)</selected>
                        <include>DefaultSettingButton</include>
                    </control>
                   <!-- <control type="radiobutton" id="6335">
                        <width>1256</width>
                        <label>script.image.resource.select $INFO[System.AddonVersion(script.image.resource.select),(,)]</label>
                        <textureradioonfocus colordiffuse="ff00991f">buttons/status-on.png</textureradioonfocus>
                        <textureradioonnofocus colordiffuse="ff00991f">buttons/status-on.png</textureradioonnofocus>
                        <textureradioofffocus colordiffuse="fff02222">buttons/status-off.png</textureradioofffocus>
                        <textureradiooffnofocus colordiffuse="fff02222">buttons/status-off.png</textureradiooffnofocus>
                        <onclick condition="!System.HasAddon(script.image.resource.select)">InstallAddon(script.image.resource.select)</onclick>
                        <onclick condition="System.HasAddon(script.image.resource.select)">Addon.OpenSettings(script.image.resource.select)</onclick>
                        <selected>System.HasAddon(script.image.resource.select)</selected>
                        <include>DefaultSettingButton</include>
                    </control>
                    <control type="radiobutton" id="6336">
                        <width>1256</width>
                        <label>script.image.resource.select $INFO[System.AddonVersion(script.image.resource.select),(,)]</label>
                        <textureradioonfocus colordiffuse="ff00991f">buttons/status-on.png</textureradioonfocus>
                        <textureradioonnofocus colordiffuse="ff00991f">buttons/status-on.png</textureradioonnofocus>
                        <textureradioofffocus colordiffuse="fff02222">buttons/status-off.png</textureradioofffocus>
                        <textureradiooffnofocus colordiffuse="fff02222">buttons/status-off.png</textureradiooffnofocus>
                        <onclick condition="!System.HasAddon(script.image.resource.select)">InstallAddon(script.image.resource.select)</onclick>
                        <onclick condition="System.HasAddon(script.image.resource.select)">Addon.OpenSettings(script.image.resource.select)</onclick>
                        <selected>System.HasAddon(script.image.resource.select)</selected>
                        <include>DefaultSettingButton</include>
                    </control>
                    <control type="radiobutton" id="6337">
                        <width>1256</width>
                        <label>script.image.resource.select $INFO[System.AddonVersion(script.image.resource.select),(,)]</label>
                        <textureradioonfocus colordiffuse="ff00991f">buttons/status-on.png</textureradioonfocus>
                        <textureradioonnofocus colordiffuse="ff00991f">buttons/status-on.png</textureradioonnofocus>
                        <textureradioofffocus colordiffuse="fff02222">buttons/status-off.png</textureradioofffocus>
                        <textureradiooffnofocus colordiffuse="fff02222">buttons/status-off.png</textureradiooffnofocus>
                        <onclick condition="!System.HasAddon(script.image.resource.select)">InstallAddon(script.image.resource.select)</onclick>
                        <onclick condition="System.HasAddon(script.image.resource.select)">Addon.OpenSettings(script.image.resource.select)</onclick>
                        <selected>System.HasAddon(script.image.resource.select)</selected>
                        <include>DefaultSettingButton</include>
                    </control> -->
                    <control type="radiobutton" id="634">
                        <width>1256</width>
                        <label>plugin.program.autocompletion $INFO[System.AddonVersion(plugin.program.autocompletion),(,)]</label>
                        <textureradioonfocus colordiffuse="ff00991f">buttons/status-on.png</textureradioonfocus>
                        <textureradioonnofocus colordiffuse="ff00991f">buttons/status-on.png</textureradioonnofocus>
                        <textureradioofffocus colordiffuse="fff02222">buttons/status-off.png</textureradioofffocus>
                        <textureradiooffnofocus colordiffuse="fff02222">buttons/status-off.png</textureradiooffnofocus>
                        <onclick condition="!System.HasAddon(plugin.program.autocompletion)">InstallAddon(plugin.program.autocompletion)</onclick>
                        <onclick condition="System.HasAddon(plugin.program.autocompletion)">Addon.OpenSettings(plugin.program.autocompletion)</onclick>
                        <selected>System.HasAddon(plugin.program.autocompletion)</selected>
                        <include>DefaultSettingButton</include>
                    </control>
                    <control type="radiobutton" id="635">
                        <width>1256</width>
                        <label>service.library.data.provider $INFO[System.AddonVersion(service.library.data.provider),(,)]</label>
                        <textureradioonfocus colordiffuse="ff00991f">buttons/status-on.png</textureradioonfocus>
                        <textureradioonnofocus colordiffuse="ff00991f">buttons/status-on.png</textureradioonnofocus>
                        <textureradioofffocus colordiffuse="fff02222">buttons/status-off.png</textureradioofffocus>
                        <textureradiooffnofocus colordiffuse="fff02222">buttons/status-off.png</textureradiooffnofocus>
                        <onclick condition="!System.HasAddon(service.library.data.provider)">InstallAddon(service.library.data.provider)</onclick>
                        <onclick condition="System.HasAddon(service.library.data.provider)">Addon.OpenSettings(service.library.data.provider)</onclick>
                        <selected>System.HasAddon(service.library.data.provider)</selected>
                        <include>DefaultSettingButton</include>
                    </control>
                    <control type="radiobutton" id="636">
                        <width>1256</width>
                        <label>script.playalbum $INFO[System.AddonVersion(script.playalbum),(,)]</label>
                        <textureradioonfocus colordiffuse="ff00991f">buttons/status-on.png</textureradioonfocus>
                        <textureradioonnofocus colordiffuse="ff00991f">buttons/status-on.png</textureradioonnofocus>
                        <textureradioofffocus colordiffuse="fff02222">buttons/status-off.png</textureradioofffocus>
                        <textureradiooffnofocus colordiffuse="fff02222">buttons/status-off.png</textureradiooffnofocus>
                        <onclick condition="!System.HasAddon(script.playalbum)">InstallAddon(script.playalbum)</onclick>
                        <onclick condition="System.HasAddon(script.playalbum)">Addon.OpenSettings(script.playalbum)</onclick>
                        <selected>System.HasAddon(script.playalbum)</selected>
                        <include>DefaultSettingButton</include>
                    </control>
                    <control type="radiobutton" id="637">
                        <width>1256</width>
                        <label>script.globalsearch $INFO[System.AddonVersion(script.globalsearch),(,)]</label>
                        <textureradioonfocus colordiffuse="ff00991f">buttons/status-on.png</textureradioonfocus>
                        <textureradioonnofocus colordiffuse="ff00991f">buttons/status-on.png</textureradioonnofocus>
                        <textureradioofffocus colordiffuse="fff02222">buttons/status-off.png</textureradioofffocus>
                        <textureradiooffnofocus colordiffuse="fff02222">buttons/status-off.png</textureradiooffnofocus>
                        <onclick condition="!System.HasAddon(script.globalsearch)">InstallAddon(script.globalsearch)</onclick>
                        <onclick condition="System.HasAddon(script.globalsearch)">Addon.OpenSettings(script.globalsearch)</onclick>
                        <selected>System.HasAddon(script.globalsearch)</selected>
                        <include>DefaultSettingButton</include>
                    </control>
                    <control type="radiobutton" id="638">
                        <width>1256</width>
                        <label>service.nextup.notification $INFO[System.AddonVersion(service.nextup.notification),(,)]</label>
                        <textureradioonfocus colordiffuse="ff00991f">buttons/status-on.png</textureradioonfocus>
                        <textureradioonnofocus colordiffuse="ff00991f">buttons/status-on.png</textureradioonnofocus>
                        <textureradioofffocus colordiffuse="fff02222">buttons/status-off.png</textureradioofffocus>
                        <textureradiooffnofocus colordiffuse="fff02222">buttons/status-off.png</textureradiooffnofocus>
                        <onclick condition="!System.HasAddon(service.nextup.notification)">InstallAddon(service.nextup.notification)</onclick>
                        <onclick condition="System.HasAddon(service.nextup.notification)">Addon.OpenSettings(service.nextup.notification)</onclick>
                        <selected>System.HasAddon(service.nextup.notification)</selected>
                        <include>DefaultSettingButton</include>
                    </control>
                    <control type="radiobutton" id="639">
                        <width>1256</width>
                        <label>script.artwork.downloader $INFO[System.AddonVersion(script.artwork.downloader),(,)]</label>
                        <textureradioonfocus colordiffuse="ff00991f">buttons/status-on.png</textureradioonfocus>
                        <textureradioonnofocus colordiffuse="ff00991f">buttons/status-on.png</textureradioonnofocus>
                        <textureradioofffocus colordiffuse="fff02222">buttons/status-off.png</textureradioofffocus>
                        <textureradiooffnofocus colordiffuse="fff02222">buttons/status-off.png</textureradiooffnofocus>
                        <onclick condition="!System.HasAddon(script.artwork.downloader)">InstallAddon(script.artwork.downloader)</onclick>
                        <onclick condition="System.HasAddon(script.artwork.downloader)">Addon.OpenSettings(script.artwork.downloader)</onclick>
                        <selected>System.HasAddon(script.artwork.downloader)</selected>
                        <include>DefaultSettingButton</include>
                    </control>
                    <control type="radiobutton" id="641">
                        <width>1256</width>
                        <label>script.artistslideshow $INFO[System.AddonVersion(script.artistslideshow),(,)]</label>
                        <textureradioonfocus colordiffuse="ff00991f">buttons/status-on.png</textureradioonfocus>
                        <textureradioonnofocus colordiffuse="ff00991f">buttons/status-on.png</textureradioonnofocus>
                        <textureradioofffocus colordiffuse="fff02222">buttons/status-off.png</textureradioofffocus>
                        <textureradiooffnofocus colordiffuse="fff02222">buttons/status-off.png</textureradiooffnofocus>
                        <onclick condition="!System.HasAddon(script.artistslideshow)">InstallAddon(script.artistslideshow)</onclick>
                        <onclick condition="System.HasAddon(script.artistslideshow)">Addon.OpenSettings(script.artistslideshow)</onclick>
                        <selected>System.HasAddon(script.artistslideshow)</selected>
                        <include>DefaultSettingButton</include>
                    </control>
                    <control type="radiobutton" id="6422">
                        <width>1256</width>
                        <label>weather.openweathermap.extended $INFO[System.AddonVersion(weather.openweathermap.extended),(,)]</label>
                        <textureradioonfocus colordiffuse="ff00991f">buttons/status-on.png</textureradioonfocus>
                        <textureradioonnofocus colordiffuse="ff00991f">buttons/status-on.png</textureradioonnofocus>
                        <textureradioofffocus colordiffuse="fff02222">buttons/status-off.png</textureradioofffocus>
                        <textureradiooffnofocus colordiffuse="fff02222">buttons/status-off.png</textureradiooffnofocus>
                        <onclick condition="!System.HasAddon(weather.openweathermap.extended)">InstallAddon(weather.openweathermap.extended)</onclick>
                        <onclick condition="System.HasAddon(weather.openweathermap.extended)">Addon.OpenSettings(weather.openweathermap.extended)</onclick>
                        <selected>System.HasAddon(weather.openweathermap.extended)</selected>
                        <include>DefaultSettingButton</include>
                    </control>
                    <control type="radiobutton" id="6423">
                        <width>1256</width>
                        <label>script.colorbox $INFO[System.AddonVersion(script.colorbox),(,)]</label>
                        <textureradioonfocus colordiffuse="ff00991f">buttons/status-on.png</textureradioonfocus>
                        <textureradioonnofocus colordiffuse="ff00991f">buttons/status-on.png</textureradioonnofocus>
                        <textureradioofffocus colordiffuse="fff02222">buttons/status-off.png</textureradioofffocus>
                        <textureradiooffnofocus colordiffuse="fff02222">buttons/status-off.png</textureradiooffnofocus>
                        <onclick condition="!System.HasAddon(script.colorbox)">InstallAddon(script.colorbox)</onclick>
                        <onclick condition="System.HasAddon(script.colorbox)">Addon.OpenSettings(script.colorbox)</onclick>
                        <selected>System.HasAddon(script.colorbox)</selected>
                        <include>DefaultSettingButton</include>
                    </control>
                </control>
                <control type="grouplist" id="680">
                    <left>442</left>
                    <top>160</top>
                    <width>1256</width>
                    <height>630</height>
                    <onleft>9000</onleft>
                    <onright>60</onright>
                    <onup>650</onup>
                    <ondown>650</ondown>
                    <visible>Container(9000).HasFocus(9)</visible>
                    <control type="radiobutton" id="681">
                        <width>1256</width>
                        <textureradiofocus colordiffuse="$VAR[ColourFocus]">dialogs/white.png</textureradiofocus>
                        <textureradionofocus colordiffuse="$VAR[ColourFocus]">dialogs/white.png</textureradionofocus>

                        <textureradioonfocus colordiffuse="$VAR[ColourFocus]">dialogs/white.png</textureradioonfocus>
                        <textureradioonnofocus colordiffuse="$VAR[ColourFocus]">dialogs/white.png</textureradioonnofocus>
                        <textureradioofffocus colordiffuse="$VAR[ColourFocus]">dialogs/white.png</textureradioofffocus>
                        <textureradiooffnofocus colordiffuse="$VAR[ColourFocus]">dialogs/white.png</textureradiooffnofocus>
                        <textureradioondisabled colordiffuse="disabled">-</textureradioondisabled>
                        <textureradiooffdisabled colordiffuse="disabled">-</textureradiooffdisabled>
                        <radiowidth>40</radiowidth>
                        <radioheight>40</radioheight>
                        <include>DefaultSettingButton</include>
                        <onclick>RunScript(script.skin.helper.service,action=COLORPICKER,skinstring=focus.color.name)</onclick>
                        <label>40169</label>
                    </control>
                    <control type="button" id="682">
                        <width>1256</width>
                        <include>DefaultSettingButton</include>
                        <onclick>Skin.Reset(focus.color.name)</onclick>
                        <label>40166</label>
                        <visible>!IsEmpty(Skin.String(focus.color.name))</visible>
                    </control>

                    <control type="radiobutton" id="683">
                        <width>1256</width>
                        <include>DefaultSettingButton</include>
                        <textureradiofocus colordiffuse="$VAR[ColourSelected]">dialogs/white.png</textureradiofocus>
                        <textureradionofocus colordiffuse="$VAR[ColourSelected]">dialogs/white.png</textureradionofocus>
                        <textureradioonfocus colordiffuse="$VAR[ColourSelected]">dialogs/white.png</textureradioonfocus>
                        <textureradioonnofocus colordiffuse="$VAR[ColourSelected]">dialogs/white.png</textureradioonnofocus>
                        <textureradioofffocus colordiffuse="$VAR[ColourSelected]">dialogs/white.png</textureradioofffocus>
                        <textureradiooffnofocus colordiffuse="$VAR[ColourSelected]">dialogs/white.png</textureradiooffnofocus>
                        <textureradioondisabled colordiffuse="disabled">-</textureradioondisabled>
                        <textureradiooffdisabled colordiffuse="disabled">-</textureradiooffdisabled>
                        <radiowidth>40</radiowidth>
                        <radioheight>40</radioheight>

                        <onclick>RunScript(script.skin.helper.service,action=COLORPICKER,skinstring=selected.color.name)</onclick>
                        <label>40168</label>
                    </control>
                    <control type="button" id="684">
                        <width>1256</width>
                        <include>DefaultSettingButton</include>
                        <onclick>Skin.Reset(selected.color.name)</onclick>
                        <label>40166</label>
                        <visible>!IsEmpty(Skin.String(selected.color.name))</visible>
                    </control>

                    <control type="radiobutton" id="685">
                        <width>1256</width>
                        <include>DefaultSettingButton</include>
                        <textureradiofocus colordiffuse="$VAR[ColourBackground]">dialogs/white.png</textureradiofocus>
                        <textureradionofocus colordiffuse="$VAR[ColourBackground]">dialogs/white.png</textureradionofocus>
                        <textureradioonfocus colordiffuse="$VAR[ColourBackground]">dialogs/white.png</textureradioonfocus>
                        <textureradioonnofocus colordiffuse="$VAR[ColourBackground]">dialogs/white.png</textureradioonnofocus>
                        <textureradioofffocus colordiffuse="$VAR[ColourBackground]">dialogs/white.png</textureradioofffocus>
                        <textureradiooffnofocus colordiffuse="$VAR[ColourBackground]">dialogs/white.png</textureradiooffnofocus>
                        <textureradioondisabled colordiffuse="disabled">-</textureradioondisabled>
                        <textureradiooffdisabled colordiffuse="disabled">-</textureradiooffdisabled>
                        <radiowidth>40</radiowidth>
                        <radioheight>40</radioheight>

                        <onclick>RunScript(script.skin.helper.service,action=COLORPICKER,skinstring=background.color.name)</onclick>
                        <label>40170</label>
                    </control>
                    <control type="button" id="686">
                        <width>1256</width>
                        <include>DefaultSettingButton</include>
                        <onclick>Skin.Reset(background.color.name)</onclick>
                        <label>40166</label>
                        <visible>!IsEmpty(Skin.String(background.color.name))</visible>
                    </control>
                </control>
                <control type="textbox" id="6">
                    <description>description area</description>
                    <left>480</left>
                    <top>810</top>
                    <width>1150</width>
                    <height>95</height>
                    <font>font12</font>
                    <align>justify</align>
                    <textcolor>$VAR[ColourFocus]</textcolor>
                    <label>$VAR[SkinSettingsHelpTextVar]</label>
                    <autoscroll time="3000" delay="4000" repeat="5000">true</autoscroll>
                </control>
            </control>
        </control>
        <control type="group">
            <include>OpenClose_Right</include>
            <control type="button">
                <left>1141</left>
                <top>105</top>
                <width>48</width>
                <height>24</height>
                <texturefocus colordiffuse="$VAR[ColourFocus]" flipy="true">overlays/arrowdown.png</texturefocus>
                <texturenofocus colordiffuse="$VAR[ColourFocus]" flipy="true">overlays/arrowdown.png</texturenofocus>
                <animation effect="zoom" start="100,0" end="100,100" center="auto" time="200" delay="10">VisibleChange</animation>
                <animation effect="zoom" start="100,0" end="100,100" delay="500" center="auto" time="200">WindowOpen</animation>
                <animation effect="zoom" start="100,100" end="100,0" center="auto" time="200">WindowClose</animation>
                <onclick>SetFocus(670)</onclick>
                <onclick>PageUp</onclick>
                <animation effect="fade" time="200">VisibleChange</animation>
                <visible>Container(9000).HasFocus(8) + Container(670).HasPrevious</visible>
            </control>
            <control type="button">
                <left>1141</left>
                <top>940</top>
                <width>48</width>
                <height>24</height>
                <texturefocus colordiffuse="$VAR[ColourFocus]">overlays/arrowdown.png</texturefocus>
                <texturenofocus colordiffuse="$VAR[ColourFocus]">overlays/arrowdown.png</texturenofocus>
                <animation effect="zoom" start="100,0" end="100,100" center="auto" time="200" delay="10">VisibleChange</animation>
                <animation effect="zoom" start="100,0" end="100,100" delay="500" center="auto" time="200">WindowOpen</animation>
                <animation effect="zoom" start="100,100" end="100,0" center="auto" time="200">WindowClose</animation>
                <onclick>SetFocus(670)</onclick>
                <onclick>PageDown</onclick>
                <animation effect="fade" time="200">VisibleChange</animation>
                <visible>Container(9000).HasFocus(8) + Container(670).HasNext</visible>
            </control>
        </control>
        <control type="group">
            <include>OpenClose_Right</include>
            <control type="button">
                <left>1141</left>
                <top>105</top>
                <width>48</width>
                <height>24</height>
                <texturefocus colordiffuse="$VAR[ColourFocus]" flipy="true">overlays/arrowdown.png</texturefocus>
                <texturenofocus colordiffuse="$VAR[ColourFocus]" flipy="true">overlays/arrowdown.png</texturenofocus>
                <animation effect="zoom" start="100,0" end="100,100" center="auto" time="200" delay="10">VisibleChange</animation>
                <animation effect="zoom" start="100,0" end="100,100" delay="500" center="auto" time="200">WindowOpen</animation>
                <animation effect="zoom" start="100,100" end="100,0" center="auto" time="200">WindowClose</animation>
                <onclick>SetFocus(600)</onclick>
                <onclick>PageUp</onclick>
                <animation effect="fade" time="200">VisibleChange</animation>
                <visible>Container(9000).HasFocus(1) + Container(600).HasPrevious</visible>
            </control>
            <control type="button">
                <left>1141</left>
                <top>940</top>
                <width>48</width>
                <height>24</height>
                <texturefocus colordiffuse="$VAR[ColourFocus]">overlays/arrowdown.png</texturefocus>
                <texturenofocus colordiffuse="$VAR[ColourFocus]">overlays/arrowdown.png</texturenofocus>
                <animation effect="zoom" start="100,0" end="100,100" center="auto" time="200" delay="10">VisibleChange</animation>
                <animation effect="zoom" start="100,0" end="100,100" delay="500" center="auto" time="200">WindowOpen</animation>
                <animation effect="zoom" start="100,100" end="100,0" center="auto" time="200">WindowClose</animation>
                <onclick>SetFocus(600)</onclick>
                <onclick>PageDown</onclick>
                <animation effect="fade" time="200">VisibleChange</animation>
                <visible>Container(9000).HasFocus(1) + Container(600).HasNext</visible>
            </control>
        </control>
        <include content="TopBar">
            <param name="breadcrumbs_label" value="$LOCALIZE[5] / $LOCALIZE[20077]"/>
            <param name="breadcrumbs_icon" value="icons/settings/skin.png"/>
        </include>
        <include>BottomBar</include>
    </controls>
</window>