<?xml version="1.0" encoding="UTF-8"?>
<window>
	<defaultcontrol always="true">10</defaultcontrol>
	<backgroundcolor>background</backgroundcolor>
	<views>10,11,12,13</views>
	<menucontrol>9000</menucontrol>
	<controls>
		<include>DefaultBackground</include>
		<control type="group" id="50">
			<animation effect="fade" start="100" end="0" time="200" tween="sine" condition="$EXP[infodialog_active]">Conditional</animation>
			<control type="group">
				<description>Guide Timeline</description>
				<visible>Control.IsVisible(10)</visible>
				<include>OpenClose_Right</include>
				<include>Visible_Right</include>
				<top>170</top>
				<left>60</left>
				<control type="image">
					<left>-20</left>
					<top>-20</top>
					<width>1840</width>
					<height>552</height>
					<texture border="22">dialogs/dialog-bg.png</texture>
				</control>
				<control type="epggrid" id="10">
					<left>0</left>
					<top>0</top>
					<width>1800</width>
					<height>510</height>
					<pagecontrol>10</pagecontrol>
					<scrolltime tween="quadratic" easing="out">200</scrolltime>
					<timeblocks>36</timeblocks>
					<rulerunit>6</rulerunit>
					<onleft>9000</onleft>
					<onup>10</onup>
					<ondown>10</ondown>
					<viewtype label="19032">list</viewtype>
					<progresstexture border="0,60,18,14" colordiffuse="$VAR[ColourFocus]">windows/pvr/epg_progress.png</progresstexture>
					<rulerlayout height="45" width="1400">
						<control type="label">
							<left>-3</left>
							<width>610</width>
							<height>45</height>
							<font>font12</font>
							<label>$INFO[ListItem.Label]</label>
							<textoffsetx>10</textoffsetx>
							<textcolor>$VAR[ColourFocus]</textcolor>
						</control>
					</rulerlayout>
					<channellayout height="58" width="330">
						<control type="image" id="2">
							<width>330</width>
							<height>58</height>
							<texture colordiffuse="55000000" border="8">buttons/thumbnail_focused.png</texture>
						</control>
						<control type="label">
							<right>2</right>
							<top>-2</top>
							<width>65</width>
							<height>60</height>
							<font>font14</font>
							<label>$INFO[ListItem.ChannelNumber]</label>
							<align>center</align>
							<aligny>center</aligny>
						</control>
						<control type="label" id="1">
							<left>70</left>
							<top>-2</top>
							<width>190</width>
							<height>60</height>
							<font>font12</font>
							<label>$INFO[ListItem.ChannelName]</label>
							<aligny>center</aligny>
							<textoffsetx>10</textoffsetx>
						</control>
						<control type="image">
							<left>5</left>
							<top>3</top>
							<width>56</width>
							<height>56</height>
							<aspectratio>keep</aspectratio>
							<fadetime>400</fadetime>
							<texture>$INFO[ListItem.Icon]</texture>
						</control>
					</channellayout>
					<focusedchannellayout height="58" width="330">
						<control type="image" id="2">
							<width>330</width>
							<height>58</height>
							<texture colordiffuse="55000000" border="8">buttons/thumbnail_focused.png</texture>
						</control>
						<control type="label">
							<right>2</right>
							<top>-2</top>
							<width>65</width>
							<height>60</height>
							<font>font14</font>
							<label>$INFO[ListItem.ChannelNumber]</label>
							<textcolor>$VAR[ColourFocus]</textcolor>
							<align>center</align>
							<aligny>center</aligny>
						</control>
						<control type="label" id="1">
							<left>70</left>
							<top>-2</top>
							<width>190</width>
							<height>60</height>
							<font>font12</font>
							<label>$INFO[ListItem.ChannelName]</label>
							<scroll>yes</scroll>
							<textcolor>$VAR[ColourFocus]</textcolor>
							<aligny>center</aligny>
							<textoffsetx>10</textoffsetx>
						</control>
						<control type="image">
							<left>5</left>
							<top>3</top>
							<width>56</width>
							<height>56</height>
							<aspectratio>keep</aspectratio>
							<fadetime>400</fadetime>
							<texture>$INFO[ListItem.Icon]</texture>
						</control>
					</focusedchannellayout>
					<itemlayout height="58" width="60">
						<control type="image" id="2">
							<width>58</width>
							<height>58</height>
							<texture border="3" fallback="windows/pvr/epg-genres/0.png">$INFO[ListItem.Property(GenreType),windows/pvr/epg-genres/,.png]</texture>
							<visible>Skin.HasSetting(epgshow.genres)</visible>
						</control>
						<control type="image" id="2">
							<width>58</width>
							<height>58</height>
							<texture colordiffuse="99000000" border="8">buttons/thumbnail_focused.png</texture>
							<visible>!Skin.HasSetting(epgshow.genres)</visible>
						</control>
						<control type="label" id="1">
							<left>6</left>
							<top>0</top>
							<width>50</width>
							<height>36</height>
							<aligny>center</aligny>
							<font>font10</font>
							<label>$INFO[ListItem.Label]</label>
						</control>
						<control type="image">
							<left>6</left>
							<top>32</top>
							<width>20</width>
							<height>20</height>
							<texture>$VAR[PVRTimerIcon]</texture>
						</control>
					</itemlayout>
					<focusedlayout height="58" width="60">
						<control type="image" id="2">
							<top>2</top>
							<left>2</left>
							<width>54</width>
							<height>54</height>
							<texture colordiffuse="$VAR[ColourFocus]">lists/focus.png</texture>
							<visible>Control.HasFocus(10)</visible>
						</control>
						<control type="image" id="2">
							<width>58</width>
							<height>58</height>
							<texture border="8" colordiffuse="$VAR[ColourFocus]">buttons/thumbnail_focused.png</texture>
						</control>
						<control type="image" id="2">
							<width>58</width>
							<height>58</height>
							<top>0</top>
							<texture border="3" fallback="windows/pvr/epg-genres/0.png">$INFO[ListItem.Property(GenreType),windows/pvr/epg-genres/,.png]</texture>
							<visible>!Control.HasFocus(10)</visible>
							<visible>Skin.HasSetting(epgshow.genres)</visible>
						</control>
						<control type="image" id="2">
							<width>58</width>
							<height>58</height>
							<top>0</top>
							<texture colordiffuse="99000000" border="8">buttons/thumbnail_focused.png</texture>
							<visible>!Control.HasFocus(10)</visible>
							<visible>!Skin.HasSetting(epgshow.genres)</visible>
						</control>
						<control type="label" id="1">
							<left>6</left>
							<top>0</top>
							<width>50</width>
							<height>36</height>
							<aligny>center</aligny>
							<font>font10</font>
							<label>$INFO[ListItem.Label]</label>
						</control>
						<control type="image">
							<left>6</left>
							<top>32</top>
							<width>20</width>
							<height>20</height>
							<texture>$VAR[PVRTimerIcon]</texture>
						</control>
					</focusedlayout>
				</control>
				<control type="group">
					<top>540</top>
					<left>-120</left>
					<control type="image">
						<top>-25</top>
						<left>100</left>
						<width>1840</width>
						<height>250</height>
						<texture border="22">dialogs/dialog-bg.png</texture>
					</control>
					<control type="image" id="82">
						<width>450</width>
						<height>240</height>
						<aspectratio align="center" aligny="top">keep</aspectratio>
						<fadetime>400</fadetime>
						<texture>$INFO[ListItem.PlotOutline]</texture>
						<visible>String.StartsWith(ListItem.PlotOutline,http://) | String.StartsWith(ListItem.PlotOutline,https://)</visible>
					</control>
					<control type="image" id="45678">
						<left>125</left>
						<width>312</width>
						<height>200</height>
						<texture fallback="empty.png" background="true">http://localhost:52307/getpvrthumb&amp;title=$INFO[ListItem.Title]&amp;channel=$INFO[ListItem.ChannelName]&amp;type=landscape,fanart,thumb,poster</texture>
						<aspectratio>keep</aspectratio>
						<visible>!Player.HasVideo</visible>
					</control>
					<control type="videowindow">
						<left>125</left>
						<width>312</width>
						<height>200</height>
						<visible>Player.HasVideo</visible>
					</control>
					<control type="image">
						<left>125</left>
						<width>312</width>
						<height>200</height>
						<aspectratio>keep</aspectratio>
						<fadetime>400</fadetime>
						<texture>$INFO[Container(10).ListItem.Icon]</texture>
						<visible>Substring(Control.GetLabel(45678),empty.png)</visible>
					</control>

					<control type="group">
						<left>452</left>
						<top>0</top>
						<control type="group">
							<control type="label">
								<width>1460</width>
								<height>30</height>
								<textcolor>$VAR[ColourFocus]</textcolor>
								<font>font12</font>
								<label>$INFO[ListItem.StartTime,, - ]$INFO[ListItem.EndTime]$INFO[ListItem.Title,  [COLOR grey],[/COLOR]]$INFO[ListItem.Genre,      $LOCALIZE[515] : [COLOR grey],[/COLOR]]</label>
							</control>
							<control type="textbox">
								<top>38</top>
								<width>1460</width>
								<height>153</height>
								<font>font12</font>
								<label>$INFO[ListItem.Plot]</label>
								<autoscroll delay="10000" time="3000" repeat="10000"/>
							</control>
						</control>

					</control>
				</control>
			</control>
			<include content="PVRGuideListViewtype">
				<param name="container_id" value="11" />
				<param name="container_name" value="19030" />
			</include>
			<include content="PVRGuideListViewtype">
				<param name="container_id" value="12" />
				<param name="container_name" value="19031" />
			</include>
			<control type="group">
				<description>TV Guide Channel</description>
				<visible>Control.IsVisible(13)</visible>
				<include>Visible_Left</include>
				<include>OpenClose_Left</include>
				<top>30</top>
				<control type="group">
					<left>80</left>
					<top>150</top>
					<control type="image">
						<left>-20</left>
						<top>-20</top>
						<width>1130</width>
						<height>746</height>
						<texture border="22">dialogs/dialog-bg.png</texture>
					</control>
					<control type="list" id="13">
						<top>0</top>
						<width>1740</width>
						<height>700</height>
						<onup>13</onup>
						<ondown>13</ondown>
						<onleft>9000</onleft>
						<onright>75</onright>
						<viewtype label="19029">list</viewtype>
						<pagecontrol>75</pagecontrol>
						<scrolltime>200</scrolltime>
						<itemlayout height="58">
							<control type="image">
								<left>0</left>
								<width>1090</width>
								<height>58</height>
								<texture border="10">lists/separator.png</texture>
							</control>
							<control type="label">
								<left>20</left>
								<width>350</width>
								<height>58</height>
								<label>$INFO[ListItem.StartTime,, - ]$INFO[ListItem.EndTime]</label>
								<font>font12</font>
								<aligny>center</aligny>
							</control>
							<control type="label">
								<left>378</left>
								<width>825</width>
								<height>58</height>
								<textcolor>$VAR[ColourFocus]</textcolor>
								<aligny>center</aligny>
								<label>$INFO[ListItem.Label]</label>
							</control>
							<control type="image">
								<left>1000</left>
								<top>15</top>
								<width>35</width>
								<height>35</height>
								<texture>$VAR[PVRStatusImageVar]</texture>
							</control>
						</itemlayout>
						<focusedlayout height="58">
							<control type="image">
								<left>0</left>
								<width>1090</width>
								<height>58</height>
								<texture border="10">lists/separator.png</texture>
								<visible>!Control.HasFocus(13)</visible>
							</control>
							<control type="image">
								<left>0</left>
								<width>1090</width>
								<height>58</height>
								<texture colordiffuse="$VAR[ColourFocus]">lists/focus.png</texture>
								<visible>Control.HasFocus(13)</visible>
							</control>
							<control type="label">
								<left>20</left>
								<width>350</width>
								<height>58</height>
								<label>$INFO[ListItem.StartTime,, - ]$INFO[ListItem.EndTime]</label>
								<aligny>center</aligny>
								<font>font12</font>
							</control>
							<control type="label">
								<left>378</left>
								<width>825</width>
								<height>58</height>
								<aligny>center</aligny>
								<label>$INFO[ListItem.Label]</label>
							</control>
							<control type="image">
								<left>1000</left>
								<top>15</top>
								<width>35</width>
								<height>35</height>
								<texture>$VAR[PVRStatusImageVar]</texture>
							</control>
						</focusedlayout>
					</control>
					<control type="scrollbar" id="75">
						<left>1095</left>
						<top>5</top>
						<width>12</width>
						<height>700</height>
						<onleft>13</onleft>
						<onright>13</onright>
					</control>
				</control>
			</control>
			<control type="group">
				<left>1220</left>
				<top>150</top>
				<visible>!String.IsEmpty(ListItem.ChannelName)</visible>
				<visible>Control.IsVisible(13)</visible>
				<include>Visible_Right</include>
				<include>OpenClose_Right</include>
				<include content="PVRInfoPanel">
					<param name="bottom_label1" value="[COLOR =$VAR[ColourFocus]]$LOCALIZE[19031]:[/COLOR]$INFO[ListItem.NextTitle, ]" />
					<param name="bottom_label2" value="$INFO[ListItem.NextStartTime]" />
				</include>
			</control>
			<control type="group">
				<include>MediaMenuCommon</include>
				<include content="PVRSideBar">
					<param name="group_label2" value="$INFO[Control.GetLabel(30)]" />
				</include>
			</control>
			<include content="TopBar">
				<param name="breadcrumbs_label" value="$INFO[Control.GetLabel(29)] - $INFO[Control.GetLabel(30)]" />
				<param name="breadcrumbs_icon" value="icons/settings/tvguide.png" />
			</include>
			<include content="BottomBar">
				<param name="PageLabel" value="$INFO[Container.NumItems,$LOCALIZE[19019] : ]" />
			</include>
		</control>
		<control type="label" id="29">
			<font>-</font>
			<include>HiddenObject</include>
		</control>
		<control type="label" id="30">
			<font>-</font>
			<include>HiddenObject</include>
		</control>
	</controls>
</window>
