<?xml version="1.0" encoding="UTF-8"?>
<includes>
	<include name="SmallThumbInfoFlag">
		<control type="group">
			<top>$PARAM[posy]</top>
			<right>$PARAM[right]</right>
			<control type="image">
				<top>0</top>
				<right>41</right>
				<width>35</width>
				<height>16</height>
				<fadetime>300</fadetime>
				<aspectratio align="center">keep</aspectratio>
				<texture>$PARAM[icon]</texture>
			</control>
			<control type="label">
				<right>43</right>
				<top>16</top>
				<width>35</width>
				<height>16</height>
				<align>center</align>
				<font>font8</font>
				<selectedcolor>white</selectedcolor>
				<label fallback="-">$INFO[$PARAM[infolabel]]</label>
			</control>
		</control>
	</include>
	<include name="View_58_Stamps">
		<include content="UpDownArrows">
			<param name="container_id" value="58" />
			<param name="visible" value="!System.HasModalDialog" />
		</include>
		<control type="group">
			<include>OpenClose_Right</include>
			<left>100</left>
			<top>172</top>
			<visible>Control.IsVisible(58)</visible>
			<include>Visible_Right</include>
			<control type="panel" id="58">
				<left>0</left>
				<top>0</top>
				<width>1800</width>
				<height>720</height>
				<onleft condition="!Skin.HasSetting(KioskMode)">9000</onleft>
				<onright>531</onright>
				<onup>58</onup>
				<ondown>58</ondown>
				<viewtype label="40177">icon</viewtype>
				<preloaditems>2</preloaditems>
				<pagecontrol>531</pagecontrol>
				<scrolltime tween="cubic" easing="out">500</scrolltime>
				<visible>Container.Content(movies) | Container.Content(sets) | Container.Content(tvshows) | Container.Content(seasons) | Container.Content(artists) | Container.Content(albums) | Container.Content(musicvideos) | Container.Content(addons)</visible>
				<itemlayout height="180" width="150" condition="Container.Content(movies) | Container.Content(sets) | Container.Content(tvshows) | Container.Content(seasons)">
					<control type="image">
						<left>0</left>
						<top>-1</top>
						<width>128</width>
						<height>181</height>
						<texture fallback="DefaultVideo.png" background="true">$VAR[ListPosterVar]</texture>
						<bordertexture border="20">overlays/shadow.png</bordertexture>
						<bordersize>20</bordersize>
						<animation effect="slide" end="-15,0" time="0" condition="true">Conditional</animation>
					</control>
					<control type="group">
						<left>65</left>
						<top>20</top>
						<include>UserRatingCircle</include>
					</control>
					<control type="group">
						<left>-20</left>
						<top>-6</top>
						<include content="UnwatchedEpisodes">
							<param name="animation" value="True" />
						</include>
						<animation effect="zoom" start="100" end="75" time="0" center="auto" condition="true">Conditional</animation>
					</control>
				</itemlayout>
				<focusedlayout height="180" width="150" condition="Container.Content(movies) | Container.Content(sets) | Container.Content(tvshows) | Container.Content(seasons)">
					<control type="button">
						<texturefocus>-</texturefocus>
						<texturenofocus>-</texturenofocus>
						<onfocus condition="Container.Content(movies)">ClearProperty(TVShowID,home)</onfocus>
						<onfocus condition="Container.Content(tvshows)">SetProperty(TVShowID,$INFO[ListItem.DBID],home)</onfocus>
					</control>
					<control type="group">
						<animation effect="slide" start="0,0" end="-40,0" time="300">Focus</animation>
						<animation effect="slide" start="-40,0" end="0,0" time="125">UnFocus</animation>
						<control type="image">
							<left>1</left>
							<top>7.5</top>
							<width>110</width>
							<height>165</height>
							<texture border="2" fallback="DefaultVideo.png" background="true">$VAR[ListPosterVar]</texture>
							<bordertexture colordiffuse="border_alpha">colors/black.png</bordertexture>
							<bordersize>4</bordersize>
						</control>
						<control type="group">
							<left>65</left>
							<top>10</top>
							<include>UserRatingCircle</include>
						</control>
						<control type="group">
							<left>-20</left>
							<top>-6</top>
							<include content="UnwatchedEpisodes">
								<param name="animation" value="True" />
							</include>
							<animation effect="zoom" start="100" end="75" time="0" center="auto" condition="true">Conditional</animation>
						</control>
					</control>
					<control type="group">
						<top>7.5</top>
						<animation type="Focus">
							<effect type="slide" start="0,0" end="-40,0" time="300" />
							<effect type="fade" start="0" end="100" time="300" />
						</animation>
						<animation effect="fade" start="100" end="0" time="0">UnFocus</animation>
						<control type="image">
							<left>1</left>
							<width>110</width>
							<height>165</height>
							<texture border="8" colordiffuse="$VAR[ColourFocus]">buttons/thumbnail_focused.png</texture>
						</control>
					</control>
					<control type="image">
						<top>7.5</top>
						<right>42</right>
						<width>35</width>
						<height>165</height>
						<fadetime>300</fadetime>
						<texture colordiffuse="$VAR[ColourFocus]">colors/white.png</texture>
						<animation effect="zoom" start="0,100" end="100,100" time="250" center="auto">Focus</animation>
						<animation effect="zoom" start="100,100" end="0,100" time="125" center="auto" delay="50">UnFocus</animation>
					</control>
					<control type="group">
						<top>7.5</top>
						<animation effect="fade" start="0" end="100" time="200" delay="250">Focus</animation>
						<animation effect="fade" start="100" end="0" time="50">UnFocus</animation>
						<include content="SmallThumbInfoFlag">
							<param name="icon" value="lists/rating.png" />
							<param name="infolabel" value="ListItem.Rating" />
							<param name="posy" value="10" />
							<param name="right" value="0"/>
						</include>
						<include content="SmallThumbInfoFlag">
							<param name="icon" value="lists/year.png" />
							<param name="infolabel" value="ListItem.Year" />
							<param name="posy" value="70" />
							<param name="right" value="0"/>
						</include>
						<control type="image">
							<right>46</right>
							<top>130</top>
							<width>24</width>
							<height>24</height>
							<texture>$VAR[ListWatchedIconVar]</texture>
						</control>
					</control>
				</focusedlayout>
				<itemlayout height="180" width="175" condition="Container.Content(artists) | Container.Content(albums) | Container.Content(musicvideos) | Container.Content(addons)">
					<include>InfoWallMusicLayout</include>
				</itemlayout>
				<focusedlayout height="180" width="175" condition="Container.Content(artists) | Container.Content(albums) | Container.Content(musicvideos) | Container.Content(addons)">
					<control type="group">
						<animation effect="zoom" start="100" end="105" time="200" tween="sine" easing="inout" center="160,180" condition="!Skin.HasSetting(no_animations)">Focus</animation>
						<animation effect="zoom" start="105" end="100" time="200" tween="sine" easing="inout" center="160,180" condition="!Skin.HasSetting(no_animations)">UnFocus</animation>
						<include>InfoWallMusicLayout</include>
						<control type="image">
							<left>7.5</left>
							<top>2.5</top>
							<width>144</width>
							<height>174</height>
							<texture border="8" colordiffuse="$VAR[ColourFocus]">buttons/thumbnail_focused.png</texture>
							<animation effect="fade" start="100" end="0" time="200">Unfocus</animation>
						</control>
					</control>
				</focusedlayout>
			</control>
		</control>
	</include>
</includes>
