<?xml version="1.0" encoding="UTF-8"?>
<window>
	<defaultcontrol always="true">5553</defaultcontrol>
	<animation effect="fade" start="0" end="100" time="300">WindowOpen</animation>
	<animation effect="fade" start="100" end="0" time="200">WindowClose</animation>
	<controls>

		<control type="button" id="22001">
			<description>background close area</description>
			<left>0</left>
			<top>0</top>
			<width>1920</width>
			<height>800</height>
			<texturefocus>-</texturefocus>
			<texturenofocus>-</texturenofocus>
			<onclick>Action(close)</onclick>
		</control>
		<control type="group">
			<top>960</top>
			<control type="image">
				<left>0</left>
				<top>-240</top>
				<width>1920</width>
				<height>400</height>
				<texture colordiffuse="background">skyq/Backgrounds/infobar1.png</texture>
			</control>
			<control type="image" id="456788">
				<left>420</left>
				<top>-205</top>
				<width>427</width>
				<height>240</height>
				<texture fallback="empty.png" background="true">http://localhost:52307/getpvrthumb&amp;title=$INFO[VideoPlayer.Title]&amp;channel=$INFO[VideoPlayer.ChannelName]&amp;type=landscape,fanart,thumb</texture>
				<aspectratio>keep</aspectratio>
				<visible>VideoPlayer.Content(LiveTV)</visible>
			</control>
			<control type="image">
				<description>TV Cover</description>
				<left>420</left>
				<top>-205</top>
				<width>427</width>
				<height>240</height>
				<texture fallback="DefaultVideoCover.png">$VAR[NowPlayingPosterVar]</texture>
				<aspectratio aligny="top">keep</aspectratio>
				<visible>SubString(Control.GetLabel(456788),empty.png)</visible>
				<visible>VideoPlayer.Content(LiveTV)</visible>
			</control>
			<control type="image">
				<description>landscape</description>
				<left>420</left>
				<top>-205</top>
				<width>427</width>
				<height>240</height>
				<texture fallback="DefaultVideoCover.png">$VAR[PlayerLandscape]</texture>
				<aspectratio aligny="top">keep</aspectratio>
				<visible>!VideoPlayer.Content(LiveTV)</visible>
			</control>
			<control type="image">
				<left>10</left>
				<top>-205</top>
				<width>400</width>
				<height>100</height>
				<texture>$VAR[PlayerClearLogo]</texture>
				<aspectratio align="center" aligny="top">keep</aspectratio>
				<visible>Skin.HasSetting(osd.showclearart)</visible>
				<visible>VideoPlayer.Content(LiveTV)</visible>
			</control>
			<control type="image">
				<left>10</left>
				<top>-42</top>
				<width>400</width>
				<height>100</height>
				<texture>$VAR[PlayerClearArt]</texture>
				<aspectratio align="center" aligny="center">keep</aspectratio>
				<visible>Skin.HasSetting(osd.showclearart)</visible>
				<visible>VideoPlayer.Content(LiveTV)</visible>
			</control>
			<control type="image">
				<left>10</left>
				<top>-215</top>
				<width>400</width>
				<height>300</height>
				<texture>$VAR[PlayerClearLogo]</texture>
				<aspectratio align="center" aligny="center">keep</aspectratio>
				<visible>!VideoPlayer.Content(LiveTV)</visible>
				<visible>Skin.HasSetting(osd.showclearart)</visible>
			</control>

			<control type="label">
				<left>10</left>
				<top>-104</top>
				<width>400</width>
				<height>360</height>
				<label fallback="">$INFO[VideoPlayer.ChannelName,[B],[/B]    ]$INFO[VideoPlayer.ChannelNumber]</label>
				<align>center</align>
				<font>skybold43</font>
				<visible>VideoPlayer.Content(LiveTV)</visible>
			</control>
			<control type="label">
				<left>10</left>
				<top>70</top>
				<width>400</width>
				<height>40</height>
				<label fallback="">$INFO[System.Date(DDD)],  $INFO[System.Time]</label>
				<align>left</align>
				<aligny>center</aligny>
				<font>skybold33</font>
			</control>
			<control type="label">
				<left>890</left>
				<top>-204</top>
				<width>640</width>
				<height>33</height>
				<label fallback="">$INFO[VideoPlayer.Title]</label>
				<align>left</align>
				<font>skybold33</font>
			</control>
			<control type="textbox">
				<left>890</left>
				<top>-154</top>
				<width>640</width>
				<height>241</height>
				<label fallback="416">$INFO[VideoPlayer.Tagline,[B],[/B][CR]]$INFO[VideoPlayer.Plot]</label>
				<align>justify</align>
				<font>sky30</font>
				<autoscroll delay="5000" repeat="7500" time="5000"></autoscroll>
			</control>

			<control type="label">
				<right>10</right>
				<top>-204</top>
				<width>330</width>
				<height>28</height>
				<label fallback="">$INFO[VideoPlayer.NextTitle]</label>
				<align>left</align>
				<font>skybold28</font>
				<visible>VideoPlayer.Content(LiveTV)</visible>
			</control>
			<control type="textbox">
				<right>10</right>
				<top>-162</top>
				<width>330</width>
				<height>241</height>
				<label fallback="416">$INFO[VideoPlayer.NextPlot]</label>
				<align>justify</align>
				<font>sky25</font>
				<autoscroll delay="5000" repeat="7500" time="5000"></autoscroll>
				<visible>VideoPlayer.Content(LiveTV)</visible>
			</control>

			<control type="label">
				<right>10</right>
				<top>70</top>
				<width>330</width>
				<height>28</height>
				<label fallback="">$INFO[VideoPlayer.NextStartTime,$LOCALIZE[19031] @ ,]</label>
				<align>left</align>
				<font>skybold28</font>
				<visible>VideoPlayer.Content(LiveTV)</visible>
			</control>

			<control type="group">
				<visible>!VideoPlayer.Content(LiveTV)</visible>
				<left>1540</left>
				<width>330</width>
				<top>-204</top>
				<control type="group">
					<control id="518996" type="wraplist">
						<top>6</top>
						<left>120</left>
						<width>187</width>
						<height>280</height>
						<onup>5554</onup>
						<ondown>5554</ondown>
						<onback>5554</onback>
						<preloaditems>1</preloaditems>
						<focusposition>0</focusposition>
						<autoscroll time="4000">!Control.HasFocus(518996)</autoscroll>
						<viewtype label="osdcast2">list</viewtype>
						<orientation>vertical</orientation>
						<scrolltime easing="inout" tween="sine">300</scrolltime>
						<itemlayout height="280" width="187">
							<control type="group">
								<animation effect="zoom" end="85" start="100" time="200" center="auto" condition="Control.HasFocus(518996)">Conditional</animation>
								<control type="label">
									<left>0</left>
									<top>0</top>
									<right>0</right>
									<bottom>0</bottom>
									<height>280</height>
									<aligny>center</aligny>
									<align>center</align>
									<font>symbolbiggest</font>
									<label></label>
									<fadetime>300</fadetime>
								</control>
								<control type="image">
									<left>0</left>
									<top>0</top>
									<right>0</right>
									<bottom>0</bottom>
									<aspectratio align="center" aligny="top">scale</aspectratio>
									<texture background="true">$INFO[ListItem.Icon]</texture>
								</control>
								<control type="image">
									<left>0</left>
									<top>0</top>
									<right>0</right>
									<bottom>0</bottom>
									<texture colordiffuse="subwhite">dialogs/white.png</texture>
									<animation effect="fade" end="45" start="45" time="0" condition="true">Conditional</animation>
								</control>
							</control>
						</itemlayout>
						<focusedlayout height="280" width="187">
							<control type="group">
								<control type="button">
									<texturefocus>-</texturefocus>
									<texturenofocus>-</texturenofocus>
									<onfocus>SetProperty(OSD_Cast_String,$INFO[ListItem.Label]$INFO[ListItem.Label2, $LOCALIZE[20347] ],home)</onfocus>
								</control>
								<control type="label">
									<left>0</left>
									<top>0</top>
									<right>0</right>
									<bottom>0</bottom>
									<height>280</height>
									<aligny>center</aligny>
									<align>center</align>
									<font>symbolbiggest</font>
									<label></label>
									<fadetime>300</fadetime>
								</control>
								<control type="image">
									<left>0</left>
									<top>0</top>
									<right>0</right>
									<bottom>0</bottom>
									<aspectratio align="center" aligny="top">scale</aspectratio>
									<texture background="true">$INFO[ListItem.Icon]</texture>
								</control>
							</control>
						</focusedlayout>
						<content target="video">$VAR[DefOSDCast]</content>
					</control>

					<control type="label">
						<left>0</left>
						<top>-28</top>
						<width>430</width>
						<font>sky24</font>
						<align>center</align>
						<height>24</height>
						<label>$INFO[Container(518996).ListItem.Label]</label>
					</control>
					<control type="label">
						<left>0</left>
						<top>285</top>
						<width>430</width>
						<font>sky24</font>
						<align>center</align>
						<aligny>bottom</aligny>
						<height>24</height>
						<label>$INFO[Container(518996).ListItem.Label2, $LOCALIZE[20347] ]</label>
					</control>
				</control>
			</control>
			<control type="image">
				<description>poster</description>
				<left>1660</left>
				<top>-204</top>
				<width>187</width>
				<height>280</height>
				<texture fallback="">$VAR[PlayerPoster]</texture>
				<aspectratio aligny="center">keep</aspectratio>
				<visible>!VideoPlayer.Content(LiveTV) + !Integer.IsGreater(Container(518996).NumItems,0)</visible>
			</control>

			<control type="grouplist">
				<left>420</left>
				<top>38</top>
				<width>427</width>
				<height>33</height>
				<align>left</align>
				<orientation>horizontal</orientation>
				<itemgap>5</itemgap>
				<control type="label">
					<width>100</width>
					<height>30</height>
					<label fallback="">$INFO[VideoPlayer.StartTime]</label>
					<align>left</align>
					<font>sky33</font>
					<visible>VideoPlayer.Content(LiveTV)</visible>
				</control>
			</control>
			<control type="grouplist">
				<left>420</left>
				<top>45</top>
				<width>434</width>
				<height>30</height>
				<align>right</align>
				<orientation>horizontal</orientation>
				<itemgap>5</itemgap>
				<control type="image">
					<width>60</width>
					<height>30</height>
					<aspectratio>keep</aspectratio>
					<texture>$VAR[NewResolutionFlagVarPlayer]</texture>
					<visible>!String.IsEmpty(VideoPlayer.VideoResolution)</visible>
				</control>
				<control type="image">
					<width>60</width>
					<height>30</height>
					<aspectratio>keep</aspectratio>
					<texture>$VAR[VideoAspect]</texture>
					<visible>!String.IsEmpty(VideoPlayer.VideoAspect)</visible>
				</control>
				<control type="image">
					<width>60</width>
					<height>30</height>
					<aspectratio>keep</aspectratio>
					<texture>$VAR[HDSD]</texture>
					<visible>!String.IsEmpty(VideoPlayer.VideoResolution)</visible>
				</control>
			</control>

			<!-- Progress -->
			<control type="group">
				<top>119</top>
				<control type="progress">
					<animation effect="fade" end="0" time="200">WindowClose</animation>
					<left>0</left>
					<top>-10</top>
					<width>1920</width>
					<height>30</height>
					<info>Player.ProgressCache</info>
					<texturebg border="3" colordiffuse="00FFFFFF">colors/white50.png</texturebg>
					<midtexture colordiffuse="$VAR[ColourFocus]">colors/white50.png</midtexture>
					<animation effect="fade" start="100" end="80" time="0" condition="true">Conditional</animation>
				</control>
				<control type="progress" id="23">
					<animation effect="fade" end="0" time="200">WindowClose</animation>
					<left>0</left>
					<top>-10</top>
					<width>1920</width>
					<height>30</height>
					<info>Player.Progress</info>
					<texturebg border="3" colordiffuse="80FFFFFF">colors/white50.png</texturebg>
					<midtexture colordiffuse="$VAR[ColourFocus]">colors/white50.png</midtexture>
				</control>
				<control type="button" id="87">
					<include>HiddenObject</include>
					<onup condition="Player.Forwarding | Player.Rewinding">PlayerControl(Play)</onup>
					<onup>201</onup>
					<ondown condition="Player.Forwarding | Player.Rewinding">PlayerControl(Play)</ondown>
					<ondown>201</ondown>
					<onright>PlayerControl(Forward)</onright>
					<onleft>PlayerControl(Rewind)</onleft>
					<visible>Player.SeekEnabled</visible>
					<onclick condition="Player.Forwarding | Player.Rewinding">PlayerControl(Play)</onclick>
				</control>
				<control type="slider">
					<left>0</left>
					<top>-10</top>
					<width>1920</width>
					<height>30</height>
					<onup>8010</onup>
					<ondown>650</ondown>
					<controloffsetx>75</controloffsetx>
					<controloffsety>0</controloffsety>
					<texturesliderbar colordiffuse="00FFFFFF">osd/progress/nub_bar.png</texturesliderbar>
					<textureslidernib>osd/progress/nub_bar.png</textureslidernib>
					<textureslidernibfocus colordiffuse="$VAR[ColourFocus]">osd/progress/nub_bar.png</textureslidernibfocus>
					<info>Player.Progress</info>
					<action>seek</action>
					<visible>!Control.HasFocus(87)</visible>
				</control>
			</control>
		</control>
	</controls>
</window>
