<?xml version="1.0" encoding="UTF-8"?>
<window>
	<defaultcontrol always="true">50</defaultcontrol>
	<backgroundcolor>background</backgroundcolor>
	<views>50</views>
	<menucontrol>9000</menucontrol>
	<controls>
		<control type="image">
			<depth>DepthBackground</depth>
			<include>FullScreenDimensions</include>
			<aspectratio>scale</aspectratio>
			<animation effect="fade" start="100" end="bg_alpha" time="0" condition="Player.HasMedia + String.IsEmpty(Window(videolibrary).Property(PlayingBackgroundMedia))">Conditional</animation>
			<animation effect="fade" start="0" end="100" time="300" condition="Window.Previous(fullscreenvideo) | Window.Previous(startup)">WindowOpen</animation>
			<texture>skyq/Backgrounds/full.png</texture>
		</control>
		<control type="label">
			<top>70</top>
			<width>480</width>
			<align>center</align>
			<height>55</height>
			<font>skybold55</font>
			<label>$LOCALIZE[19019]</label>
		</control>
		<control type="label">
			<top>620</top>
			<width>480</width>
			<align>center</align>
			<height>40</height>
			<font>sky40</font>
			<label></label>
		</control>
		<control type="group">
			<animation effect="fade" start="100" end="0" time="200" tween="sine" condition="$EXP[infodialog_active]">Conditional</animation>
			<control type="group">
				<include>OpenClose_Left</include>
				<top>100</top>
				<left>500</left>
				<visible>Control.IsVisible(50)</visible>
				<include>Visible_Left</include>
				<control type="list" id="50">
					<left>0</left>
					<top>220</top>
					<width>850</width>
					<height>810</height>
					<scrolltime tween="cubic" easing="out">500</scrolltime>
					<orientation>vertical</orientation>
					<onleft>9000</onleft>
					<onright>60</onright>
					<onup>50</onup>
					<ondown>50</ondown>
					<viewtype label="List">list</viewtype>
					<preloaditems>1</preloaditems>
					<pagecontrol>60</pagecontrol>
					<focusedlayout height="84" width="850">
						<control type="image">
							<width>850</width>
							<height>1</height>
							<texture>skyq/Backgrounds/line-h.png</texture>
						</control>
						<control type="image">
							<left>1</left>
							<top>9</top>
							<width>848</width>
							<height>70</height>
							<texture colordiffuse="$VAR[ColourFocus]">lists/focus.png</texture>
							<animation effect="fade" start="100" end="50" time="0" condition="true">Conditional</animation>
							<visible>Control.hasFocus(50)</visible>
						</control>
						<control type="label">
							<left>1</left>
							<width>100</width>
							<height>84</height>
							<font>sky47</font>
							<align>left</align>
							<aligny>center</aligny>
							<label>$INFO[ListItem.ChannelNumber]</label>
						</control>
						<control type="progress">
							<right>10</right>
							<top>48</top>
							<width>50</width>
							<height>12</height>
							<midtexture border="3">progress/texturebg_white.png</midtexture>
							<visible>ListItem.HasEpg + !ListItem.IsRecording</visible>
							<info>ListItem.Progress</info>
						</control>
						<control type="image">
							<right>5</right>
							<top>9</top>
							<width>40</width>
							<height>40</height>
							<texture>$VAR[PVRStatusImageVar]</texture>
						</control>
						<control type="label">
							<left>105</left>
							<top>0</top>
							<height>84</height>
							<width>650</width>
							<aligny>center</aligny>
							<align>left</align>
							<font>sky28</font>
							<label>$INFO[ListItem.Label,,  ]$INFO[ListItem.Title]</label>
							<shadowcolor>text_shadow</shadowcolor>
						</control>
					</focusedlayout>
					<itemlayout height="84">

						<control type="image">
							<width>850</width>
							<height>1</height>
							<texture>skyq/Backgrounds/line-h.png</texture>
						</control>

						<control type="label">
							<left>1</left>
							<width>100</width>
							<height>84</height>
							<font>sky47</font>
							<align>left</align>
							<aligny>center</aligny>
							<label>$INFO[ListItem.ChannelNumber]</label>
						</control>
						<control type="progress">
							<left>789</left>
							<top>48</top>
							<width>50</width>
							<height>12</height>
							<colordiffuse>88FFFFFF</colordiffuse>
							<visible>ListItem.HasEpg + !ListItem.IsRecording</visible>
							<info>ListItem.Progress</info>
						</control>
						<control type="image">
							<right>5</right>
							<top>9</top>
							<width>40</width>
							<height>40</height>
							<texture>$VAR[PVRStatusImageVar]</texture>
						</control>
						<control type="label">
							<left>105</left>
							<top>0</top>
							<height>84</height>
							<width>650</width>
							<aligny>center</aligny>
							<align>left</align>
							<font>sky28</font>
							<label>$INFO[ListItem.Label,,  ]$INFO[ListItem.Title]</label>
							<shadowcolor>text_shadow</shadowcolor>
						</control>
					</itemlayout>
				</control>
				<control type="group">
					<top>295</top>
					<left>-499</left>
					<control type="videowindow">
						<width>480</width>
						<height>290</height>
						<visible>Player.HasVideo</visible>
					</control>
					<control type="image">
						<width>480</width>
						<height>290</height>
						<aspectratio>keep</aspectratio>
						<fadetime>400</fadetime>
						<texture fallback="special://skin/extras/home-images/tv.jpg">$INFO[Container(50).ListItem.Icon]</texture>
						<visible>!Player.HasVideo</visible>
					</control>
				</control>
				<control type="group">
					<control type="group">
						<top>-20</top>
						<control type="group">
							<control type="label">
								<width>1040</width>
								<height>40</height>
								<align>left</align>
								<font>sky40</font>
								<label>$INFO[ListItem.Title]</label>
								<!--<label>$INFO[ListItem.StartTime,, - ]$INFO[ListItem.EndTime]$INFO[ListItem.Title,  [COLOR grey],[/COLOR]]$INFO[ListItem.Genre,      $LOCALIZE[515] : [COLOR grey],[/COLOR]]</label> -->
							</control>
							<control type="textbox">
								<top>51</top>
								<width>1040</width>
								<height>140</height>
								<align>left</align>
								<font>sky25</font>
								<label>$INFO[ListItem.Plot]</label>
								<autoscroll delay="10000" time="3000" repeat="10000"/>
							</control>
						</control>
					</control>
					<control type="group">
						<visible>!IsEmpty(Container(50).ListItem.Date)</visible>
						<top>-20</top>
						<left>1050</left>
						<control type="group">
							<control type="image">
								<width>1</width>
								<top>51</top>
								<height>130</height>
								<texture flipy="true">skyq/Backgrounds/line-h.png</texture>
							</control>
							<control type="image">
								<top>33</top>
								<left>180</left>
								<width>100</width>
								<height>140</height>
								<aspectratio>keep</aspectratio>
								<fadetime>400</fadetime>
								<texture>http://localhost:52307/getpvrthumb&amp;title=$INFO[Container(50).ListItem.Title]&amp;channel=$INFO[Container(50).ListItem.ChannelName]&amp;type=poster</texture>
							</control>
							<control type="image">
								<top>33</top>
								<left>180</left>
								<width>100</width>
								<height>140</height>
								<aspectratio>keep</aspectratio>
								<fadetime>400</fadetime>
								<texture>$INFO[Window(Home).Property(SkinHelper.PVR.Poster)]</texture>
							</control>
							<control type="image">
								<top>54</top>
								<left>20</left>
								<width>100</width>
								<height>60</height>
								<aspectratio>keep</aspectratio>
								<fadetime>400</fadetime>
								<texture>$INFO[Window(Home).Property(SkinHelper.PVR.ClearLogo)]</texture>
								<visible>!IsEmpty(Window(Home).Property(SkinHelper.PVR.ClearLogo))</visible>
							</control>
							<control type="image">
								<top>54</top>
								<left>20</left>
								<width>100</width>
								<height>60</height>
								<aspectratio>keep</aspectratio>
								<fadetime>400</fadetime>
								<texture>$INFO[Container(50).ListItem.Icon]</texture>
								<visible>IsEmpty(Window(Home).Property(SkinHelper.PVR.ClearLogo))</visible>
							</control>
							<control type="label">
								<top>120</top>
								<left>20</left>
								<width>300</width>
								<height>30</height>
								<font>sky24</font>
								<align>left</align>
								<label>$INFO[Container(50).ListItem.Duration]</label>
								<!--<label>$INFO[ListItem.StartTime,, - ]$INFO[ListItem.EndTime]$INFO[ListItem.Title,  [COLOR grey],[/COLOR]]$INFO[ListItem.Genre,      $LOCALIZE[515] : [COLOR grey],[/COLOR]]</label> -->
							</control>
							<control type="label">
								<top>150</top>
								<left>20</left>
								<width>300</width>
								<height>30</height>
								<font>sky20</font>
								<align>left</align>
								<label>$INFO[Container(50).ListItem.StartTime]$INFO[Container(50).ListItem.EndTime, - ,]</label>
								<!--<label>$INFO[ListItem.StartTime,, - ]$INFO[ListItem.EndTime]$INFO[ListItem.Title,  [COLOR grey],[/COLOR]]$INFO[ListItem.Genre,      $LOCALIZE[515] : [COLOR grey],[/COLOR]]</label> -->
							</control>
						</control>
					</control>
				</control>
			</control>
			<control type="group">
				<left>1360</left>
				<top>310</top>
				<visible>Control.IsVisible(50)</visible>
				<include>Visible_Right</include>

				<control type="image">
					<top>-23</top>
					<left>0</left>
					<width>540</width>
					<height>95</height>
					<aspectratio>keep</aspectratio>
					<fadetime>400</fadetime>
					<texture>$INFO[Window(Home).Property(SkinHelper.PVR.Banner)]</texture>
				</control>

				<control type="image">
					<top>80</top>
					<left>0</left>
					<width>540</width>
					<height>290</height>
					<aspectratio>keep</aspectratio>
					<fadetime>400</fadetime>
					<texture fallback="special://skin/extras/home-images/channels.jpg">$INFO[Window(Home).Property(SkinHelper.PVR.Fanart)]</texture>
					<visible>IsEmpty(Window(Home).Property(SkinHelper.PVR.ExtraFanArt))</visible>
				</control>

				<control type="multiimage">
					<top>80</top>
					<left>0</left>
					<width>540</width>
					<height>290</height>
					<aspectratio>keep</aspectratio>
					<timeperimage>3000</timeperimage>
					<fadetime>400</fadetime>
					<imagepath>$INFO[Window(Home).Property(SkinHelper.PVR.ExtraFanArt)]</imagepath>
				</control>
				<control type="image">
					<top>80</top>
					<left>0</left>
					<width>540</width>
					<height>290</height>
					<aspectratio>keep</aspectratio>
					<fadetime>400</fadetime>
					<texture>http://localhost:52307/getpvrthumb&amp;title=$INFO[Container(50).ListItem.Title]&amp;channel=$INFO[Container(50).ListItem.ChannelName]&amp;type=fanart,thumb</texture>
					<visible>IsEmpty(Window(Home).Property(SkinHelper.PVR.ExtraFanArt))</visible>
				</control>

				<control type="textbox">
					<top>380</top>
					<left>20</left>
					<width>520</width>
					<height>280</height>
					<label>[COLOR="$VAR[ColourFocus]"]$INFO[Container(50).ListItem.Genre,,[CR]][/COLOR]$INFO[Window(Home).Property(SkinHelper.PVR.Plot)]</label>
					<autoscroll delay="10000" time="3000" repeat="10000"/>
					<font>sky28</font>
				</control>

				<control type="image">
					<left>20</left>
					<top>700</top>
					<height>1</height>
					<width>500</width>
					<texture>skyq/Backgrounds/line-h.png</texture>
				</control>

				<control type="label">
					<left>20</left>
					<top>710</top>
					<height>40</height>
					<font>sky28</font>
					<label>$INFO[Container(50).ListItem.NextStartTime]$INFO[Container(50).ListItem.NextEndTime, - ,]$INFO[Container(50).ListItem.NextTitle,   ,]</label>
				</control>

			</control>
			<include>MediaMenuMouseOverlay</include>
			<control type="group">
				<include>MediaMenuCommon</include>
				<include>PVRSideBar</include>
			</control>
			<include content="TopBar">
				<param name="breadcrumbs_label" value="TV$INFO[Control.GetLabel(29), / ]$INFO[Control.GetLabel(30), / ]" />
				<param name="breadcrumbs_icon" value="icons/settings/tvremote.png" />
			</include>
			<include>BottomBar</include>
		</control>
		<control type="label" id="29">
			<font>-</font>
			<include>HiddenObject</include>
		</control>
		<control type="label" id="30">
			<font>-</font>
			<include>HiddenObject</include>
		</control>
	</controls>
</window>
