<?xml version="1.0" encoding="UTF-8"?>
<window>
	<defaultcontrol always="true">10</defaultcontrol>
	<backgroundcolor>background</backgroundcolor>
	<views>10,11,12,13</views>
	<menucontrol>9000</menucontrol>
	<controls>
		<control type="image">
			<depth>DepthBackground</depth>
			<include>FullScreenDimensions</include>
			<aspectratio>scale</aspectratio>
			<animation effect="fade" start="100" end="bg_alpha" time="0" condition="Player.HasMedia + String.IsEmpty(Window(videolibrary).Property(PlayingBackgroundMedia))">Conditional</animation>
			<animation effect="fade" start="0" end="100" time="300" condition="Window.Previous(fullscreenvideo) | Window.Previous(startup)">WindowOpen</animation>
			<texture>skyq/Backgrounds/full.png</texture>
		</control>
		<control type="label">
			<top>70</top>
			<width>480</width>
			<align>center</align>
			<height>55</height>
			<font>skybold55</font>
			<label>$LOCALIZE[19069]</label>
		</control>
		<control type="group" id="50">
			<animation effect="fade" start="100" end="0" time="200" tween="sine" condition="$EXP[infodialog_active]">Conditional</animation>
			<control type="group">
				<description>Guide Timeline</description>
				<visible>Control.IsVisible(10)</visible>
				<include>OpenClose_Right</include>
				<include>Visible_Right</include>
				<top>100</top>
				<left>500</left>
				<control type="epggrid" id="10">
					<left>0</left>
					<top>175</top>
					<width>1460</width>
					<height>810</height>
					<pagecontrol>10</pagecontrol>
					<scrolltime tween="quadratic" easing="out">200</scrolltime>
					<timeblocks>36</timeblocks>
					<rulerunit>6</rulerunit>
					<onleft>9000</onleft>
					<onup>10</onup>
					<ondown>10</ondown>
					<viewtype label="19032">list</viewtype>
					<progresstexture border="0,60,18,14" colordiffuse="$VAR[ColourFocus]">windows/pvr/epg_progress.png</progresstexture>
					<rulerlayout height="45" width="1400">
						<control type="label">
							<left>-3</left>
							<width>610</width>
							<height>45</height>
							<font>sky25</font>
							<label>$INFO[ListItem.Label]</label>
							<textoffsetx>4</textoffsetx>
						</control>
					</rulerlayout>
					<channellayout height="84" width="330">
						<control type="image">
							<top>1</top>
							<width>330</width>
							<height>1</height>
							<texture>skyq/Backgrounds/line-h.png</texture>
						</control>
						<control type="image">
							<top>82</top>
							<width>330</width>
							<height>1</height>
							<texture>skyq/Backgrounds/line-h.png</texture>
						</control>

						<control type="image">
							<width>1</width>
							<top>1</top>
							<height>82</height>
							<texture flipy="true">skyq/Backgrounds/line-h.png</texture>
						</control>
						<control type="image">
							<left>329</left>
							<width>1</width>
							<height>82</height>
							<texture flipy="true">skyq/Backgrounds/line-h.png</texture>
						</control>
						<control type="label">
							<right>2</right>
							<top>-2</top>
							<width>65</width>
							<height>84</height>
							<font>sky33</font>
							<label>$INFO[ListItem.ChannelNumber]</label>
							<align>center</align>
							<aligny>center</aligny>
						</control>
						<control type="label" id="1">
							<left>5</left>
							<top>-2</top>
							<width>255</width>
							<align>right</align>
							<height>84</height>
							<font>sky33</font>
							<label>$INFO[ListItem.ChannelName]</label>
							<aligny>center</aligny>
							<textoffsetx>10</textoffsetx>
						</control>
					</channellayout>
					<focusedchannellayout height="84" width="330">
						<control type="image">
							<top>1</top>
							<width>330</width>
							<height>1</height>
							<texture>skyq/Backgrounds/line-h.png</texture>
						</control>
						<control type="image">
							<top>82</top>
							<width>330</width>
							<height>1</height>
							<texture>skyq/Backgrounds/line-h.png</texture>
						</control>

						<control type="image">
							<width>1</width>
							<top>1</top>
							<height>82</height>
							<texture flipy="true">skyq/Backgrounds/line-h.png</texture>
						</control>
						<control type="image">
							<left>329</left>
							<width>1</width>
							<height>82</height>
							<texture flipy="true">skyq/Backgrounds/line-h.png</texture>
						</control>
						<control type="label">
							<right>2</right>
							<top>-2</top>
							<width>65</width>
							<height>84</height>
							<font>sky33</font>
							<label>$INFO[ListItem.ChannelNumber]</label>
							<textcolor>$VAR[ColourFocus]</textcolor>
							<align>center</align>
							<aligny>center</aligny>
						</control>
						<control type="label" id="1">
							<left>5</left>
							<top>-2</top>
							<width>255</width>
							<height>84</height>
							<font>sky33</font>
							<align>right</align>
							<label>$INFO[ListItem.ChannelName]</label>
							<scroll>yes</scroll>
							<textcolor>$VAR[ColourFocus]</textcolor>
							<aligny>center</aligny>
							<textoffsetx>10</textoffsetx>
						</control>
					</focusedchannellayout>
					<itemlayout height="84">
						<control type="image" id="2">
							<width>58</width>
							<height>84</height>
							<texture border="3" fallback="windows/pvr/epg-genres/0.png">$INFO[ListItem.Property(GenreType),windows/pvr/epg-genres/,.png]</texture>
							<visible>Skin.HasSetting(epgshow.genres)</visible>
						</control>

						<control type="image">
							<top>1</top>
							<width min="50">auto</width>
							<height>1</height>
							<texture>skyq/Backgrounds/line-h.png</texture>
							<visible>!Skin.HasSetting(epgshow.genres)</visible>
						</control>


						<control type="image">
							<width>1</width>
							<top>1</top>
							<height>82</height>
							<texture flipy="true">skyq/Backgrounds/line-h.png</texture>
							<visible>!Skin.HasSetting(epgshow.genres)</visible>
						</control>

						<control type="label" id="1">
							<left>6</left>
							<top>0</top>
							<width min="50">auto</width>
							<height>84</height>
							<aligny>center</aligny>
							<font>sky28</font>
							<label>$INFO[ListItem.Label]</label>
						</control>
						<control type="image">
							<left>6</left>
							<top>6</top>
							<width>20</width>
							<height>20</height>
							<texture>$VAR[PVRTimerIcon]</texture>
						</control>
					</itemlayout>
					<focusedlayout height="84" width="50">
						<control type="image" id="2">
							<top>5</top>
							<left>4</left>
							<width>50</width>
							<height>74</height>
							<texture colordiffuse="$VAR[ColourFocus]">lists/focus.png</texture>
							<animation effect="fade" start="100" end="50" time="0" condition="true">Conditional</animation>
							<visible>!Skin.HasSetting(epgshow.genres)</visible>
						</control>
						<control type="image" id="2">
							<top>5</top>
							<left>4</left>
							<width>50</width>
							<height>74</height>
							<texture border="3" fallback="windows/pvr/epg-genres/0.png">$INFO[ListItem.Property(GenreType),windows/pvr/epg-genres/,.png]</texture>
							<visible>!Control.HasFocus(10)</visible>
							<visible>Skin.HasSetting(epgshow.genres)</visible>
						</control>
						<control type="label" id="1">
							<left>6</left>
							<top>0</top>
							<width>50</width>
							<height>84</height>
							<aligny>center</aligny>
							<font>sky28</font>
							<label>$INFO[ListItem.Label]</label>
						</control>
						<control type="image">
							<left>6</left>
							<top>6</top>
							<width>20</width>
							<height>20</height>
							<texture>$VAR[PVRTimerIcon]</texture>
						</control>
					</focusedlayout>
				</control>
				<control type="group">
					<top>295</top>
					<left>-499</left>
					<control type="image" id="45678">
						<width>480</width>
						<height>290</height>
						<texture fallback="empty.png" background="true">http://localhost:52307/getpvrthumb&amp;title=$INFO[ListItem.Title]&amp;channel=$INFO[ListItem.ChannelName]&amp;type=landscape,fanart,thumb</texture>
						<aspectratio>keep</aspectratio>
						<visible>!Player.HasVideo</visible>
					</control>
					<control type="videowindow">
						<width>480</width>
						<height>290</height>
						<visible>Player.HasVideo</visible>
					</control>
					<control type="image">
						<width>480</width>
						<height>290</height>
						<aspectratio>keep</aspectratio>
						<fadetime>400</fadetime>
						<texture fallback="special://skin/extras/home-images/tv.jpg">$INFO[Container(10).ListItem.Icon]</texture>
						<visible>!Player.HasVideo + Substring(Control.GetLabel(45678),empty.png)</visible>
					</control>
				</control>
				<control type="group">
					<control type="group">
						<top>-20</top>
						<control type="group">
							<control type="label">
								<width>1040</width>
								<height>40</height>
								<align>left</align>
								<font>sky40</font>
								<label>$INFO[ListItem.Title]</label>
								<!--<label>$INFO[ListItem.StartTime,, - ]$INFO[ListItem.EndTime]$INFO[ListItem.Title,  [COLOR grey],[/COLOR]]$INFO[ListItem.Genre,      $LOCALIZE[515] : [COLOR grey],[/COLOR]]</label> -->
							</control>
							<control type="textbox">
								<top>51</top>
								<width>1040</width>
								<height>140</height>
								<align>left</align>
								<font>sky25</font>
								<label>$INFO[ListItem.Plot]</label>
								<autoscroll delay="10000" time="3000" repeat="10000"/>
							</control>
						</control>
					</control>
					<control type="group">
						<visible>!IsEmpty(Container(10).ListItem.Date)</visible>
						<top>-20</top>
						<left>1050</left>
						<control type="group">
							<control type="image">
								<width>1</width>
								<top>51</top>
								<height>130</height>
								<texture flipy="true">skyq/Backgrounds/line-h.png</texture>
							</control>
							<control type="image">
								<top>33</top>
								<left>180</left>
								<width>100</width>
								<height>140</height>
								<aspectratio>keep</aspectratio>
								<fadetime>400</fadetime>
								<texture>http://localhost:52307/getpvrthumb&amp;title=$INFO[Container(10).ListItem.Title]&amp;channel=$INFO[Container(10).ListItem.ChannelName]&amp;type=poster</texture>
							</control>
							<control type="image">
								<top>33</top>
								<left>180</left>
								<width>100</width>
								<height>140</height>
								<aspectratio>keep</aspectratio>
								<fadetime>400</fadetime>
								<texture>$INFO[Window(Home).Property(SkinHelper.PVR.Poster)]</texture>
							</control>
							<control type="image">
								<top>54</top>
								<left>20</left>
								<width>100</width>
								<height>60</height>
								<aspectratio>keep</aspectratio>
								<fadetime>400</fadetime>
								<texture>$INFO[Window(Home).Property(SkinHelper.PVR.ClearLogo)]</texture>
								<visible>!IsEmpty(Window(Home).Property(SkinHelper.PVR.ClearLogo))</visible>
							</control>
							<control type="image">
								<top>54</top>
								<left>20</left>
								<width>100</width>
								<height>60</height>
								<aspectratio>keep</aspectratio>
								<fadetime>400</fadetime>
								<texture>$INFO[Container(10).ListItem.Icon]</texture>
								<visible>IsEmpty(Window(Home).Property(SkinHelper.PVR.ClearLogo))</visible>
							</control>
							<control type="label">
								<top>120</top>
								<left>20</left>
								<width>300</width>
								<height>30</height>
								<font>sky24</font>
								<align>left</align>
								<label>$INFO[Container(10).ListItem.Duration]</label>
								<!--<label>$INFO[ListItem.StartTime,, - ]$INFO[ListItem.EndTime]$INFO[ListItem.Title,  [COLOR grey],[/COLOR]]$INFO[ListItem.Genre,      $LOCALIZE[515] : [COLOR grey],[/COLOR]]</label> -->
							</control>
							<control type="label">
								<top>150</top>
								<left>20</left>
								<width>300</width>
								<height>30</height>
								<font>sky20</font>
								<align>left</align>
								<label>$INFO[Container(10).ListItem.StartTime]$INFO[Container(10).ListItem.EndTime, - ,]</label>
								<!--<label>$INFO[ListItem.StartTime,, - ]$INFO[ListItem.EndTime]$INFO[ListItem.Title,  [COLOR grey],[/COLOR]]$INFO[ListItem.Genre,      $LOCALIZE[515] : [COLOR grey],[/COLOR]]</label> -->
							</control>
						</control>
					</control>
				</control>
			</control>
			<include content="PVRGuideListViewtype">
				<param name="container_id" value="11" />
				<param name="container_name" value="19030" />
			</include>
			<include content="PVRGuideListViewtype">
				<param name="container_id" value="12" />
				<param name="container_name" value="19031" />
			</include>
			<control type="group">
				<description>TV Guide Channel</description>
				<visible>Control.IsVisible(13)</visible>
				<include>Visible_Left</include>
				<include>OpenClose_Left</include>
				<top>30</top>
				<control type="group">
					<left>80</left>
					<top>150</top>
					<control type="image">
						<left>-20</left>
						<top>-20</top>
						<width>1130</width>
						<height>746</height>
						<texture border="22">dialogs/dialog-bg.png</texture>
					</control>
					<control type="list" id="13">
						<top>0</top>
						<width>1740</width>
						<height>700</height>
						<onup>13</onup>
						<ondown>13</ondown>
						<onleft>9000</onleft>
						<onright>75</onright>
						<viewtype label="19029">list</viewtype>
						<pagecontrol>75</pagecontrol>
						<scrolltime>200</scrolltime>
						<itemlayout height="58">
							<control type="image">
								<left>0</left>
								<width>1090</width>
								<height>58</height>
								<texture border="10">lists/separator.png</texture>
							</control>
							<control type="label">
								<left>20</left>
								<width>350</width>
								<height>58</height>
								<label>$INFO[ListItem.StartTime,, - ]$INFO[ListItem.EndTime]</label>
								<font>font12</font>
								<aligny>center</aligny>
							</control>
							<control type="label">
								<left>378</left>
								<width>825</width>
								<height>58</height>
								<textcolor>$VAR[ColourFocus]</textcolor>
								<aligny>center</aligny>
								<label>$INFO[ListItem.Label]</label>
							</control>
							<control type="image">
								<left>1000</left>
								<top>15</top>
								<width>35</width>
								<height>35</height>
								<texture>$VAR[PVRStatusImageVar]</texture>
							</control>
						</itemlayout>
						<focusedlayout height="58">
							<control type="image">
								<left>0</left>
								<width>1090</width>
								<height>58</height>
								<texture border="10">lists/separator.png</texture>
								<visible>!Control.HasFocus(13)</visible>
							</control>
							<control type="image">
								<left>0</left>
								<width>1090</width>
								<height>58</height>
								<texture colordiffuse="$VAR[ColourFocus]">lists/focus.png</texture>
								<visible>Control.HasFocus(13)</visible>
							</control>
							<control type="label">
								<left>20</left>
								<width>350</width>
								<height>58</height>
								<label>$INFO[ListItem.StartTime,, - ]$INFO[ListItem.EndTime]</label>
								<aligny>center</aligny>
								<font>font12</font>
							</control>
							<control type="label">
								<left>378</left>
								<width>825</width>
								<height>58</height>
								<aligny>center</aligny>
								<label>$INFO[ListItem.Label]</label>
							</control>
							<control type="image">
								<left>1000</left>
								<top>15</top>
								<width>35</width>
								<height>35</height>
								<texture>$VAR[PVRStatusImageVar]</texture>
							</control>
						</focusedlayout>
					</control>
					<control type="scrollbar" id="75">
						<left>1095</left>
						<top>5</top>
						<width>12</width>
						<height>700</height>
						<onleft>13</onleft>
						<onright>13</onright>
					</control>
				</control>
			</control>
			<control type="group">
				<left>1220</left>
				<top>150</top>
				<visible>!String.IsEmpty(ListItem.ChannelName)</visible>
				<visible>Control.IsVisible(13)</visible>
				<include>Visible_Right</include>
				<include>OpenClose_Right</include>
				<include content="PVRInfoPanel">
					<param name="bottom_label1" value="[COLOR =$VAR[ColourFocus]]$LOCALIZE[19031]:[/COLOR]$INFO[ListItem.NextTitle, ]" />
					<param name="bottom_label2" value="$INFO[ListItem.NextStartTime]" />
				</include>
			</control>
			<control type="group">
				<include>MediaMenuCommon</include>
				<include content="PVRSideBar">
					<param name="group_label2" value="$INFO[Control.GetLabel(30)]" />
				</include>
			</control>
			<include content="TopBar">
				<param name="breadcrumbs_label" value="$INFO[Control.GetLabel(29)] - $INFO[Control.GetLabel(30)]" />
				<param name="breadcrumbs_icon" value="icons/settings/tvguide.png" />
			</include>
			<include content="BottomBar">
				<param name="PageLabel" value="$INFO[Container.NumItems,$LOCALIZE[19019] : ]" />
			</include>
		</control>
		<control type="label" id="29">
			<font>-</font>
			<include>HiddenObject</include>
		</control>
		<control type="label" id="30">
			<font>-</font>
			<include>HiddenObject</include>
		</control>
	</controls>
</window>
