<?xml version='1.0' encoding='UTF-8'?>
<shortcuts>

    <shortcut>
        <label>342</label>
        <label2>$INFO[Window(home).Property(Movies.watched)]$INFO[Window(home).Property(Movies.Count), / ]</label2>
        <defaultID>movies</defaultID>
        <icon>icons/sidemenu/movies.png</icon>
        <action>ActivateWindow(1111)</action>
    </shortcut>
    <shortcut>
        <label>20343</label>
        <label2>$INFO[Window(home).Property(Episodes.watched)]$INFO[Window(home).Property(Episodes.Count), / ]</label2>
        <defaultID>tvshows</defaultID>
        <icon>icons/sidemenu/tv.png</icon>
        <action>ActivateWindow(1112)</action>
    </shortcut>
    <shortcut>
        <label>2</label>
        <label2>$INFO[Window(Home).Property(Music.AlbumsCount)]$INFO[Window(home).Property(Music.SongsCount), / ]</label2>
        <defaultID>music</defaultID>
        <icon>icons/sidemenu/music.png</icon>
        <action>ActivateWindow(Music,Artists,return)</action>
    </shortcut>
    <shortcut>
        <label>20389</label>
        <label2></label2>
        <defaultID>musicvideo</defaultID>
        <icon>icons/sidemenu/musicvideos.png</icon>
        <action>ActivateWindow(Videos,MusicVideoTitles,return)</action>
    </shortcut>
    <shortcut>
        <label>19020</label>
        <label2>$INFO[Pvr.BackendChannels]</label2>
        <defaultID>livetv</defaultID>
        <icon>icons/sidemenu/livetv.png</icon>
        <action>ActivateWindow(TVChannels,return)</action>
    </shortcut>
    <shortcut>
        <label>19021</label>
        <label2></label2>
        <defaultID>radio</defaultID>
        <icon>icons/sidemenu/radio.png</icon>
        <action>ActivateWindow(RadioChannels,return)</action>
    </shortcut>

    <shortcut>
        <label>15016</label>
        <label2></label2>
        <defaultID>games</defaultID>
        <icon>icons/sidemenu/games.png</icon>
        <action>ActivateWindow(Games)</action>
        <visible>System.GetBool(gamesgeneral.enable)</visible>
    </shortcut>
    <shortcut>
        <label>24001</label>
        <label2></label2>
        <defaultID>addons</defaultID>
        <icon>icons/sidemenu/addons.png</icon>
        <action>ActivateWindow(1100)</action>
    </shortcut>
    <shortcut>
        <label>1</label>
        <label2>$INFO[Window(Home).Property(SkinHelper.TotalPicturesAddons)]</label2>
        <defaultID>pictures</defaultID>
        <icon>icons/sidemenu/pictures.png</icon>
        <action>ActivateWindow(Pictures,return)</action>
    </shortcut>
    <shortcut>
        <label>3</label>
        <label2></label2>
        <defaultID>videos</defaultID>
        <icon>icons/sidemenu/videos.png</icon>
        <action>ActivateWindow(Videos,VideoLibrary)</action>
    </shortcut>
    <shortcut>
        <label>10134</label>
        <label2></label2>
        <defaultID>favorites</defaultID>
        <icon>icons/sidemenu/favourites.png</icon>
        <action>ActivateWindow(favourites)</action>
    </shortcut>

    <shortcut>
        <label>8</label>
        <label2>$INFO[Weather.Temperature,[COLOR=white],[/COLOR]]$INFO[Weather.Conditions, ,]</label2>
        <defaultID>weather</defaultID>
        <icon>icons/sidemenu/weather.png</icon>
        <action>ActivateWindow(Weather)</action>
    </shortcut>
</shortcuts>
