<?xml version="1.0" encoding="UTF-8"?>
<window>
	<depth>DepthOSD</depth>
	<defaultcontrol always="true">5553</defaultcontrol>
	<controls>
		<control type="button">
			<description>background close area</description>
			<left>0</left>
			<top>0</top>
			<width>100%</width>
			<bottom>280</bottom>
			<texturefocus />
			<texturenofocus />
			<onclick>Action(close)</onclick>
		</control>
		<control type="group">
			<bottom>0</bottom>
			<height>230</height>
			<visible>!Window.IsVisible(playerprocessinfo)</visible>
			<animation effect="fade" time="200">VisibleChange</animation>
			<control type="image">
				<depth>DepthOSD+</depth>
				<left>10</left>
				<top>-490</top>
				<width>400</width>
				<height>600</height>
				<aspectratio aligny="bottom">keep</aspectratio>
				<texture fallback="DefaultVideo.png" background="true">$VAR[NowPlayingPosterVar]</texture>
				<bordertexture border="21">overlays/shadow.png</bordertexture>
				<bordersize>20</bordersize>
				<include>OpenClose_Left</include>
			</control>
			<control type="group">
				<include>OpenClose_Right</include>
				<control type="image">
					<left>400</left>
					<top>-240</top>
					<right>20</right>
					<height>350</height>
					<texture>dialogs/dialog-bg-nobo.png</texture>
					<bordertexture border="21">overlays/shadow.png</bordertexture>
					<bordersize>20</bordersize>
				</control>
				<control type="textbox">
					<left>443</left>
					<top>-207</top>
					<right>80</right>
					<height>290</height>
					<label fallback="416">$VAR[FullScreenInfoTextBoxVar]</label>
					<align>justify</align>
					<autoscroll delay="5000" repeat="7500" time="5000"></autoscroll>
					<visible>!Control.HasFocus(5554) + !Control.HasFocus(518996)</visible>
				</control>
				<control type="group">
					<visible>[!VideoPlayer.Content(LiveTV) + Control.HasFocus(5554)] | Control.HasFocus(518996)</visible>
					<left>443</left>
					<top>-207</top>
					<right>80</right>
					<height>290</height>
					<control type="group">
						<control id="518996" type="wraplist">
							<top>6</top>
							<height>280</height>
							<width>1387</width>
							<onup>5554</onup>
							<ondown>5554</ondown>
							<onback>5554</onback>
							<preloaditems>1</preloaditems>
							<focusposition>0</focusposition>
							<autoscroll time="4000">!Control.HasFocus(518996)</autoscroll>
							<viewtype label="osdcast2">list</viewtype>
							<orientation>horizontal</orientation>
							<scrolltime easing="inout" tween="sine">300</scrolltime>
							<itemlayout height="270" width="173.375">
								<control type="group">
									<animation effect="zoom" end="95" start="100" time="200" center="auto" condition="!Control.HasFocus(518996)">Conditional</animation>
									<animation effect="zoom" end="85" start="100" time="200" center="auto" condition="Control.HasFocus(518996)">Conditional</animation>
									<control type="label">
										<left>0</left>
										<top>5</top>
										<right>0</right>
										<bottom>5</bottom>
										<height>270</height>
										<aligny>center</aligny>
										<align>center</align>
										<font>symbolbiggest</font>
										<label></label>
										<fadetime>300</fadetime>
									</control>
									<control type="image">
										<left>0</left>
										<top>5</top>
										<right>0</right>
										<bottom>5</bottom>
										<aspectratio align="center" aligny="top">scale</aspectratio>
										<texture diffuse="diffuse/roundedposter.png" background="true">$INFO[ListItem.Icon]</texture>
										<bordertexture border="9">overlays/shadow.png</bordertexture>
										<bordersize>10</bordersize>
									</control>
									<control type="image">
										<left>0</left>
										<top>5</top>
										<right>0</right>
										<bottom>5</bottom>
										<texture colordiffuse="background">colors/white.png</texture>
										<animation effect="fade" end="45" start="45" time="0" condition="true">Conditional</animation>
									</control>
								</control>
							</itemlayout>
							<focusedlayout height="270" width="173.375">
								<control type="group">
									<control type="label">
										<left>0</left>
										<top>5</top>
										<right>0</right>
										<bottom>5</bottom>
										<height>270</height>
										<aligny>center</aligny>
										<align>center</align>
										<font>symbolbiggest</font>
										<label></label>
										<fadetime>300</fadetime>
									</control>
									<control type="image">
										<top>2</top>
										<left>-3</left>
										<width>179.375</width>
										<height>266</height>
										<bordertexture border="10">overlays/shadow.png</bordertexture>
										<bordersize>9</bordersize>
										<texture colordiffuse="primary" diffuse="diffuse/roundedposter.png" background="true">colors/grey.png</texture>
										<visible>Control.HasFocus(518996)</visible>
									</control>
									<control type="image">
										<left>0</left>
										<top>5</top>
										<right>0</right>
										<bottom>5</bottom>
										<aspectratio align="center" aligny="top">scale</aspectratio>
										<texture diffuse="diffuse/roundedposter.png" background="true">$INFO[ListItem.Icon]</texture>
										<bordertexture border="11">overlays/shadow.png</bordertexture>
										<bordersize>10</bordersize>
									</control>
								</control>
							</focusedlayout>
							<content target="video">$VAR[DefOSDCast]</content>
						</control>

						<control type="label">
							<left>0</left>
							<top>-16</top>
							<width>500</width>
							<font>font_cast</font>
							<align>left</align>
							<height>24</height>
							<textcolor>ffffffff</textcolor>
							<label>$INFO[Container(518996).ListItem.Label]</label>
							<visible>!Control.HasFocus(518996)</visible>
						</control>
						<control type="label">
							<left>0</left>
							<top>-16</top>
							<width>500</width>
							<font>font_cast</font>
							<align>left</align>
							<height>24</height>
							<textcolor>secondary</textcolor>
							<label>$INFO[Container(518996).ListItem.Label]</label>
							<visible>Control.HasFocus(518996)</visible>
						</control>
						<control type="label">
							<left>0</left>
							<top>264</top>
							<width>500</width>
							<font>font_cast</font>
							<textcolor>ffffffff</textcolor>
							<align>left</align>
							<aligny>bottom</aligny>
							<height>24</height>
							<label>$INFO[Container(518996).ListItem.Label2, $LOCALIZE[20347] ]</label>
						</control>
					</control>
				</control>
				<control type="grouplist" id="5550">
					<right>20</right>
					<top>-310</top>
					<width>1000</width>
					<height>100</height>
					<align>right</align>
					<orientation>horizontal</orientation>
					<itemgap>-10</itemgap>
					<onup>Close</onup>
					<ondown condition="!Control.HasFocus(5554) | [Control.HasFocus(5554) + !Integer.IsGreater(Container(518996).NumItems,0)]">Close</ondown>
					<ondown condition="Control.HasFocus(5554) + Integer.IsGreater(Container(518996).NumItems,0)">518996</ondown>
					<usecontrolcoords>true</usecontrolcoords>
					<control type="button" id="5553">
						<width>auto</width>
						<height>100</height>
						<textoffsetx>80</textoffsetx>
						<label>$LOCALIZE[207]</label>
					</control>
					<control type="button" id="5554">
						<width>auto</width>
						<height>100</height>
						<textoffsetx>80</textoffsetx>
						<onclick>Close</onclick>
						<label>$LOCALIZE[206]</label>
						<visible>!String.IsEmpty(VideoPlayer.CastAndRole)</visible>
					</control>
					<control type="button" id="5555">
						<width>auto</width>
						<height>100</height>
						<textoffsetx>80</textoffsetx>
						<label>$LOCALIZE[19031]</label>
						<visible>VideoPlayer.Content(livetv)</visible>
					</control>
				</control>
			</control>
			<control type="grouplist">
				<right>20</right>
				<top>155</top>
				<width>1000</width>
				<height>100</height>
				<align>right</align>
				<include>Animation_BottomSlide</include>
				<orientation>horizontal</orientation>
				<itemgap>10</itemgap>
				<visible>!Player.ChannelPreviewActive</visible>
				<include content="MediaFlag">
					<param name="texture" value="$INFO[VideoPlayer.AudioChannels,flags/audiochannel/,.png]" />
				</include>
				<include content="MediaFlag">
					<param name="texture" value="$INFO[VideoPlayer.AudioCodec,flags/audiocodec/,.png]" />
				</include>
				<include content="MediaFlag">
					<param name="texture" value="$INFO[VideoPlayer.VideoAspect,flags/aspectratio/,.png]" />
				</include>
				<include content="MediaFlag">
					<param name="texture" value="$INFO[VideoPlayer.VideoCodec,flags/videocodec/,.png]" />
				</include>
			</control>
		</control>
	</controls>
</window>
