<?xml version="1.0" encoding="UTF-8"?>
<includes>
	<include name="View_502_FanArt">
		<include content="UpDownArrows">
			<param name="container_id" value="502" />
			<param name="visible" value="!System.HasModalDialog" />
		</include>
		<control type="group">
			<description>Fanart Viewtype</description>
			<left>90</left>
			<top>167</top>
			<control type="group">
				<include>OpenClose_Right</include>
				<visible>Control.IsVisible(502)</visible>
				<include>Visible_Right</include>
				<control type="image">
					<left>720</left>
					<top>-1</top>
					<width>1046</width>
					<height>737</height>
					<texture border="22">dialogs/dialog-bg.png</texture>
				</control>
				<control type="image">
					<left>747</left>
					<top>26</top>
					<width>992</width>
					<height>558</height>
					<fadetime>300</fadetime>
					<texture border="2" fallback="DefaultVideo.png" background="true">$VAR[FanartImageVar502]</texture>
					<aspectratio align="center" aligny="bottom">keep</aspectratio>
				</control>
				<control type="group">
					<left>1680</left>
					<top>30</top>
					<include>UserRatingCircle</include>
				</control>
				<control type="image">
					<left>747</left>
					<top>445</top>
					<width>992</width>
					<height>121</height>
					<texture colordiffuse="$INFO[Window(home).Property(ArtInfo.ImageColor)]" background="true" flipy="true">$INFO[Window(home).Property(ArtInfo.ImageFilter)]</texture>
					<animation effect="slide" end="0,140" time="0" tween="cubic" easing="out" condition="!IntegerGreaterThan(Container(518995).NumItems,0)">Conditional</animation>
					<animation effect="slide" end="0,140" time="0" tween="cubic" easing="out" condition="IntegerGreaterThan(Container(518995).NumItems,0) + !System.IdleTime(5)">Conditional</animation>
				</control>
				<control type="textbox">
					<left>757</left>
					<top>445</top>
					<width>972</width>
					<height>121</height>
					<font>font12</font>
					<autoscroll delay="10000" time="4000" repeat="10000"/>
					<label>$VAR[Plot]</label>
					<animation effect="slide" end="0,140" time="0" tween="cubic" easing="out" condition="!IntegerGreaterThan(Container(518995).NumItems,0)">Conditional</animation>
					<animation effect="slide" end="0,140" time="0" tween="cubic" easing="out" condition="IntegerGreaterThan(Container(518995).NumItems,0) + !System.IdleTime(5)">Conditional</animation>

				</control>

				<control id="518995" type="wraplist">
					<left>747</left>
					<top>599</top>
					<width>992</width>
					<height>121</height>
					<onup>502</onup>
					<ondown>502</ondown>
					<onback>502</onback>
					<preloaditems>8</preloaditems>
					<focusposition>5</focusposition>
					<autoscroll time="3000">!Control.HasFocus(518995)</autoscroll>
					<viewtype label="osdcast2">list</viewtype>
					<orientation>horizontal</orientation>
					<scrolltime easing="inout" tween="sine">300</scrolltime>
					<visible>System.IdleTime(5)</visible>
					<itemlayout height="110" width="90.18">
						<control type="group">
							<animation effect="zoom" end="85" start="100" time="200" center="auto" condition="Control.HasFocus(518995)">Conditional</animation>
							<control type="label">
								<left>0</left>
								<top>0</top>
								<right>0</right>
								<bottom>0</bottom>
								<height>110</height>
								<aligny>center</aligny>
								<align>center</align>
								<font>symbol70</font>
								<textcolor>subwhite</textcolor>
								<label></label>
								<fadetime>300</fadetime>
								<visible>IsEmpty(ListItem.Icon)</visible>
							</control>
							<control type="image">
								<left>0</left>
								<top>0</top>
								<right>0</right>
								<bottom>0</bottom>
								<aspectratio align="center" aligny="top">scale</aspectratio>
								<texture colordiffuse="subwhite" background="true">$INFO[ListItem.Icon]</texture>
							</control>
						</control>
					</itemlayout>
					<focusedlayout height="110" width="90.18">
						<control type="group">
							<control type="button">
								<texturefocus>-</texturefocus>
								<texturenofocus>-</texturenofocus>
								<onfocus>SetProperty(OSD_Cast_String,$INFO[ListItem.Label]$INFO[ListItem.Label2, $LOCALIZE[20347] ],home)</onfocus>
							</control>
							<control type="label">
								<left>0</left>
								<top>0</top>
								<right>0</right>
								<bottom>0</bottom>
								<height>110</height>
								<aligny>center</aligny>
								<align>center</align>
								<font>symbol70</font>
								<textcolor>white</textcolor>
								<label></label>
								<fadetime>300</fadetime>
								<visible>IsEmpty(ListItem.Icon)</visible>
							</control>
							<control type="image">
								<left>0</left>
								<top>0</top>
								<right>0</right>
								<bottom>0</bottom>
								<aspectratio align="center" aligny="top">scale</aspectratio>
								<texture background="true">$INFO[ListItem.Icon]</texture>
							</control>
						</control>
					</focusedlayout>
					<content target="video">$VAR[DefWidgetCast]</content>
				</control>
				<control type="image">
					<left>747</left>
					<top>565</top>
					<width>992</width>
					<height>31</height>
					<texture colordiffuse="$VAR[ColourFocus]">dialogs/white.png</texture>
					<visible>IntegerGreaterThan(Container(518995).NumItems,0)</visible>
					<visible>System.IdleTime(5)</visible>
				</control>
				<control type="label">
					<left>747</left>
					<top>567</top>
					<width>992</width>
					<align>center</align>
					<height>31</height>
					<font>font9</font>
					<textcolor>black</textcolor>
					<scroll>true</scroll>
					<label>$INFO[Container(518995).ListItem.Label]$INFO[Container(518995).ListItem.Label2, $LOCALIZE[20347] ]</label>
					<visible>IntegerGreaterThan(Container(518995).NumItems,0)</visible>
					<visible>System.IdleTime(5)</visible>
				</control>
			</control>
			<control type="group">
				<include>OpenClose_Left</include>
				<top>18</top>
				<visible>Control.IsVisible(502)</visible>
				<include>Visible_Left</include>
				<include content="ListContainerBanner">
					<param name="list_id" value="502" />
					<param name="viewtype_label" value="$LOCALIZE[20445]" />
				</include>
			</control>
		</control>
	</include>
</includes>
