<?xml version="1.0" encoding="UTF-8"?>
    <addon id="repository.im85288" name="IM85288 Repository" version="1.0.0" provider-name="im85288">
        <requires>
            <import addon="xbmc.addon" version="12.0.0"/>
        </requires>
        <extension point="xbmc.addon.repository" name="IM85288 Repository">
            <info compressed="false">https://raw.githubusercontent.com/im85288/repository.im85288/master/_repo/addons.xml</info>
            <checksum>https://raw.githubusercontent.com/im85288/repository.im85288/master/_repo/addons.xml.md5</checksum>
            <datadir zip="true">https://github.com/im85288/repository.im85288/raw/master/_repo</datadir>
            <hashes>false</hashes>
        </extension>
        <extension point="xbmc.addon.metadata">
            <summary lang="en">IM85288's addons repository</summary>
            <platform>all</platform>
    </extension>
</addon>