<?xml version="1.0" encoding="UTF-8"?>
<window>
	<defaultcontrol>11</defaultcontrol>
	<include>Animation_DialogPopupOpenClose</include>
	<depth>DepthOSD+</depth>
	<coordinates>
		<left>560</left>
		<top>100</top>
	</coordinates>
	<controls>
		<control type="image">
			<left>0</left>
			<top>-10</top>
			<width>800</width>
			<height>130</height>
			<texture border="12">dialogs/back.png</texture>
		</control>
		<control type="label" id="10">
			<description>Dialog header</description>
			<left>40</left>
			<top>10</top>
			<width>500</width>
			<height>20</height>
			<aligny>center</aligny>
			<font>font14</font>
			<textcolor>$VAR[ColourFocus]</textcolor>
		</control>
		<control type="label" id="12">
			<description>Slider Value</description>
			<left>0</left>
			<top>10</top>
			<width>760</width>
			<height>20</height>
			<align>right</align>
			<aligny>center</aligny>
			<font>font14</font>
		</control>
		<control type="slider" id="11">
			<description>Slider</description>
			<left>40</left>
			<top>65</top>
			<width>720</width>
			<height>28</height>
			<aligny>center</aligny>
			<onup>11</onup>
			<ondown>11</ondown>
			<onleft>11</onleft>
			<onright>11</onright>
		</control>
			<control type="image">
				<left>0</left>
				<top>65</top>
				<width>28</width>
				<height>28</height>
				<texture flipx="true" colordiffuse="$VAR[ColourFocus]">overlays/arrowright.png</texture>
				<animation effect="zoom" start="0,100" end="100,100" delay="500" center="auto" time="200">WindowOpen</animation>
				<animation effect="zoom" start="100,100" end="0,100" center="auto" time="200">WindowClose</animation>
			</control>
			<control type="image">
				<left>770</left>
				<top>65</top>
				<width>28</width>
				<height>28</height>
				<texture colordiffuse="$VAR[ColourFocus]">overlays/arrowright.png</texture>
				<animation effect="zoom" start="0,100" end="100,100" delay="500" center="auto" time="200">WindowOpen</animation>
				<animation effect="zoom" start="100,100" end="0,100" center="auto" time="200">WindowClose</animation>
			</control>
	</controls>
</window>
