<?xml version="1.0" encoding="UTF-8"?>
<window type="buttonMenu">
	<defaultcontrol>9000</defaultcontrol>
	<coordinates>
		<left>710</left>
		<top>213</top>
	</coordinates>
	<include>Animation_DialogPopupOpenClose</include>
	<controls>
		<include content="DialogBackgroundCommons1">
			<param name="DialogBackgroundWidth" value="500" />
			<param name="DialogBackgroundHeight" value="100" />
			<param name="DialogHeaderLabel" value="$LOCALIZE[31072]" />
			<param name="DialogHeaderId" value="2" />
		</include>
		<control type="image">
			<left>-20</left>
			<top>80</top>
			<width>540</width>
			<height>540</height>
			<texture border="22">dialogs/dialog-bg.png</texture>
		</control>
		<control type="list" id="9000">
			<left>0</left>
			<top>100</top>
			<width>500</width>
			<height>500</height>
			<onleft>9000</onleft>
			<onright>9000</onright>
			<onup>9000</onup>
			<ondown>9000</ondown>
			<itemlayout height="70">
				<control type="image">
					<left>0</left>
					<top>0</top>
					<width>500</width>
					<height>70</height>
					<texture>lists/separator.png</texture>
				</control>
				<control type="label">
					<left>74</left>
					<top>0</top>
					<width>426</width>
					<height>70</height>
					<align>left</align>
					<aligny>center</aligny>
					<font>font14</font>
					<label>$INFO[ListItem.Label]</label>
					<shadowcolor>text_shadow</shadowcolor>
				</control>
				<control type="image">
					<left>-3</left>
					<top>1</top>
					<width>70</width>
					<height>70</height>
					<texture>$INFO[ListItem.Icon]</texture>
				</control>
			</itemlayout>
			<focusedlayout height="70">
				<control type="image">
					<left>0</left>
					<top>0</top>
					<width>500</width>
					<height>70</height>
					<texture>lists/separator.png</texture>
				</control>
				<control type="image">
					<left>0</left>
					<top>0</top>
					<width>500</width>
					<height>70</height>
					<texture colordiffuse="$VAR[ColourFocus]">lists/focus.png</texture>
					<visible>Control.HasFocus(9000)</visible>
				</control>
				<control type="label">
					<left>74</left>
					<top>0</top>
					<width>426</width>
					<height>70</height>
					<align>left</align>
					<aligny>center</aligny>
					<scroll>yes</scroll>
					<font>font14</font>
					<label>$INFO[ListItem.Label]</label>
					<shadowcolor>text_shadow</shadowcolor>
				</control>
				<control type="image">
					<left>-3</left>
					<top>1</top>
					<width>70</width>
					<height>70</height>
					<texture>$INFO[ListItem.Icon]</texture>
				</control>
			</focusedlayout>
			<content>
				<include>skinshortcuts-group-powermenu</include>
			</content>
		</control>
	</controls>
</window>
