<?xml version="1.0" encoding="UTF-8"?>
<includes>
	<include file="Defaults.xml" />
	<include file="Includes_Home.xml" />
	<include file="Includes_Animations.xml" />
	<include file="Includes_MediaMenu.xml" />
	<include file="Includes_Buttons.xml" />
	<include file="Includes_PVR.xml" />
	<include file="View_50_List.xml" />
	<include file="View_51_Poster.xml" />
	<include file="View_52_IconWall.xml" />
	<include file="View_53_Shift.xml" />
	<include file="View_54_InfoWall.xml" />
	<include file="View_55_WideList.xml" />
	<include file="View_57_ArtAttack.xml" />
	<include file="View_58_Stamps.xml" />
	<include file="View_60_Gallery.xml" />
	<include file="View_500_SmallThumb.xml" />
	<include file="View_501_Banner.xml" />
	<include file="View_502_FanArt.xml" />
	<include file="Variables.xml" />
	<include file="script-skinshortcuts-includes.xml"/>
	<constant name="FanartCrossfadeTime">400</constant>
	<constant name="IconCrossfadeTime">400</constant>
	<constant name="DepthDialog">0.50</constant>
	<constant name="DepthDialog+">0.52</constant>
	<constant name="DepthDialog-">0.48</constant>
	<constant name="DepthMax">0.54</constant>
	<constant name="DepthOSD">0.40</constant>
	<constant name="DepthOSD+">0.44</constant>
	<constant name="DepthContentPopout">0.10</constant>
	<constant name="DepthBars">0.12</constant>
	<constant name="DepthBackground">-0.80</constant>
	<constant name="DepthSideBlade">0.10</constant>
	<constant name="bg_alpha">79</constant>
 	<expression name="infodialog_active">Window.IsActive(musicinformation) | Window.IsActive(movieinformation) | Window.IsActive(addoninformation) | Window.IsActive(pvrguideinfo) | Window.IsActive(pvrrecordinginfo) | Window.IsActive(pictureinfo) | Window.IsVisible(script-ExtendedInfo Script-DialogVideoInfo.xml) | Window.IsVisible(script-ExtendedInfo Script-DialogInfo.xml) | Window.IsVisible(script-ExtendedInfo Script-VideoList.xml)</expression>
 	<expression name="sidebar_focused">ControlGroup(9000).HasFocus | Control.HasFocus(6130)</expression>
	<include name="CommonScrollbars">
		<control type="group">
			<animation effect="fade" start="100" end="0" time="150">WindowClose</animation>
			<animation effect="fade" start="100" end="0" time="200" tween="sine" condition="System.HasModalDialog">Conditional</animation>
			<animation effect="fade" start="0" end="100" delay="300" time="320">WindowOpen</animation>
			<control type="scrollbar" id="531">
				<left>1907</left>
				<top>78</top>
				<width>13</width>
				<height>922</height>
				<onleft>50</onleft>
				<onright>50</onright>
				<orientation>vertical</orientation>
				<texturesliderbackground colordiffuse="22FFFFFF">colors/white.png</texturesliderbackground>
				<animation effect="fade" start="0" end="100" time="200" delay="300">Visible</animation>
				<animation effect="fade" start="100" end="0" time="200">Hidden</animation>
				<visible>![[String.IsEqual(Skin.String(HideBars.label),$LOCALIZE[40069])] + [Control.IsVisible(500) | [Control.IsVisible(55) + !Window.IsVisible(AddonBrowser) + !Container.Content(actors) + !Container.Content(directors)] | Control.IsVisible(501)  | Control.IsVisible(51) | Control.IsVisible(53) | Control.IsVisible(54) | Control.IsVisible(58) | Control.IsVisible(57)]]</visible>
				<visible>!Control.IsVisible(56) + !Control.IsVisible(50) + !Control.IsVisible(56) + !Control.IsVisible(59) + !Control.IsVisible(60) + !Control.IsVisible(502)</visible>
				<visible>!String.IsEqual(Skin.String(HideBars.label),$LOCALIZE[40070])</visible>
			</control>
			<control type="scrollbar" id="531">
				<left>1907</left>
				<top>0</top>
				<width>13</width>
				<height>100%</height>
				<onleft>50</onleft>
				<onright>50</onright>
				<orientation>vertical</orientation>
				<texturesliderbackground colordiffuse="22FFFFFF">colors/white.png</texturesliderbackground>
				<animation effect="fade" start="0" end="100" time="200" delay="300">Visible</animation>
				<animation effect="fade" start="100" end="0" time="200">Hidden</animation>
				<visible>[[String.IsEqual(Skin.String(HideBars.label),$LOCALIZE[40069])] + [[Control.IsVisible(500) + !Container.Content(addons)] | [Control.IsVisible(55) + !Window.IsVisible(AddonBrowser) + !Container.Content(actors) + !Container.Content(directors)] | Control.IsVisible(501)]]</visible>
				<visible>!String.IsEqual(Skin.String(HideBars.label),$LOCALIZE[40070])</visible>
			</control>
			<control type="scrollbar" id="531">
				<left>1907</left>
				<top>0</top>
				<width>13</width>
				<height>100%</height>
				<onleft>50</onleft>
				<onright>50</onright>
				<orientation>vertical</orientation>
				<texturesliderbackground colordiffuse="22FFFFFF">colors/white.png</texturesliderbackground>
				<animation effect="fade" start="0" end="100" time="200" delay="300">Visible</animation>
				<animation effect="fade" start="100" end="0" time="200">Hidden</animation>
				<visible>String.IsEqual(Skin.String(HideBars.label),$LOCALIZE[40070])</visible>
			</control>
			<control type="scrollbar" id="5199">
				<left>0</left>
				<top>988</top>
				<width>1920</width>
				<height>12</height>
				<texturesliderbackground colordiffuse="22FFFFFF">colors/white.png</texturesliderbackground>
				<onup>50</onup>
				<ondown>50</ondown>
				<orientation>horizontal</orientation>
				<visible>Control.IsVisible(53) | [Control.IsVisible(51) + !ListItem.IsCollection] | [Control.IsVisible(60) + !ListItem.IsCollection]</visible>
				<animation effect="fade" start="0" end="100" time="200" delay="300">Visible</animation>
				<animation effect="fade" start="100" end="0" time="200">Hidden</animation>
				<animation effect="slide" end="0,90" time="300" tween="sine" easing="inout" condition="$EXP[infodialog_active]">conditional</animation>
			</control>
		</control>
	</include>
	<include name="HiddenObject">
		<left>-3000</left>
		<top>-3000</top>
		<width>1</width>
		<height>1</height>
		<texturefocus>-</texturefocus>
		<texturenofocus>-</texturenofocus>
		<label>-</label>
		<font>-</font>
	</include>
	<include name="UserRatingCircle">
		<param name="animation">False</param>
		<definition>
			<control type="group">
				<visible>false</visible>
				<animation effect="fade" time="200" condition="$PARAM[animation]">VisibleChange</animation>
				<control type="image">
					<left>8</left>
					<top>2</top>
					<width>38</width>
					<height>38</height>
					<aspectratio>keep</aspectratio>
					<texture colordiffuse="$VAR[ColourFocus]">overlays/circle.png</texture>
				</control>
				<control type="label">
					<top>4</top>
					<align>center</align>
					<width>53</width>
					<height>32</height>
					<font>Font-Rating</font>
					<label>$INFO[ListItem.UserRating]</label>
				</control>
			</control>
		</definition>
	</include>

	<include name="UnwatchedEpisodes">
		<param name="animation">False</param>
		<definition>
			<control type="group">
				<visible>[Container.Content(tvshows) | Container.Content(seasons) | Container.Content(episodes)] + stringcompare(ListItem.Overlay,OverlayUnwatched.png)</visible>
				<visible>!Skin.HasSetting(hide.unwatched)</visible>
				<animation effect="fade" time="200" condition="$PARAM[animation]">VisibleChange</animation>
				<control type="image">
					<left>8</left>
					<top>2</top>
					<width>40</width>
					<height>40</height>
					<aspectratio>keep</aspectratio>
					<texture colordiffuse="$VAR[ColourFocus]">overlays/circle.png</texture>
				</control>
				<control type="label">
					<top>10</top>
					<left>1</left>
					<align>center</align>
					<width>53</width>
					<height>32</height>
					<font>font9_title</font>
					<textcolor>black</textcolor>
					<label>$INFO[ListItem.Property(UnWatchedEpisodes)]</label>
					<visible>Container.Content(tvshows) | Container.Content(seasons)</visible>
				</control>
				<control type="label">
					<top>10</top>
					<left>1</left>
					<align>center</align>
					<width>53</width>
					<height>32</height>
					<font>font9_title</font>
					<textcolor>black</textcolor>
					<label>$VAR[ContainerUnwatched]</label>
					<visible>!Container.Content(tvshows) + !Container.Content(seasons)</visible>
				</control>
			</control>
		</definition>
	</include>
	<include name="InfoList">
		<param name="item_label">[COLOR =$VAR[ColourFocus]]$INFO[ListItem.Year,,  -  ][/COLOR]$INFO[ListItem.Label]</param>
		<param name="path">$INFO[ListItem.Path]</param>
		<param name="height">200</param>
		<param name="width">1152</param>
		<param name="list_id">5000</param>
		<param name="font">font13</param>
		<param name="sortby"></param>
		<param name="sortorder">ascending</param>
		<definition>
			<control type="panel" id="$PARAM[list_id]">
				<width>$PARAM[width]</width>
				<height>$PARAM[height]</height>
				<orientation>vertical</orientation>
				<focusedlayout height="40" width="$PARAM[width]">
					<control type="label">
						<left>10</left>
						<height>50</height>
						<width>$PARAM[width]</width>
						<aligny>center</aligny>
						<label>$PARAM[item_label]</label>
						<shadowcolor>text_shadow</shadowcolor>
						<font>$PARAM[font]</font>
					</control>
				</focusedlayout>
				<itemlayout height="40" width="$PARAM[width]">
					<control type="label">
						<left>10</left>
						<height>50</height>
						<width>$PARAM[width]</width>
						<aligny>center</aligny>
						<label>$PARAM[item_label]</label>
						<shadowcolor>text_shadow</shadowcolor>
						<font>$PARAM[font]</font>
					</control>
				</itemlayout>
				<content sortby="$PARAM[sortby]" sortorder="$PARAM[sortorder]">$PARAM[path]</content>
			</control>
		</definition>
	</include>
	<include name="AudioDSPModeList">
		<control type="label">
			<left>10</left>
			<top>2</top>
			<width>470</width>
			<height>30</height>
			<font>font12_title</font>
			<label>$PARAM[sublabel]</label>
			<align>center</align>
			<aligny>center</aligny>
			<textcolor>$VAR[ColourFocus]</textcolor>
			<shadowcolor>black</shadowcolor>
		</control>
		<control type="image">
			<left>-5</left>
			<top>15</top>
			<width>510</width>
			<height>570</height>
			<texture border="40">buttons/dialogbutton-nofo.png</texture>
		</control>
		<control type="scrollbar" id="$PARAM[scrollbar_id]">
			<left>542</left>
			<top>30</top>
			<width>25</width>
			<height>350</height>
			<onleft>$PARAM[list_id]</onleft>
			<onright>$PARAM[onright]</onright>
			<orientation>vertical</orientation>
		</control>
		<control type="list" id="$PARAM[list_id]">
			<left>15</left>
			<top>35</top>
			<width>470</width>
			<height>345</height>
			<onup>9000</onup>
			<ondown>9001</ondown>
			<onleft>$PARAM[onleft]</onleft>
			<onright>$PARAM[scrollbar_id]</onright>
			<pagecontrol>$PARAM[scrollbar_id]</pagecontrol>
			<scrolltime>200</scrolltime>
			<itemlayout height="80" width="470">
				<control type="image">
					<left>0</left>
					<top>0</top>
					<width>470</width>
					<height>80</height>
					<texture border="38">lists/separator.png</texture>
				</control>
				<control type="image">
					<left>8</left>
					<top>8</top>
					<width>64</width>
					<height>64</height>
					<texture>$INFO[ListItem.Icon]</texture>
					<aspectratio aligny="center" align="left">keep</aspectratio>
				</control>
				<control type="label">
					<left>82</left>
					<top>3</top>
					<width>388</width>
					<height>40</height>
					<font>font12</font>
					<aligny>center</aligny>
					<label>$INFO[ListItem.Label]</label>
				</control>
				<control type="label">
					<left>82</left>
					<top>37</top>
					<width>388</width>
					<height>30</height>
					<font>font10</font>
					<aligny>center</aligny>
					<textcolor>grey</textcolor>
					<label>$INFO[ListItem.Label2]</label>
				</control>
			</itemlayout>
			<focusedlayout height="80" width="470">
				<control type="image">
					<left>0</left>
					<top>0</top>
					<width>470</width>
					<height>80</height>
					<texture border="38">lists/separator.png</texture>
					<visible>!Control.HasFocus($PARAM[list_id])</visible>
				</control>
				<control type="image">
					<left>0</left>
					<top>0</top>
					<width>470</width>
					<height>80</height>
					<texture colordiffuse="$VAR[ColourFocus]">lists/focus.png</texture>
					<visible>Control.HasFocus($PARAM[list_id])</visible>
				</control>
				<control type="image">
					<left>8</left>
					<top>8</top>
					<width>64</width>
					<height>64</height>
					<texture>$INFO[ListItem.Icon]</texture>
					<aspectratio aligny="center" align="left">keep</aspectratio>
				</control>
				<control type="label">
					<left>82</left>
					<top>3</top>
					<width>388</width>
					<height>40</height>
					<font>font12</font>
					<aligny>center</aligny>
					<label>$INFO[ListItem.Label]</label>
				</control>
				<control type="label">
					<left>82</left>
					<top>37</top>
					<width>388</width>
					<height>30</height>
					<font>font10</font>
					<aligny>center</aligny>
					<textcolor>grey</textcolor>
					<label>$INFO[ListItem.Label2]</label>
				</control>
			</focusedlayout>
		</control>
	</include>
	<include name="LeftRightAlignedInfoLine">
		<control type="group">
			<height>30</height>
			<control type="label">
				<left>0</left>
				<width>250</width>
				<height>40</height>
				<align>right</align>
				<aligny>center</aligny>
				<label>$PARAM[label]:</label>
				<font>font12</font>
				<textcolor>$VAR[ColourFocus]</textcolor>
			</control>
			<control type="label">
				<left>270</left>
				<width>1000</width>
				<height>40</height>
				<aligny>center</aligny>
				<label>$PARAM[value]</label>
				<font>font12</font>
			</control>
		</control>
	</include>
	<include name="PicsInfoLine">
		<control type="grouplist">
			<visible>!String.IsEmpty($PARAM[value])</visible>
			<height>40</height>
			<orientation>horizontal</orientation>
			<width>500</width>
			<align>left</align>
			<itemgap>10</itemgap>
			<control type="label">
				<width>auto</width>
				<height>40</height>
				<aligny>center</aligny>
				<label>$PARAM[label]:</label>
				<font>font12</font>
				<textcolor>$VAR[ColourFocus]</textcolor>
			</control>
			<control type="label">
				<width>auto</width>
				<height>40</height>
				<align>right</align>
				<aligny>center</aligny>
				<label>$INFO[$PARAM[value]]</label>
				<font>font12</font>
			</control>
		</control>
	</include>
	<include name="DefaultSimpleListLayout">
		<param name="align">left</param>
		<param name="height">70</param>
		<definition>
			<itemlayout height="$PARAM[height]">
				<control type="image">
					<left>0</left>
					<top>0</top>
					<width>$PARAM[width]</width>
					<height>$PARAM[height]</height>
					<texture border="40">lists/separator.png</texture>
				</control>
				<control type="label">
					<left>0</left>
					<textoffsetx>20</textoffsetx>
					<top>0</top>
					<width>$PARAM[width]</width>
					<height>$PARAM[height]</height>
					<align>$PARAM[align]</align>
					<aligny>center</aligny>
					<textcolor>grey</textcolor>
					<scroll>yes</scroll>
					<label>$INFO[ListItem.Label]</label>
				</control>
			</itemlayout>
			<focusedlayout height="$PARAM[height]">
				<control type="image">
					<left>0</left>
					<top>0</top>
					<width>$PARAM[width]</width>
					<height>$PARAM[height]</height>
					<texture border="40">lists/separator.png</texture>
					<visible>!Control.HasFocus($PARAM[list_id])</visible>
				</control>
				<control type="image">
					<top>0</top>
					<left>$PARAM[left]</left>
					<width>$PARAM[width]</width>
					<height>$PARAM[height]</height>
					<texture colordiffuse="$VAR[ColourFocus]">lists/focus.png</texture>
					<visible>Control.HasFocus($PARAM[list_id])</visible>
				</control>
				<control type="label">
					<left>0</left>
					<textoffsetx>20</textoffsetx>
					<top>0</top>
					<width>$PARAM[width]</width>
					<height>$PARAM[height]</height>
					<align>$PARAM[align]</align>
					<aligny>center</aligny>
					<scroll>yes</scroll>
					<label>$INFO[ListItem.Label]</label>
				</control>
			</focusedlayout>
		</definition>
	</include>
	<include name="InfoFlag">
		<control type="group">
			<width>180</width>
			<visible>$PARAM[visible]</visible>
			<control type="image">
				<left>0</left>
				<width>32</width>
				<height>32</height>
				<texture colordiffuse="$VAR[ColourFocus]">$PARAM[icon]</texture>
			</control>
			<control type="label">
				<left>40</left>
				<width>150</width>
				<height>32</height>
				<font>font12</font>
				<label>$PARAM[label]</label>
			</control>
		</control>
	</include>
	<include name="MediaFlag">
		<param name="width">130</param>
		<param name="height">50</param>
		<definition>
			<control type="image">
				<width>$PARAM[width]</width>
				<height>$PARAM[height]</height>
				<fadetime>200</fadetime>
				<aspectratio align="center" aligny="top">keep</aspectratio>
				<texture>$PARAM[texture]</texture>
			</control>
		</definition>
	</include>
	<include name="WeatherIcon">
		<control type="group">
			<width>268</width>
			<visible>!String.IsEmpty($PARAM[label])</visible>
			<control type="image">
				<left>50</left>
				<width>60</width>
				<height>60</height>
				<texture colordiffuse="D0FFFFFF">$PARAM[texture]</texture>
			</control>
			<control type="textbox">
				<top>68</top>
				<width>160</width>
				<height>63</height>
				<font>font12</font>
				<align>center</align>
				<aligny>center</aligny>
				<label>$INFO[$PARAM[label]]</label>
				<shadowcolor>black</shadowcolor>
			</control>
		</control>
	</include>
	<include name="FileManagerPanel">
		<param name="header_haspath">false</param>
		<definition>
			<control type="image">
				<left>-20</left>
				<top>-20</top>
				<width>$PARAM[bg_width]</width>
				<height>742</height>
				<texture border="22">dialogs/dialog-bg.png</texture>
			</control>
			<control type="image">
				<left>0</left>
				<top>0</top>
				<width>$PARAM[width]</width>
				<height>70</height>
				<texture colordiffuse="$VAR[ColourFocus]" border="2">colors/white70.png</texture>
			</control>
			<control type="label" id="$PARAM[header_id]">
				<textoffsetx>40</textoffsetx>
				<top>0</top>
				<width>$PARAM[width]</width>
				<height>70</height>
				<font>font13_title</font>
				<aligny>center</aligny>
				<label>$PARAM[header_label]</label>
				<haspath>$PARAM[header_haspath]</haspath>
				<shadowcolor>black</shadowcolor>
			</control>
			<control type="list" id="$PARAM[list_id]">
				<left>0</left>
				<top>72</top>
				<width>$PARAM[width]</width>
				<height>630</height>
				<onleft>$PARAM[onleft_id]</onleft>
				<onright>$PARAM[scrollbar_id]</onright>
				<onup>$PARAM[list_id]</onup>
				<ondown>$PARAM[list_id]</ondown>
				<pagecontrol>$PARAM[scrollbar_id]</pagecontrol>
				<scrolltime>200</scrolltime>
				<focusedlayout height="70">
					<control type="image">
						<left>0</left>
						<top>0</top>
						<width>$PARAM[width]</width>
						<height>71</height>
						<texture border="90,3,90,3">lists/separator.png</texture>
					</control>
					<control type="image">
						<left>0</left>
						<top>0</top>
						<width>$PARAM[width]</width>
						<height>69</height>
						<texture colordiffuse="$VAR[ColourFocus]">lists/focus.png</texture>
						<animation effect="fade" start="100" end="0" time="0" condition="!Control.HasFocus($PARAM[list_id])">Conditional</animation>
					</control>
					<control type="label">
						<left>20</left>
						<textoffsetx>15</textoffsetx>
						<top>0</top>
						<height>70</height>
						<width>$PARAM[width]</width>
						<aligny>center</aligny>
						<font>font12</font>
						<label>$INFO[ListItem.Label]</label>
						<shadowcolor>text_shadow</shadowcolor>
					</control>
					<control type="label">
						<left>0</left>
						<textoffsetx>15</textoffsetx>
						<top>0</top>
						<height>70</height>
						<width>$PARAM[width]</width>
						<align>right</align>
						<aligny>center</aligny>
						<font>font12</font>
						<label>$INFO[ListItem.Label2]</label>
						<shadowcolor>text_shadow</shadowcolor>
					</control>
				</focusedlayout>
				<itemlayout height="70">
					<control type="image">
						<left>0</left>
						<top>0</top>
						<width>$PARAM[width]</width>
						<height>71</height>
						<texture border="90,3,90,3">lists/separator.png</texture>
					</control>
					<control type="label">
						<left>20</left>
						<textoffsetx>15</textoffsetx>
						<top>0</top>
						<height>70</height>
						<width>$PARAM[width]</width>
						<aligny>center</aligny>
						<font>font12</font>
						<label>$INFO[ListItem.Label]</label>
						<shadowcolor>text_shadow</shadowcolor>
					</control>
					<control type="label">
						<left>0</left>
						<textoffsetx>15</textoffsetx>
						<top>0</top>
						<height>70</height>
						<width>$PARAM[width]</width>
						<align>right</align>
						<aligny>center</aligny>
						<font>font12</font>
						<label>$INFO[ListItem.Label2]</label>
						<textcolor>grey</textcolor>
						<shadowcolor>text_shadow</shadowcolor>
					</control>
				</itemlayout>
			</control>
			<control type="scrollbar" id="$PARAM[scrollbar_id]">
				<left>$PARAM[width]</left>
				<animation effect="slide" end="5,0" time="0" condition="true">Conditional</animation>
				<top>0</top>
				<width>12</width>
				<height>702</height>
				<onleft>$PARAM[list_id]</onleft>
				<onright>$PARAM[onright_id]</onright>
				<orientation>vertical</orientation>
			</control>
		</definition>
	</include>
	<include name="FileManagerPanelLeft">
		<param name="header_haspath">false</param>
		<definition>
			<control type="image">
				<left>-20</left>
				<top>-20</top>
				<width>$PARAM[bg_width]</width>
				<height>742</height>
				<texture border="22">dialogs/dialog-bg.png</texture>
			</control>
			<control type="image">
				<left>0</left>
				<top>0</top>
				<width>$PARAM[width]</width>
				<height>70</height>
				<texture colordiffuse="$VAR[ColourFocus]" border="2">colors/white70.png</texture>
			</control>
			<control type="label" id="$PARAM[header_id]">
				<textoffsetx>40</textoffsetx>
				<top>0</top>
				<width>$PARAM[width]</width>
				<height>70</height>
				<font>font13_title</font>
				<aligny>center</aligny>
				<label>$PARAM[header_label]</label>
				<haspath>$PARAM[header_haspath]</haspath>
				<shadowcolor>black</shadowcolor>
			</control>
			<control type="list" id="$PARAM[list_id]">
				<left>0</left>
				<top>72</top>
				<width>$PARAM[width]</width>
				<height>630</height>
				<onleft>$PARAM[onleft_id]</onleft>
				<onright>$PARAM[onright_id]</onright>
				<onup>$PARAM[list_id]</onup>
				<ondown>$PARAM[list_id]</ondown>
				<pagecontrol>$PARAM[scrollbar_id]</pagecontrol>
				<scrolltime>200</scrolltime>
				<focusedlayout height="70">
					<control type="image">
						<left>0</left>
						<top>0</top>
						<width>$PARAM[width]</width>
						<height>71</height>
						<texture border="90,3,90,3">lists/separator.png</texture>
					</control>
					<control type="image">
						<left>0</left>
						<top>0</top>
						<width>$PARAM[width]</width>
						<height>69</height>
						<texture colordiffuse="$VAR[ColourFocus]">lists/focus.png</texture>
						<animation effect="fade" start="100" end="0" time="0" condition="!Control.HasFocus($PARAM[list_id])">Conditional</animation>
					</control>
					<control type="label">
						<left>20</left>
						<textoffsetx>15</textoffsetx>
						<top>0</top>
						<height>70</height>
						<width>$PARAM[width]</width>
						<aligny>center</aligny>
						<font>font12</font>
						<label>$INFO[ListItem.Label]</label>
						<shadowcolor>text_shadow</shadowcolor>
					</control>
					<control type="label">
						<left>0</left>
						<textoffsetx>15</textoffsetx>
						<top>0</top>
						<height>70</height>
						<width>$PARAM[width]</width>
						<align>right</align>
						<aligny>center</aligny>
						<font>font12</font>
						<label>$INFO[ListItem.Label2]</label>
						<shadowcolor>text_shadow</shadowcolor>
					</control>
				</focusedlayout>
				<itemlayout height="70">
					<control type="image">
						<left>0</left>
						<top>0</top>
						<width>$PARAM[width]</width>
						<height>71</height>
						<texture border="90,3,90,3">lists/separator.png</texture>
					</control>
					<control type="label">
						<left>20</left>
						<textoffsetx>15</textoffsetx>
						<top>0</top>
						<height>70</height>
						<width>$PARAM[width]</width>
						<aligny>center</aligny>
						<font>font12</font>
						<label>$INFO[ListItem.Label]</label>
						<shadowcolor>text_shadow</shadowcolor>
					</control>
					<control type="label">
						<left>0</left>
						<textoffsetx>15</textoffsetx>
						<top>0</top>
						<height>70</height>
						<width>$PARAM[width]</width>
						<align>right</align>
						<aligny>center</aligny>
						<font>font12</font>
						<label>$INFO[ListItem.Label2]</label>
						<textcolor>grey</textcolor>
						<shadowcolor>text_shadow</shadowcolor>
					</control>
				</itemlayout>
			</control>
			<control type="scrollbar" id="$PARAM[scrollbar_id]">
				<left>$PARAM[left]</left>
				<animation effect="slide" end="5,0" time="0" condition="true">Conditional</animation>
				<top>0</top>
				<width>12</width>
				<height>702</height>
				<onleft>21</onleft>
				<onright>20</onright>
				<orientation>vertical</orientation>
			</control>
		</definition>
	</include>
	<include name="AddonLauncherPanel">
		<control type="panel" id="$PARAM[container_id]">
			<left>520</left>
			<top>175</top>
			<width>1360</width>
			<height>720</height>
			<onleft>9000</onleft>
			<onright>531</onright>
			<include>Visible_Right_Delayed</include>
			<visible>$PARAM[visible]</visible>
			<onup>$PARAM[container_id]</onup>
			<ondown>$PARAM[container_id]</ondown>
			<preloaditems>1</preloaditems>
			<pagecontrol>531</pagecontrol>
			<scrolltime tween="cubic" easing="out">500</scrolltime>
			<itemlayout height="360" width="320">
				<include>InfoWallMusicLayout</include>
			</itemlayout>
			<focusedlayout height="360" width="320">
				<control type="group">
					<animation effect="zoom" start="100" end="105" time="200" tween="sine" easing="inout" center="160,180" condition="!Skin.HasSetting(no_animations)">Focus</animation>
					<animation effect="zoom" start="105" end="100" time="200" tween="sine" easing="inout" center="160,180" condition="!Skin.HasSetting(no_animations)">UnFocus</animation>
					<include>InfoWallMusicLayout</include>
					<control type="image">
						<left>15</left>
						<top>5</top>
						<width>288</width>
						<height>348</height>
						<texture border="8" colordiffuse="$VAR[ColourFocus]">buttons/thumbnail_focused.png</texture>
						<animation effect="fade" start="100" end="0" time="200">Unfocus</animation>
					</control>
				</control>
			</focusedlayout>
			<content sortby="$PARAM[sortby]" sortorder="$PARAM[sortorder]" target="$PARAM[container_target]">$PARAM[container_path]</content>
		</control>
	</include>
	<include name="LeftAlignedInfo">
		<param name="id">33333</param>
		<definition>
			<control type="grouplist">
				<left>85</left>
				<top>5</top>
				<animation effect="fade" start="0" end="100" time="300">WindowOpen</animation>
				<animation effect="fade" start="100" end="0" time="200">WindowClose</animation>
				<width>1400</width>
				<height>80</height>
				<itemgap>0</itemgap>
				<orientation>vertical</orientation>
				<control type="label">
					<width>1400</width>
					<label>$PARAM[main_label]</label>
					<font>font13_title</font>
					<shadowcolor>text_shadow</shadowcolor>
					<height>35</height>
					<scroll>true</scroll>
					<animation effect="slide" start="0,0" end="0,15" time="0" condition="String.IsEmpty(Control.GetLabel($PARAM[id]))">Conditional</animation>
				</control>
				<control type="label" id="$PARAM[id]">
					<label>$PARAM[sub_label]</label>
					<font>font10</font>
					<left>85</left>
					<shadowcolor>text_shadow</shadowcolor>
					<height>100</height>
					<width>1400</width>
				</control>
			</control>
		</definition>
	</include>
	<include name="InfoDialogTopBarInfo">
		<param name="id">33333</param>
		<param name="posy">20</param>
		<definition>
			<control type="grouplist">
				<left>60</left>
				<top>$PARAM[posy]</top>
				<animation effect="fade" start="0" end="100" time="300" delay="300">WindowOpen</animation>
				<animation effect="fade" start="100" end="0" time="200">WindowClose</animation>
				<visible>![Skin.HasSetting(show_clearlogos) + Window.IsVisible(DialogVideoInfo.xml)] + ![Skin.HasSetting(show_musicclearlogos) + Window.IsVisible(DialogMusicInfo.xml)]</visible>
				<width>1800</width>
				<height>150</height>
				<itemgap>0</itemgap>
				<orientation>vertical</orientation>
				<control type="label">
					<width>1800</width>
					<label>$PARAM[main_label]</label>
					<font>font35_title</font>
					<shadowcolor>text_shadow</shadowcolor>
					<height>65</height>
					<align>center</align>
					<scroll>true</scroll>
					<animation effect="slide" start="0,0" end="0,15" time="0" condition="String.IsEmpty(Control.GetLabel($PARAM[id]))">Conditional</animation>
				</control>
				<control type="label" id="$PARAM[id]">
					<label>$PARAM[sub_label]</label>
					<font>font13</font>
					<left>85</left>
					<shadowcolor>text_shadow</shadowcolor>
					<align>center</align>
					<height>100</height>
					<width>1800</width>
				</control>
			</control>
		</definition>
	</include>
	<include name="InfoDialogTopBarDialogInfo">
		<param name="id">33333</param>
		<param name="posy">0</param>
		<param name="time_sublabel">$VAR[KarmaEndTimeLabel]</param>
		<definition>
			<depth>DepthBars</depth>
			<animation effect="fade" start="0" end="100" time="300" condition="[Window.Previous(fullscreenvideo) | Window.Previous(startup)] + !Window.IsVisible(1109)">WindowOpen</animation>
			<control type="image">
				<left>0</left>
				<top>0</top>
				<width>2000</width>
				<height>83</height>
				<texture>frame/InfoBar.png</texture>
				<animation effect="fade" start="100" end="0" time="300" condition="Window.Next(screencalibration)">WindowClose</animation>
				<visible>!String.IsEqual(Skin.String(HideBars.label),$LOCALIZE[40070])</visible>
			</control>
			<control type="grouplist">
				<left>60</left>
				<top>$PARAM[posy]</top>
				<animation effect="fade" start="0" end="100" time="300" delay="300">WindowOpen</animation>
				<animation effect="fade" start="100" end="0" time="200">WindowClose</animation>
				<visible>![Skin.HasSetting(show_clearlogos) + Window.IsVisible(DialogVideoInfo.xml)] + ![Skin.HasSetting(show_musicclearlogos) + Window.IsVisible(DialogMusicInfo.xml)]</visible>
				<width>1800</width>
				<height>85</height>
				<itemgap>0</itemgap>
				<orientation>vertical</orientation>
				<control type="label">
					<width>1800</width>
					<label>$PARAM[main_label]</label>
					<font>font24_title</font>
					<shadowcolor>text_shadow</shadowcolor>
					<height>55</height>
					<align>center</align>
					<scroll>true</scroll>
					<animation effect="slide" start="0,0" end="0,15" time="0" condition="String.IsEmpty(Control.GetLabel($PARAM[id]))">Conditional</animation>
				</control>
				<control type="label" id="$PARAM[id]">
					<label>$PARAM[sub_label]</label>
					<font>font10</font>
					<left>85</left>
					<shadowcolor>text_shadow</shadowcolor>
					<textcolor>$VAR[ColourFocus]</textcolor>
					<align>center</align>
					<height>30</height>
					<width>1800</width>
					<animation effect="slide" start="0,0" end="0,-8" time="0" condition="true">Conditional</animation>
				</control>
			</control>
			<control type="grouplist">
				<itemgap>24</itemgap>
				<orientation>horizontal</orientation>
				<left>50</left>
				<top>10</top>
				<control type="image">
					<animation effect="fade" start="0" end="100" time="300">WindowOpen</animation>
					<animation effect="fade" start="100" end="0" time="200">WindowClose</animation>
					<aspectratio>keep</aspectratio>
					<width>56</width>
					<height>56</height>
					<texture colordiffuse="$VAR[ColourFocus]">icons/logo.png</texture>
					<visible>!System.HasAddon(plugin.video.plexkodiconnect) + !System.HasAddon(plugin.video.emby)</visible>
				</control>
				<control type="image">
					<animation effect="fade" start="0" end="100" time="300">WindowOpen</animation>
					<animation effect="fade" start="100" end="0" time="200">WindowClose</animation>
					<aspectratio>keep</aspectratio>
					<width>56</width>
					<height>56</height>
					<texture diffuse="icons/circle.png" colordiffuse="$VAR[ColourFocus]">icons/plex.png</texture>
					<visible>System.HasAddon(plugin.video.plexkodiconnect) + IsEmpty(Window(Home).Property(PlexUserImage))</visible>
				</control>
				<control type="image">
					<animation effect="fade" start="0" end="100" time="300">WindowOpen</animation>
					<animation effect="fade" start="100" end="0" time="200">WindowClose</animation>
					<aspectratio>keep</aspectratio>
					<width>56</width>
					<height>56</height>
					<texture diffuse="icons/circle.png" colordiffuse="$VAR[ColourFocus]">$INFO[Window(Home).Property(PlexUserImage)]</texture>
					<visible>System.HasAddon(plugin.video.plexkodiconnect) + !IsEmpty(Window(Home).Property(PlexUserImage))</visible>
				</control>
				<control type="image">
					<animation effect="fade" start="0" end="100" time="300">WindowOpen</animation>
					<animation effect="fade" start="100" end="0" time="200">WindowClose</animation>
					<aspectratio>keep</aspectratio>
					<width>56</width>
					<height>56</height>
					<texture diffuse="icons/circle.png" colordiffuse="$VAR[ColourFocus]">icons/emby.png</texture>
					<visible>System.HasAddon(plugin.video.emby) + IsEmpty(Window(Home).Property(EmbyUserImage))</visible>
				</control>
				<control type="image">
					<animation effect="fade" start="0" end="100" time="300">WindowOpen</animation>
					<animation effect="fade" start="100" end="0" time="200">WindowClose</animation>
					<aspectratio>keep</aspectratio>
					<width>56</width>
					<height>56</height>
					<texture diffuse="icons/circle.png" colordiffuse="$VAR[ColourFocus]">$INFO[Window(Home).Property(EmbyUserImage)]</texture>
					<visible>System.HasAddon(plugin.video.emby) + !IsEmpty(Window(Home).Property(EmbyUserImage))</visible>
				</control>
			</control>

			<control type="group">
				<visible>!Window.IsVisible(extendedprogressdialog)</visible>
				<animation effect="fade" time="150">VisibleChange</animation>
				<animation effect="fade" start="100" end="0" time="300" condition="Window.Next(screencalibration)">WindowClose</animation>
				<control type="grouplist">
					<description>Right side of top bar</description>
					<right>85</right>
					<width>700</width>
					<height>100</height>
					<align>right</align>
					<orientation>horizontal</orientation>
					<usecontrolcoords>true</usecontrolcoords>
					<include condition="Skin.HasSetting(show_weatherinfo) | Window.IsActive(skinsettings)">TopWeatherIcon</include>
					<control type="label">
						<include>BreadcrumbsLabel</include>
						<label>$INFO[System.Time]</label>
					</control>
				</control>
				<control type="group">
					<control type="image">
						<right>25</right>
						<top>20</top>
						<height>40</height>
						<width>40</width>
						<texture colordiffuse="$VAR[ColourFocus]">frame/clock.png</texture>
						<animation effect="fade" time="300">Visible</animation>
						<animation effect="fade" time="150">Hidden</animation>
						<aspectratio>keep</aspectratio>
						<visible>[[!Window.IsActive(volumebar) + !Skin.HasSetting(show_weatherinfo)] | [Skin.HasSetting(show_weatherinfo) + !Weather.IsFetched]] + String.IsEmpty(ListItem.Mpaa)</visible>
					</control>
					<control type="image">
						<right>-12</right>
						<top>-2</top>
						<height>100</height>
						<width>100</width>
						<aspectratio>keep</aspectratio>
						<texture colordiffuse="$VAR[ColourFocus]">weather/small/$INFO[Weather.FanartCode].png</texture>
						<visible>!Window.IsActive(volumebar)</visible>
						<visible>Skin.HasSetting(show_weatherinfo) + Weather.IsFetched + ![String.IsEqual(Weather.FanartCode,na) + String.Contains(Weather.Conditions,/)] + String.IsEmpty(ListItem.Mpaa)</visible>
					</control>
					<control type="image">
						<right>-12</right>
						<top>-2</top>
						<height>90</height>
						<width>100</width>
						<aspectratio>stretch</aspectratio>
						<texture colordiffuse="$VAR[ColourFocus]">$VAR[RatingFlagVar]</texture>
						<aspectratio aligny="center" align="right">keep</aspectratio>
						<visible>!String.IsEmpty(ListItem.Mpaa)</visible>
					</control>
					<control type="label">
						<top>40</top>
						<label>$PARAM[time_sublabel]</label>
						<font>font10</font>
						<left>1331</left>
						<shadowcolor>text_shadow</shadowcolor>
						<height>100</height>
						<width>500</width>
						<align>right</align>
					</control>
				</control>
			</control>
		</definition>
	</include>
	<include name="UpDownArrows">
		<param name="up_posy">134</param>
		<param name="down_posy">910</param>
		<param name="posx">936</param>
		<param name="visible">true</param>
		<definition>
			<control type="button" id="$PARAM[container_id]588">
				<left>$PARAM[posx]</left>
				<top>$PARAM[down_posy]</top>
				<width>48</width>
				<height>24</height>
				<texturefocus colordiffuse="$VAR[ColourFocus]">overlays/arrowdown.png</texturefocus>
				<texturenofocus colordiffuse="$VAR[ColourFocus]">overlays/arrowdown.png</texturenofocus>
				<animation effect="zoom" start="100,0" end="100,100" center="auto" time="200" delay="10">VisibleChange</animation>
				<animation effect="zoom" start="100,0" end="100,100" delay="500" center="auto" time="200">WindowOpen</animation>
				<animation effect="zoom" start="100,100" end="100,0" center="auto" time="200">WindowClose</animation>
				<onclick>SetFocus($PARAM[container_id])</onclick>
				<onclick>PageDown</onclick>
				<visible>Container($PARAM[container_id]).HasNext + Control.IsVisible($PARAM[container_id])</visible>
				<visible>$PARAM[visible]</visible>
			</control>
			<control type="button" id="$PARAM[container_id]589">
				<left>$PARAM[posx]</left>
				<top>$PARAM[up_posy]</top>
				<width>48</width>
				<height>24</height>
				<texturefocus colordiffuse="$VAR[ColourFocus]" flipy="true">overlays/arrowdown.png</texturefocus>
				<texturenofocus colordiffuse="$VAR[ColourFocus]" flipy="true">overlays/arrowdown.png</texturenofocus>
				<animation effect="zoom" start="100,0" end="100,100" center="auto" time="200" delay="10">VisibleChange</animation>
				<animation effect="zoom" start="100,0" end="100,100" delay="500" center="auto" time="200">WindowOpen</animation>
				<animation effect="zoom" start="100,100" end="100,0" center="auto" time="200">WindowClose</animation>
				<onclick>SetFocus($PARAM[container_id])</onclick>
				<onclick>PageUp</onclick>
				<visible>Container($PARAM[container_id]).HasPrevious + Control.IsVisible($PARAM[container_id])</visible>
				<visible>$PARAM[visible]</visible>
			</control>
		</definition>
	</include>
	<include name="UpDownArrowsHome">
		<control type="group">
			<visible>Control.IsVisible($PARAM[container_id])</visible>
			<animation effect="fade" start="0" end="100" delay="1000" time="200">Visible</animation>
			<animation effect="fade" start="0" end="100" time="0">Hidden</animation>
			<control type="image">
				<left>1860</left>
				<top>950</top>
				<width>36</width>
				<height>18</height>
				<texture colordiffuse="$VAR[ColourFocus]">overlays/arrowdown.png</texture>
				<animation effect="fade" time="200">VisibleChange</animation>
				<animation effect="slide" start="150" end="0" delay="640" time="320" tween="cubic">WindowOpen</animation>
				<animation effect="zoom" start="100,100" end="100,0" center="0,890" time="200">WindowClose</animation>
				<visible>Container($PARAM[container_id]).HasNext</visible>
			</control>
			<control type="image">
				<left>1860</left>
				<top>94</top>
				<width>36</width>
				<height>18</height>
				<texture colordiffuse="$VAR[ColourFocus]" flipy="true">overlays/arrowdown.png</texture>
				<animation effect="fade" time="200">VisibleChange</animation>
				<animation effect="slide" start="150" end="0" delay="640" time="320" tween="cubic">WindowOpen</animation>
				<animation effect="zoom" start="100,100" end="100,0" center="0,180" time="200">WindowClose</animation>
				<visible>Container($PARAM[container_id]).HasPrevious</visible>
			</control>
		</control>
	</include>
	<include name="LeftRightArrows">
		<param name="left_posx">445</param>
		<param name="right_posx">1843</param>
		<param name="posy">936</param>
		<param name="visible">!System.HasModalDialog</param>
		<definition>
			<control type="image">
				<left>$PARAM[left_posx]</left>
				<top>$PARAM[posy]</top>
				<width>28</width>
				<height>28</height>
				<texture flipx="true" colordiffuse="$VAR[ColourFocus]">overlays/arrowright.png</texture>
				<animation effect="zoom" start="0,100" end="100,100" center="auto" time="200">VisibleChange</animation>
				<animation effect="zoom" start="0,100" end="100,100" delay="500" center="auto" time="200">WindowOpen</animation>
				<animation effect="zoom" start="100,100" end="0,100" center="auto" time="200">WindowClose</animation>
				<visible>Control.IsVisible($PARAM[list_id]) + Container($PARAM[list_id]).HasPrevious</visible>
				<visible>$PARAM[visible]</visible>
			</control>
			<control type="image">
				<left>$PARAM[right_posx]</left>
				<top>$PARAM[posy]</top>
				<width>28</width>
				<height>28</height>
				<texture colordiffuse="$VAR[ColourFocus]">overlays/arrowright.png</texture>
				<animation effect="zoom" start="0,100" end="100,100" center="auto" time="200">VisibleChange</animation>
				<animation effect="zoom" start="0,100" end="100,100" delay="500" center="auto" time="200">WindowOpen</animation>
				<animation effect="zoom" start="100,100" end="0,100" center="auto" time="200">WindowClose</animation>
				<visible>Control.IsVisible($PARAM[list_id]) + Container($PARAM[list_id]).HasNext</visible>
				<visible>$PARAM[visible]</visible>
			</control>
			<control type="button" id="$PARAM[list_id]500">
				<left>$PARAM[left_posx]</left>
				<top>$PARAM[posy]</top>
				<width>28</width>
				<height>28</height>
				<texturefocus>-</texturefocus>
				<texturenofocus>-</texturenofocus>
				<onclick>Control.Move($PARAM[list_id],-1)</onclick>
				<visible allowhiddenfocus="true">Container($PARAM[list_id]).HasPrevious + [Control.HasFocus($PARAM[list_id]) | Control.HasFocus($PARAM[list_id]500)]</visible>
			</control>
			<control type="button" id="$PARAM[list_id]501">
				<left>$PARAM[right_posx]</left>
				<top>$PARAM[posy]</top>
				<width>28</width>
				<height>28</height>
				<texturefocus>-</texturefocus>
				<texturenofocus>-</texturenofocus>
				<onclick>Control.Move($PARAM[list_id],1)</onclick>
				<visible allowhiddenfocus="true">Container($PARAM[list_id]).HasNext + [Control.HasFocus($PARAM[list_id]) | Control.HasFocus($PARAM[list_id]501)]</visible>
			</control>
		</definition>
	</include>
	<include name="DialogBackgroundCommons">
		<control type="image">
			<left>-1920</left>
			<top>-1080</top>
			<width>5760</width>
			<height>3240</height>
			<animation effect="fade" start="0" end="100" time="300">WindowOpen</animation>
			<animation effect="fade" start="100" end="0" time="200">WindowClose</animation>
			<texture colordiffuse="C2FFFFFF">colors/black.png</texture>
			<visible>$PARAM[darken_bg]</visible>
		</control>
		<control type="image">
			<left>0</left>
			<top>0</top>
			<width>$PARAM[DialogBackgroundWidth]</width>
			<height>$PARAM[DialogBackgroundHeight]</height>
			<texture border="2">dialogs/dialog-bg.png</texture>
		</control>
		<control type="image">
			<left>0</left>
			<top>0</top>
			<width>$PARAM[DialogBackgroundWidth]</width>
			<height>70</height>
			<texture colordiffuse="$VAR[ColourFocus]" border="2">colors/white70.png</texture>
		</control>
		<control type="label" id="$PARAM[DialogHeaderId]">
			<textoffsetx>70</textoffsetx>
			<left>-30</left>
			<top>0</top>
			<width>$PARAM[DialogBackgroundWidth]</width>
			<height>70</height>
			<font>font20_title</font>
			<scroll>yes</scroll>
			<label>$PARAM[DialogHeaderLabel]</label>
			<align>left</align>
			<aligny>center</aligny>
			<shadowcolor>black</shadowcolor>
		</control>
		<control type="button" id="22001">
			<left>-1920</left>
			<top>-1080</top>
			<width>5760</width>
			<height>3240</height>
			<texturefocus>-</texturefocus>
			<texturenofocus>-</texturenofocus>
			<onclick>Action(close)</onclick>
		</control>
		<control type="button" id="22002">
			<description>button overlay to avoid closing in dialog area</description>
			<left>0</left>
			<top>0</top>
			<width>$PARAM[DialogBackgroundWidth]</width>
			<height>$PARAM[DialogBackgroundHeight]</height>
			<texturefocus>-</texturefocus>
			<texturenofocus>-</texturenofocus>
			<onclick>noop</onclick>
		</control>
		<control type="radiobutton" id="22000">
			<left>$PARAM[DialogBackgroundWidth]</left>
			<top>11</top>
			<width>48</width>
			<height>48</height>
			<radiowidth>48</radiowidth>
			<radioheight>48</radioheight>
			<texturefocus>-</texturefocus>
			<texturenofocus>-</texturenofocus>
			<label></label>
			<animation effect="slide" end="-70,0" time="0" condition="true">Conditional</animation>
			<textureradioofffocus colordiffuse="EEFFFFFF">dialogs/close.png</textureradioofffocus>
			<textureradiooffnofocus colordiffuse="EEFFFFFF">icons/logo.png</textureradiooffnofocus>
			<textureradioonfocus colordiffuse="EEFFFFFF">dialogs/close.png</textureradioonfocus>
			<textureradioonnofocus colordiffuse="EEFFFFFF">icons/logo.png</textureradioonnofocus>
			<onclick>Action(close)</onclick>
		</control>
	</include>
	<include name="DialogBackgroundCommons1">
		<control type="image">
			<left>-1920</left>
			<top>-1080</top>
			<width>5760</width>
			<height>3240</height>
			<animation effect="fade" start="0" end="100" time="300">WindowOpen</animation>
			<animation effect="fade" start="100" end="0" time="200">WindowClose</animation>
			<texture colordiffuse="C2FFFFFF">colors/black.png</texture>
			<visible>$PARAM[darken_bg]</visible>
		</control>
		<control type="image">
			<left>0</left>
			<top>0</top>
			<width>$PARAM[DialogBackgroundWidth]</width>
			<height>70</height>
			<texture colordiffuse="$VAR[ColourFocus]" border="2">colors/white70.png</texture>
		</control>
		<control type="label" id="$PARAM[DialogHeaderId]">
			<textoffsetx>70</textoffsetx>
			<left>-30</left>
			<top>0</top>
			<width>$PARAM[DialogBackgroundWidth]</width>
			<height>70</height>
			<font>font20_title</font>
			<scroll>yes</scroll>
			<label>$PARAM[DialogHeaderLabel]</label>
			<align>left</align>
			<aligny>center</aligny>
			<shadowcolor>black</shadowcolor>
		</control>
		<control type="button" id="22001">
			<left>-1920</left>
			<top>-1080</top>
			<width>5760</width>
			<height>3240</height>
			<texturefocus>-</texturefocus>
			<texturenofocus>-</texturenofocus>
			<onclick>Action(close)</onclick>
		</control>
		<control type="button" id="22002">
			<description>button overlay to avoid closing in dialog area</description>
			<left>0</left>
			<top>0</top>
			<width>$PARAM[DialogBackgroundWidth]</width>
			<height>$PARAM[DialogBackgroundHeight]</height>
			<texturefocus>-</texturefocus>
			<texturenofocus>-</texturenofocus>
			<onclick>noop</onclick>
		</control>
		<control type="radiobutton" id="22000">
			<left>$PARAM[DialogBackgroundWidth]</left>
			<top>11</top>
			<width>48</width>
			<height>48</height>
			<radiowidth>48</radiowidth>
			<radioheight>48</radioheight>
			<texturefocus>-</texturefocus>
			<texturenofocus>-</texturenofocus>
			<label></label>
			<animation effect="slide" end="-70,0" time="0" condition="true">Conditional</animation>
			<textureradioofffocus colordiffuse="EEFFFFFF">dialogs/close.png</textureradioofffocus>
			<textureradiooffnofocus colordiffuse="EEFFFFFF">icons/logo.png</textureradiooffnofocus>
			<textureradioonfocus colordiffuse="EEFFFFFF">dialogs/close.png</textureradioonfocus>
			<textureradioonnofocus colordiffuse="EEFFFFFF">icons/logo.png</textureradioonnofocus>
			<onclick>Action(close)</onclick>
		</control>
	</include>
	<include name="TopBar">
		<param name="time_sublabel">$VAR[KarmaEndTimeLabel]</param>
		<definition>
			<control type="group">
				<visible>$PARAM[visible]</visible>
				<animation effect="slide" end="0,-90" time="300" tween="sine" easing="inout" condition="$EXP[infodialog_active]">conditional</animation>
				<depth>DepthBars</depth>
				<animation effect="fade" start="0" end="100" time="300" condition="[Window.Previous(fullscreenvideo) | Window.Previous(startup)] + !Window.IsVisible(1109)">WindowOpen</animation>
				<control type="image">
					<left>0</left>
					<top>0</top>
					<width>2000</width>
					<height>83</height>
					<texture>frame/InfoBar.png</texture>
					<animation effect="fade" start="100" end="0" time="300" condition="Window.Next(screencalibration)">WindowClose</animation>
					<visible>!Window.IsVisible(Home) | [Window.IsVisible(Home) + !Skin.HasSetting(home.blur) + !Skin.HasSetting(home.twotone)] | [Window.IsVisible(Home) + Skin.HasSetting(home.blur) + !ControlGroup(2000).HasFocus] | [Window.IsVisible(Home) + Skin.HasSetting(home.twotone) + !ControlGroup(2000).HasFocus]</visible>
				</control>
				<control type="image">
					<left>0</left>
					<top>0</top>
					<width>2000</width>
					<height>83</height>
					<texture colordiffuse="$VAR[ColorboxPowerModeColor]">dialogs/white.png</texture>
					<animation effect="fade" start="100" end="30" time="300" condition="true">Conditional</animation>
					<visible>Window.IsVisible(Home) + [Skin.HasSetting(home.blur) | Skin.HasSetting(home.twotone)] + ControlGroup(2000).HasFocus</visible>
				</control>

				<control type="group">
					<left>400</left>
					<top>0</top>
					<centerleft>50%</centerleft>
					<visible>Player.HasMedia + String.IsEmpty(Window(videolibrary).Property(PlayingBackgroundMedia))</visible>
					<visible>!Window.IsVisible(MyVideoNav.xml) + !ControlGroup(2000).HasFocus</visible>
					<animation effect="fade" time="200">VisibleChange</animation>
					<control type="grouplist">
						<orientation>horizontal</orientation>
						<height>38</height>
						<align>center</align>
						<itemgap>5</itemgap>
						<usecontrolcoords>true</usecontrolcoords>
						<animation effect="slide" start="0,0" end="0,15" time="0" condition="String.IsEmpty(Control.GetLabel(7700))">conditional</animation>
						<width>1020</width>
						<control type="image">
							<top>8</top>
							<width>28</width>
							<height>28</height>
							<aspectratio>keep</aspectratio>
							<texture colordiffuse="$VAR[ColourFocus]">$VAR[NowPlayingIconVar]</texture>
						</control>
						<control type="label">
							<label>$VAR[NowPlayingMainlabelVar]</label>
							<font>font13_title</font>
							<shadowcolor>text_shadow</shadowcolor>
							<height>35</height>
							<width min="1" max="992">auto</width>
						</control>
					</control>
					<control type="label" id="7700">
						<label>$VAR[NowPlayingSublabelVar]</label>
						<top>35</top>
						<font>font12</font>
						<textoffsetx>100</textoffsetx>
						<shadowcolor>text_shadow</shadowcolor>
						<height>25</height>
						<width>1020</width>
						<align>center</align>
					</control>
				</control>
				<control type="image">
					<top>10</top>
					<width>80</width>
					<height>80</height>
					<animation effect="fade" start="0" end="100" time="300">WindowOpen</animation>
					<animation effect="fade" start="100" end="0" time="200">WindowClose</animation>
					<texture colordiffuse="$VAR[ColourFocus]">$PARAM[breadcrumbs_icon]</texture>
				</control>
				<control type="button">
					<top>0</top>
					<width>120</width>
					<height>100</height>
					<onclick condition="!String.IsEmpty(Container.FolderPath)">Container.Update(" ",replace)</onclick>
					<onclick condition="String.IsEmpty(Container.FolderPath)">Action(Back)</onclick>
					<texturefocus>-</texturefocus>
					<texturenofocus>-</texturenofocus>
				</control>
				<control type="grouplist">
					<left>85</left>
					<description>Left side of top bar</description>
					<width>900</width>
					<height>100</height>
					<orientation>horizontal</orientation>
					<usecontrolcoords>true</usecontrolcoords>
					<animation effect="fade" start="0" end="100" time="300">WindowOpen</animation>
					<animation effect="fade" start="100" end="0" time="200">WindowClose</animation>
					<animation effect="slide" end="0,12" time="200" reversible="true" condition="String.IsEmpty(Container.SortMethod)">Conditional</animation>
					<control type="label">
						<label>$PARAM[breadcrumbs_label]</label>
						<include>BreadcrumbsLabel</include>
					</control>
					<control type="label">
						<label>$PARAM[breadcrumbsnextaired_label]</label>
						<include>BreadcrumbsNextAiredLabel</include>
						<visible>Window.IsVisible(script-NextAired-TVGuide.xml) | Window.IsVisible(script-NextAired-TVGuide2.xml)</visible>
					</control>
					<control type="label">
						<label>$INFO[Container.ShowTitle, / ]</label>
						<include>BreadcrumbsLabel</include>
						<visible>!String.IsEmpty(Container.ShowTitle) + !String.IsEqual(Container.ShowTitle,Container.FolderName)</visible>
					</control>
					<control type="label">
						<label>$INFO[Container.FolderName, / ]</label>
						<include>BreadcrumbsLabel</include>
						<visible>![Container.Content() + Window.IsActive(videos)]</visible>
						<visible>![Window.IsActive(PVR) | Window.IsActive(MyPVRTimers.xml)]</visible>
					</control>
					<control type="label">
						<label>$INFO[Container.PluginCategory, / ]</label>
 						<include>BreadcrumbsLabel</include>
 						<visible>!IsEmpty(Container.PluginCategory)</visible>
 					</control>
 					<control type="label">
						<label>$INFO[Control.GetLabel(10),: ]</label>
						<include>BreadcrumbsLabel</include>
						<visible>!String.IsEqual(Control.GetLabel(10),$LOCALIZE[16100]) + Window.IsActive(videos)</visible>
					</control>
					<control type="label">
						<label> ($LOCALIZE[31052])</label>
						<include>BreadcrumbsLabel</include>
						<visible>Container.Filtered</visible>
					</control>
				</control>
				<control type="label">
					<top>40</top>
					<label>$INFO[Container.SortMethod,$LOCALIZE[31022] : ]</label>
					<font>font10</font>
					<left>85</left>
					<shadowcolor>text_shadow</shadowcolor>
					<height>100</height>
					<width>auto</width>
					<visible>!String.IsEmpty(Container.SortMethod) + !Window.IsVisible(script-NextAired-TVGuide.xml) + !Window.IsVisible(script-NextAired-TVGuide2.xml)</visible>
					<animation effect="fade" time="150">VisibleChange</animation>
					<animation effect="fade" start="0" end="100" time="300">WindowOpen</animation>
					<animation effect="fade" start="100" end="0" time="200">WindowClose</animation>
				</control>
				<control type="group">
					<visible>!Window.IsVisible(extendedprogressdialog)</visible>
					<animation effect="fade" time="150">VisibleChange</animation>
					<animation effect="fade" start="100" end="0" time="300" condition="Window.Next(screencalibration)">WindowClose</animation>
					<control type="grouplist">
						<description>Right side of top bar</description>
						<right>85</right>
						<width>700</width>
						<height>100</height>
						<align>right</align>
						<orientation>horizontal</orientation>
						<usecontrolcoords>true</usecontrolcoords>
						<include condition="Skin.HasSetting(show_weatherinfo) | Window.IsActive(skinsettings)">TopWeatherIcon</include>
						<control type="label">
							<include>BreadcrumbsLabel</include>
							<label>$INFO[System.Time]</label>
						</control>
					</control>
					<control type="image" id="342111">
						<texture fallback="empty.png">$VAR[WidgetRatingFlagVar]</texture>
						<width>1</width>
						<height>1</height>
						<left>-1000</left>
					</control>
					<control type="group">
						<control type="image">
							<right>25</right>
							<top>20</top>
							<height>40</height>
							<width>40</width>
							<texture colordiffuse="$VAR[ColourFocus]">frame/clock.png</texture>
							<animation effect="fade" time="300">Visible</animation>
							<animation effect="fade" time="150">Hidden</animation>
							<aspectratio>keep</aspectratio>
							<visible>[[!Window.IsActive(volumebar) + !Skin.HasSetting(show_weatherinfo)] | [Skin.HasSetting(show_weatherinfo) + !Weather.IsFetched]] + Substring(Control.GetLabel(342111),empty.png)</visible>
						</control>
						<control type="image">
							<right>-12</right>
							<top>-2</top>
							<height>100</height>
							<width>100</width>
							<aspectratio>keep</aspectratio>
							<texture colordiffuse="$VAR[ColourFocus]">weather/small/$INFO[Weather.FanartCode].png</texture>
							<visible>!Window.IsActive(volumebar)</visible>
							<visible>Skin.HasSetting(show_weatherinfo) + Weather.IsFetched + ![String.IsEqual(Weather.FanartCode,na) + String.Contains(Weather.Conditions,/)] + Substring(Control.GetLabel(342111),empty.png)</visible>
						</control>
						<control type="image">
							<right>-12</right>
							<top>-2</top>
							<height>90</height>
							<width>100</width>
							<aspectratio>stretch</aspectratio>
							<texture colordiffuse="$VAR[ColourFocus]">$VAR[WidgetRatingFlagVar]</texture>
							<aspectratio aligny="center" align="right">keep</aspectratio>
							<visible>!Substring(Control.GetLabel(342111),empty.png)</visible>
						</control>
						<control type="label">
							<top>47</top>
							<label>$PARAM[time_sublabel]</label>
							<font>gotham24</font>
							<left>1331</left>
							<shadowcolor>text_shadow</shadowcolor>
							<height>100</height>
							<width>500</width>
							<align>right</align>
						</control>
					</control>
				</control>
				<control type="group">
					<visible>Window.IsVisible(MyVideoNav.xml) | ControlGroup(2000).HasFocus</visible>
					<top>-16</top>
					<control type="grouplist">
						<description>middle of top bar</description>
						<left>60</left>
						<top>$PARAM[posy]</top>
						<animation effect="fade" start="0" end="100" time="300" delay="300">WindowOpen</animation>
						<animation effect="fade" start="100" end="0" time="200">WindowClose</animation>
						<width>1800</width>
						<height>105</height>
						<itemgap>15</itemgap>
						<orientation>vertical</orientation>
						<control type="label">
							<width>1800</width>
							<label>$PARAM[main_label]</label>
							<font>font24_title</font>
							<shadowcolor>text_shadow</shadowcolor>
							<height>55</height>
							<align>center</align>
							<scroll>true</scroll>
							<animation effect="slide" start="0,0" end="0,15" time="0" condition="String.IsEmpty(Control.GetLabel($PARAM[id]))">Conditional</animation>
						</control>
						<control type="label" id="$PARAM[id]">
							<label>$PARAM[sub_label]</label>
							<font>font10</font>
							<left>85</left>
							<shadowcolor>text_shadow</shadowcolor>
							<textcolor>$VAR[ColourFocus]</textcolor>
							<align>center</align>
							<height>30</height>
							<width>1800</width>
							<animation effect="slide" start="0,0" end="0,-8" time="0" condition="true">Conditional</animation>
						</control>
					</control>
				</control>
			</control>
		</definition>
	</include>
	<include name="TopWeatherIcon">
		<control type="button">
			<include>BreadcrumbsLabel</include>
			<font>font20_title</font>
			<texturefocus>-</texturefocus>
			<texturenofocus>-</texturenofocus>
			<aligny>top</aligny>
			<textoffsetx>0</textoffsetx>
			<onclick>ActivateWindow(weather)</onclick>
			<label>[COLOR=subwhite]$INFO[Window(Weather).Property(Current.Temperature)]$INFO[System.TemperatureUnits]$INFO[Weather.Conditions, ,][/COLOR] </label>
			<visible>Skin.HasSetting(show_weatherinfo) + Weather.IsFetched + ![String.IsEqual(Weather.FanartCode,na) + String.Contains(Weather.Conditions,/)]</visible>
		</control>
	</include>
	<include name="BreadcrumbsLabel">
		<font>font13_title</font>
		<shadowcolor>text_shadow</shadowcolor>
		<top>7</top>
		<height>100</height>
		<width>auto</width>
		<align>left</align>
	</include>
	<include name="BreadcrumbsNextAiredLabel">
		<font>font13_title</font>
		<shadowcolor>text_shadow</shadowcolor>
		<top>20</top>
		<height>100</height>
		<width>auto</width>
		<align>left</align>
	</include>
	<include name="DefaultBackground">
		<definition>
			<control type="videowindow">
				<depth>DepthBackground</depth>
				<include>FullScreenDimensions</include>
				<visible>Player.HasVideo</visible>
				<visible>Skin.HasSetting(background_showvideo)</visible>
			</control>
			<control type="visualisation">
				<include>FullScreenDimensions</include>
				<visible>Player.HasAudio + String.IsEmpty(Window(videolibrary).Property(PlayingBackgroundMedia))</visible>
				<visible>Skin.HasSetting(background_showvisualisation)</visible>
			</control>
			<control type="group">
 				<animation effect="zoom" center="960,540" end="102,102" time="0" condition="Integer.IsGreater(System.StereoscopicMode,0)">conditional</animation>
 				<control type="image">
 					<depth>DepthBackground</depth>
 					<include>FullScreenDimensions</include>
 					<aspectratio>scale</aspectratio>
 					<animation effect="fade" start="100" end="bg_alpha" time="0" condition="Player.HasMedia + String.IsEmpty(Window(videolibrary).Property(PlayingBackgroundMedia))">Conditional</animation>
 					<animation effect="fade" start="0" end="100" time="300" condition="Window.Previous(fullscreenvideo) | Window.Previous(startup)">WindowOpen</animation>
 					<texture colordiffuse="$VAR[ColourBackground]" fallback="special://skin/extras/backgrounds/SKINDEFAULT.png">$VAR[GlobalFanartVar]</texture>
					<visible>!Window.IsVisible(Home) | [Window.IsVisible(Home) + !Skin.HasSetting(home.blur) + !Skin.HasSetting(home.twotone)] | [Window.IsVisible(Home) + Skin.HasSetting(home.blur) + Player.HasVideo + Skin.HasSetting(background_showvideo)] | [Window.IsVisible(Home) + Skin.HasSetting(home.twotone) + Player.HasVideo + Skin.HasSetting(background_showvideo)]</visible>
				</control>
 				<control type="image">
 					<depth>DepthBackground</depth>
 					<include>FullScreenDimensions</include>
 					<aspectratio>scale</aspectratio>
 					<fadetime>400</fadetime>
 					<animation effect="fade" start="0" end="100" time="400">WindowOpen</animation>
 					<animation effect="fade" start="100" end="0" time="300">WindowClose</animation>
 					<animation effect="fade" time="400">VisibleChange</animation>
 					<texture background="true" colordiffuse="$VAR[Background_Opacity]">$VAR[MediaFanartVar]</texture>
 					<visible>![Player.HasVideo + Skin.HasSetting(background_showvideo)] | !String.IsEmpty(Window(videolibrary).Property(PlayingBackgroundMedia))</visible>
 					<visible>String.IsEmpty(Window(Home).Property(SkinHelper.ExtraFanArtPath))</visible>
					<visible>!Window.IsVisible(Home)</visible>
 				</control>
 				<control type="multiimage">
            		<depth>DepthBackground</depth>
 					<include>FullScreenDimensions</include>
 					<aspectratio>scale</aspectratio>
 					<fadetime>400</fadetime>
 					<animation effect="fade" start="0" end="100" time="400">WindowOpen</animation>
 					<animation effect="fade" start="100" end="0" time="300">WindowClose</animation>
 					<animation effect="fade" time="400">VisibleChange</animation>
            		<imagepath background="true" colordiffuse="$VAR[Background_Opacity]">$INFO[Window(Home).Property(SkinHelper.ExtraFanArtPath)]</imagepath>
            		<timeperimage>3000</timeperimage>
            		<randomize>true</randomize>
            		<visible>!String.IsEmpty(Window(Home).Property(SkinHelper.ExtraFanArtPath))</visible>
            		<visible>!String.StartsWith(Container.FolderPath,plugin://)</visible>
					<visible>!Window.IsVisible(Home)</visible>
            		<visible>![Player.HasVideo + Skin.HasSetting(background_showvideo)] | !String.IsEmpty(Window(videolibrary).Property(PlayingBackgroundMedia))</visible>
            	</control>
				<control type="multiimage">
					<depth>DepthBackground</depth>
					<include>FullScreenDimensions</include>
					<aspectratio>scale</aspectratio>
					<fadetime>400</fadetime>
					<animation effect="fade" start="0" end="100" time="400">WindowOpen</animation>
					<animation effect="fade" start="100" end="0" time="300">WindowClose</animation>
					<animation effect="fade" time="400">VisibleChange</animation>
					<imagepath background="true" colordiffuse="$VAR[Background_Opacity]">$INFO[Window(Home).Property(SkinHelper.Music.ExtraFanArt)]</imagepath>
					<timeperimage>3000</timeperimage>
					<randomize>true</randomize>
					<visible>!String.IsEmpty(Window(Home).Property(SkinHelper.Music.ExtraFanArt))</visible>
					<visible>!String.StartsWith(Container.FolderPath,plugin://)</visible>
					<visible>!Window.IsVisible(Home)</visible>
					<visible>![Player.HasVideo + Skin.HasSetting(background_showvideo)] | !String.IsEmpty(Window(videolibrary).Property(PlayingBackgroundMedia))</visible>
				</control>
			</control>
		</definition>
	</include>
	<include name="BottomBar">
		<param name="PageLabel">$VAR[BottomBarPageLabel]</param>
		<param name="info_visible">False</param>
		<definition>
			<control type="group">
				<animation effect="slide" end="0,90" time="300" tween="sine" easing="inout" condition="$EXP[infodialog_active]">conditional</animation>
				<depth>DepthBars</depth>
				<animation effect="fade" start="100" end="0" time="300" condition="Window.Next(visualisation) | Window.Next(screencalibration)">WindowClose</animation>
				<animation effect="fade" start="0" end="100" time="300" condition="Window.Previous(fullscreenvideo) | Window.Previous(startup) | Window.Previous(visualisation)">WindowOpen</animation>
				<control type="image">
					<left>0</left>
					<top>995</top>
					<width>2000</width>
					<height>85</height>
					<texture flipy="true">frame/InfoBar.png</texture>
					<visible>![String.IsEqual(Skin.String(HideBars.label),$LOCALIZE[40069]) + [Window.IsVisible(MyVideoNav.xml) | Window.IsVisible(MyMusicNav.xml)] + !Container.Content(addons) + [Control.IsVisible(500) | Control.IsVisible(501) | Control.IsVisible(502) | Control.IsVisible(50) | Control.IsVisible(51) | Control.IsVisible(53) | Control.IsVisible(54) | [Control.IsVisible(55) + !Container.Content(actors) + !Container.Content(directors) + ![Control.IsVisible(55) + Window.IsVisible(MyVideoNav.xml)]] | Control.IsVisible(56) | Control.IsVisible(57) | Control.IsVisible(58) | Control.IsVisible(59) | Control.IsVisible(60)]]</visible>
					<visible>[Window.IsVisible(Home) + !Skin.HasSetting(home.blur) + !Skin.HasSetting(home.twotone)] | [Window.IsVisible(Home) + Skin.HasSetting(home.blur) + !ControlGroup(2000).HasFocus] | [Window.IsVisible(Home) + Skin.HasSetting(home.twotone) + !ControlGroup(2000).HasFocus]</visible>
				</control>

				<control type="image">
					<left>0</left>
					<top>995</top>
					<width>2000</width>
					<height>85</height>
					<texture colordiffuse="$VAR[ColorboxPowerModeColor]">dialogs/white.png</texture>
					<animation effect="fade" start="100" end="30" time="300" condition="true">Conditional</animation>
					<visible>Window.IsVisible(Home) + [Skin.HasSetting(home.blur) | Skin.HasSetting(home.twotone)] + ControlGroup(2000).HasFocus</visible>
				</control>
				<control type="group">
					<visible>$PARAM[info_visible]</visible>
					<visible>!System.HasModalDialog</visible>
					<animation effect="fade" time="400">VisibleChange</animation>
					<animation effect="fade" start="0" end="100" time="400">WindowOpen</animation>
					<animation effect="fade" start="100" end="0" time="300">WindowClose</animation>
					<top>1019</top>
					<control type="group">
 						<visible>!$EXP[sidebar_focused]</visible>
 						<control type="button">
 							<left>17</left>
 							<width>44</width>
 							<height>44</height>
 							<animation effect="rotate" end="-90" center="40,23" time="200" reversible="true" condition="Control.IsVisible(51) | Control.IsVisible(53) | Control.IsVisible(60)">Conditional</animation>
 							<texturefocus colordiffuse="$VAR[ColourFocus]">frame/menu-nofo.png</texturefocus>
 							<texturenofocus colordiffuse="$VAR[ColourFocus]">frame/menu-nofo.png</texturenofocus>
 							<animation effect="fade" time="200">VisibleChange</animation>
 							<onclick>SetFocus(9000)</onclick>
 							<visible>!Control.IsVisible(6160)</visible>
 							<visible>!Skin.HasSetting(KioskMode)</visible>
 						</control>
 						<control type="button" id="6160">
 							<left>17</left>
 							<width>44</width>
 							<height>44</height>
 							<texturefocus colordiffuse="$VAR[ColourFocus]">icons/menu.png</texturefocus>
 							<texturenofocus colordiffuse="$VAR[ColourFocus]">icons/menu.png</texturenofocus>
 							<animation effect="fade" time="200">VisibleChange</animation>
 							<onclick>SetFocus(9000)</onclick>
 							<visible>Window.IsActive(MyPVRGuide.xml) + Control.IsVisible(10)</visible>
 							<visible>!Skin.HasSetting(KioskMode)</visible>
 						</control>
 						<control type="button">
 							<left>74</left>
 							<width>300</width>
 							<height>44</height>
 							<shadowcolor>text_shadow</shadowcolor>
 							<label>$LOCALIZE[33063]</label>
 							<onclick>SetFocus(9000)</onclick>
 							<texturefocus>-</texturefocus>
 							<texturenofocus>-</texturenofocus>
 							<animation effect="fade" time="225">VisibleChange</animation>
 							<visible>!Skin.HasSetting(KioskMode)</visible>
 						</control>
 					</control>	
					<control type="image">
						<left>17</left>
						<width>44</width>
						<height>44</height>
						<texture colordiffuse="$VAR[ColourFocus]">frame/menu-fo.png</texture>
						<animation effect="fade" time="200">VisibleChange</animation>
						<visible>$EXP[sidebar_focused]</visible>
 						<visible>!Player.HasMedia | !String.IsEmpty(Window(videolibrary).Property(PlayingBackgroundMedia))</visible>
					</control>
				</control>

				<!-- ratings etc -->
				<control type="group">
					<visible>ControlGroup(2000).HasFocus</visible>
					<animation effect="slide" end="0,20" time="400" condition="Control.HasFocus(80133)">Conditional</animation>
					<left>100</left>
					<top>258</top>
					<width>1854</width>
					<height>45</height>
					<control type="label" id="91211">
						<label>$VAR[WidgetLabelKarma]</label>
						<width>1</width>
						<height>1</height>
						<left>-1000</left>
					</control>
					<control type="label" id="912161">
						<label>$VAR[WidgetRatingLabelKarma]</label>
						<width>1</width>
						<height>1</height>
						<left>-1000</left>
					</control>
					<control type="label" id="912162">
						<label>$VAR[WidgetUserRatingLabelKarma]</label>
						<width>1</width>
						<height>1</height>
						<left>-1000</left>
					</control>
					<control type="image" id="89122">
						<top>750</top>
						<left>-40</left>
						<width>380</width>
						<height>69</height>
						<texture fallback="E.png">$VAR[WidgetLogoKarma]</texture>
						<aspectratio align="left" aligny="top">keep</aspectratio>
						<visible>!IsEmpty(Control.GetLabel(91211))</visible>
					</control>
					<control type="image">
						<right>120</right>
						<top>750</top>
						<width>240</width>
						<height>69</height>
						<texture>$VAR[ColourStudio]</texture>
						<aspectratio aligny="center" align="right">keep</aspectratio>
					</control>
					<control type="image">
						<right>120</right>
						<top>750</top>
						<width>240</width>
						<height>69</height>
						<texture>$VAR[MusicViewRecordLabelIcon]</texture>
						<aspectratio aligny="center" align="right">keep</aspectratio>
					</control>

					<control type="image">
						<right>120</right>
						<top>740</top>
						<width>80</width>
						<height>80</height>
						<texture>$INFO[Window(home).Property(SkinHelper.PVR.CharacterArt)]</texture>
						<aspectratio aligny="center" align="right">keep</aspectratio>
						<visible>!IsEmpty(Window(home).Property(SkinHelper.PVR.CharacterArt))</visible>
						<visible>Control.HasFocus(12200)</visible>
					</control>
					<control type="grouplist">
						<animation effect="zoom" start="100" end="150" time="0" condition="true">Conditional</animation>
						<left>650</left>
						<top>756</top>
						<width>1500</width>
						<height>70</height>
						<orientation>horizontal</orientation>
						<itemgap>6</itemgap>
						<control type="label">
							<aligny>center</aligny>
							<align>left</align>
							<font>symbol34</font>
							<textcolor>IMDB</textcolor>
							<height>33</height>
							<width>auto</width>
							<label></label>
							<visible>!IsEmpty(Window(Home).Property(SkinHelper.IMDB.Rating))</visible>
							<animation effect="zoom" start="100" end="91" time="0" condition="true">Conditional</animation>
							<animation effect="slide" end="0,4" time="0" condition="true">Conditional</animation>
						</control>
						<control type="label">
							<aligny>bottom</aligny>
							<align>left</align>
							<font>font10</font>
							<height>27</height>
							<width>auto</width>
							<label>$INFO[Window(Home).Property(SkinHelper.IMDB.Rating)]</label>
							<visible>!IsEmpty(Window(Home).Property(SkinHelper.IMDB.Rating))</visible>
							<animation effect="slide" end="0,4" time="0" condition="true">Conditional</animation>
						</control>
						<control type="image">
							<height>33</height>
							<width>30</width>
							<texture>$VAR[RottenTomatoesIcon]</texture>
							<aspectratio>keep</aspectratio>
							<aligny>bottom</aligny>
							<visible>!StringCompare(Window(Home).Property(SkinHelper.RottenTomatoesMeter),n/a)</visible>
							<visible>!StringCompare(Window(Home).Property(SkinHelper.RottenTomatoesMeter),)</visible>
							<animation effect="slide" end="2,5" time="0" condition="true">Conditional</animation>
						</control>
						<control type="label">
							<aligny>bottom</aligny>
							<align>left</align>
							<font>font10</font>
							<height>27</height>
							<width>auto</width>
							<label>$INFO[Window(Home).Property(SkinHelper.RottenTomatoesMeter),,% ]</label>
							<visible>!StringCompare(Window(Home).Property(SkinHelper.RottenTomatoesMeter),n/a)</visible>
							<visible>!StringCompare(Window(Home).Property(SkinHelper.RottenTomatoesMeter),)</visible>
							<animation effect="slide" end="0,4" time="0" condition="true">Conditional</animation>
						</control>
						<control type="image">
							<height>31</height>
							<width>30</width>
							<texture>$VAR[RottenAudienceIcon]</texture>
							<aspectratio>keep</aspectratio>
							<aligny>bottom</aligny>
							<visible>!IsEmpty(Window(Home).Property(SkinHelper.RottenTomatoesAudienceMeter))</visible>
							<animation effect="slide" end="0,5" time="0" condition="true">Conditional</animation>
						</control>
						<control type="label">
							<aligny>bottom</aligny>
							<align>left</align>
							<font>font10</font>
							<height>27</height>
							<width>auto</width>
							<label>$INFO[Window(Home).Property(SkinHelper.RottenTomatoesAudienceMeter),,% ]</label>
							<visible>!IsEmpty(Window(Home).Property(SkinHelper.RottenTomatoesAudienceMeter))</visible>
							<animation effect="slide" end="0,4" time="0" condition="true">Conditional</animation>
						</control>
						<control type="label">
							<aligny>center</aligny>
							<align>left</align>
							<font>symbol34</font>
							<label>$VAR[LabelUserRatingKarma, ]</label>
							<height>34</height>
							<width>auto</width>
							<visible>!IsEmpty(Control.GetLabel(912162))</visible>
						</control>
						<control type="label">
							<aligny>bottom</aligny>
							<align>left</align>
							<font>font10</font>
							<height>27</height>
							<width>auto</width>
							<label>$VAR[WidgetUserRatingLabelKarma]</label>
							<visible>!IsEmpty(Control.GetLabel(912162))</visible>
							<animation effect="slide" end="0,4" time="0" condition="true">Conditional</animation>
						</control>

						<control type="button">
							<width>30</width>
							<height>23</height>
							<textcolor>black</textcolor>
							<textoffsetx>0</textoffsetx>
							<label>$INFO[Window(Home).Property(SkinHelper.MetaCritic.Rating)]</label>
							<font>font9_title</font>
							<aligny>bottom</aligny>
							<align>center</align>
							<texturefocus colordiffuse="$VAR[CommunityRatingColour]">dialogs/white.png</texturefocus>
							<texturenofocus colordiffuse="$VAR[CommunityRatingColour]">dialogs/white.png</texturenofocus>
							<visible>!IsEmpty(Window(Home).Property(SkinHelper.MetaCritic.Rating))</visible>
							<visible>!StringCompare(Window(Home).Property(SkinHelper.MetaCritic.Rating),n/a)</visible>
							<animation effect="slide" end="0,9" time="0" condition="true">Conditional</animation>
						</control>

						<control type="label">
							<aligny>center</aligny>
							<align>left</align>
							<font>symbol34</font>
							<textcolor>IMDB</textcolor>
							<height>33</height>
							<width>auto</width>
							<label></label>
							<visible>!IsEmpty(Window(Home).Property(SkinHelper.IMDB.Top250))</visible>
							<animation effect="zoom" start="100" end="82" time="0" condition="true">Conditional</animation>
							<animation effect="slide" end="2,9" time="0" condition="true">Conditional</animation>
						</control>
						<control type="label">
							<aligny>bottom</aligny>
							<align>left</align>
							<font>font10</font>
							<height>27</height>
							<width>auto</width>
							<label>$INFO[Window(Home).Property(SkinHelper.IMDB.Top250),#,]</label>
							<visible>!IsEmpty(Window(Home).Property(SkinHelper.IMDB.Top250))</visible>
							<animation effect="slide" end="-4,4" time="0" condition="true">Conditional</animation>
						</control>
					</control>
				</control>

				<control type="group">
					<visible>Window.IsVisible(MyVideoNav.xml) + !Window.IsVisible(DialogVideoInfo.xml)</visible>
					<animation effect="slide" end="0,20" time="400" condition="Control.HasFocus(80133)">Conditional</animation>
					<left>100</left>
					<top>258</top>
					<width>1854</width>
					<height>45</height>
					<control type="image" id="89122">
						<top>677</top>
						<left>-85</left>
						<width>380</width>
						<height>69</height>
						<texture fallback="E.png">$VAR[ClearLogo]</texture>
						<aspectratio align="left" aligny="center">keep</aspectratio>
					</control>
					<control type="image">
						<right>44</right>
						<top>684</top>
						<width>240</width>
						<height>69</height>
						<texture>$VAR[ColourStudio]</texture>
						<aspectratio aligny="center" align="right">keep</aspectratio>
					</control>
					<control type="grouplist">
						<animation effect="zoom" start="100" end="150" time="0" condition="true">Conditional</animation>
						<left>650</left>
						<top>756</top>
						<width>1500</width>
						<height>70</height>
						<orientation>horizontal</orientation>
						<itemgap>6</itemgap>
						<visible>!IsEmpty(Window(Home).Property(SkinHelper.IMDB.Rating)) + !IsEmpty(Window(Home).Property(SkinHelper.RottenTomatoesMeter))</visible>
						<control type="label">
							<aligny>center</aligny>
							<align>left</align>
							<font>symbol34</font>
							<textcolor>IMDB</textcolor>
							<height>33</height>
							<width>auto</width>
							<label></label>
							<visible>!IsEmpty(Window(Home).Property(SkinHelper.IMDB.Rating))</visible>
							<animation effect="zoom" start="100" end="91" time="0" condition="true">Conditional</animation>
							<animation effect="slide" end="0,4" time="0" condition="true">Conditional</animation>
						</control>
						<control type="label">
							<aligny>bottom</aligny>
							<align>left</align>
							<font>font10</font>
							<height>27</height>
							<width>auto</width>
							<label>$INFO[Window(Home).Property(SkinHelper.IMDB.Rating)]</label>
							<visible>!IsEmpty(Window(Home).Property(SkinHelper.IMDB.Rating))</visible>
							<animation effect="slide" end="0,4" time="0" condition="true">Conditional</animation>
						</control>
						<control type="image">
							<height>33</height>
							<width>30</width>
							<texture>$VAR[RottenTomatoesIcon]</texture>
							<aspectratio>keep</aspectratio>
							<aligny>bottom</aligny>
							<visible>!StringCompare(Window(Home).Property(SkinHelper.RottenTomatoesMeter),n/a)</visible>
							<visible>!StringCompare(Window(Home).Property(SkinHelper.RottenTomatoesMeter),)</visible>
							<animation effect="slide" end="2,5" time="0" condition="true">Conditional</animation>
						</control>
						<control type="label">
							<aligny>bottom</aligny>
							<align>left</align>
							<font>font10</font>
							<height>27</height>
							<width>auto</width>
							<label>$INFO[Window(Home).Property(SkinHelper.RottenTomatoesMeter),,% ]</label>
							<visible>!StringCompare(Window(Home).Property(SkinHelper.RottenTomatoesMeter),n/a)</visible>
							<visible>!StringCompare(Window(Home).Property(SkinHelper.RottenTomatoesMeter),)</visible>
							<animation effect="slide" end="0,4" time="0" condition="true">Conditional</animation>
						</control>
						<control type="image">
							<height>31</height>
							<width>30</width>
							<texture>$VAR[RottenAudienceIcon]</texture>
							<aspectratio>keep</aspectratio>
							<aligny>bottom</aligny>
							<visible>!IsEmpty(Window(Home).Property(SkinHelper.RottenTomatoesAudienceMeter))</visible>
							<animation effect="slide" end="0,5" time="0" condition="true">Conditional</animation>
						</control>
						<control type="label">
							<aligny>bottom</aligny>
							<align>left</align>
							<font>font10</font>
							<height>27</height>
							<width>auto</width>
							<label>$INFO[Window(Home).Property(SkinHelper.RottenTomatoesAudienceMeter),,% ]</label>
							<visible>!IsEmpty(Window(Home).Property(SkinHelper.RottenTomatoesAudienceMeter))</visible>
							<animation effect="slide" end="0,4" time="0" condition="true">Conditional</animation>
						</control>
						<control type="label">
							<aligny>center</aligny>
							<align>left</align>
							<font>symbol34</font>
							<label>$VAR[LabelUserRatingKarmaListItem, ]</label>
							<height>34</height>
							<width>auto</width>
							<visible>!IsEmpty(ListItem.UserRating)</visible>
						</control>
						<control type="label">
							<aligny>bottom</aligny>
							<align>left</align>
							<font>font10</font>
							<height>27</height>
							<width>auto</width>
							<label>$INFO[ListItem.UserRating]</label>
							<visible>!IsEmpty(ListItem.UserRating)</visible>
							<animation effect="slide" end="0,4" time="0" condition="true">Conditional</animation>
						</control>

						<control type="button">
							<width>30</width>
							<height>23</height>
							<textcolor>black</textcolor>
							<textoffsetx>0</textoffsetx>
							<label>$INFO[Window(Home).Property(SkinHelper.MetaCritic.Rating)]</label>
							<font>font9_title</font>
							<aligny>bottom</aligny>
							<align>center</align>
							<texturefocus colordiffuse="$VAR[CommunityRatingColour]">dialogs/white.png</texturefocus>
							<texturenofocus colordiffuse="$VAR[CommunityRatingColour]">dialogs/white.png</texturenofocus>
							<visible>!IsEmpty(Window(Home).Property(SkinHelper.MetaCritic.Rating))</visible>
							<visible>!StringCompare(Window(Home).Property(SkinHelper.MetaCritic.Rating),n/a)</visible>
							<animation effect="slide" end="0,9" time="0" condition="true">Conditional</animation>
						</control>

						<control type="label">
							<aligny>center</aligny>
							<align>left</align>
							<font>symbol34</font>
							<textcolor>IMDB</textcolor>
							<height>33</height>
							<width>auto</width>
							<label></label>
							<visible>!IsEmpty(Window(Home).Property(SkinHelper.IMDB.Top250))</visible>
							<animation effect="zoom" start="100" end="82" time="0" condition="true">Conditional</animation>
							<animation effect="slide" end="2,9" time="0" condition="true">Conditional</animation>
						</control>
						<control type="label">
							<aligny>bottom</aligny>
							<align>left</align>
							<font>font10</font>
							<height>27</height>
							<width>auto</width>
							<label>$INFO[Window(Home).Property(SkinHelper.IMDB.Top250),#,]</label>
							<visible>!IsEmpty(Window(Home).Property(SkinHelper.IMDB.Top250))</visible>
							<animation effect="slide" end="-4,4" time="0" condition="true">Conditional</animation>
						</control>
					</control>
				</control>

				<control type="group">
					<visible>Window.IsVisible(MyMusicNav.xml) | Window.IsVisible(DialogMusicInfo.xml) </visible>
					<animation effect="slide" end="0,20" time="400" condition="Control.HasFocus(80133)">Conditional</animation>
					<left>100</left>
					<top>258</top>
					<width>1854</width>
					<height>45</height>
					<control type="image" id="89122">
						<top>677</top>
						<left>-85</left>
						<width>361</width>
						<height>64</height>
						<texture fallback="E.png">$VAR[ClearLogo]</texture>
						<aspectratio align="left" aligny="center">keep</aspectratio>
					</control>
					<control type="image">
						<right>44</right>
						<top>684</top>
						<width>228</width>
						<height>64</height>
						<texture>$VAR[MusicViewRecordLabelIcon]</texture>
						<aspectratio aligny="center" align="right">keep</aspectratio>
					</control>
				</control>


				<control type="label" id="23000">
					<bottom>0</bottom>
					<right>5</right>
					<label>$INFO[ListItem.SortLetter]</label>
					<font>font35_title</font>
					<width>80</width>
					<height>80</height>
					<align>center</align>
					<textcolor>$VAR[ColourFocus]</textcolor>
					<visible>!System.HasModalDialog</visible>
					<visible>Container.Scrolling</visible>
					<visible>!Container.Content(seasons)</visible>
					<visible>String.IsEqual(Container.SortMethod,$LOCALIZE[551]) | String.IsEqual(Container.SortMethod,$LOCALIZE[561]) | String.IsEqual(Container.SortMethod,$LOCALIZE[558]) | String.IsEqual(Container.SortMethod,$LOCALIZE[557]) | String.IsEqual(Container.SortMethod,$LOCALIZE[556]) | String.IsEqual(Container.SortMethod,$LOCALIZE[563])</visible>
					<animation effect="fade" start="0" end="100" time="200" reversible="true">VisibleChange</animation>
					<animation effect="fade" start="100" end="0" time="200">WindowClose</animation>
				</control>
				<control type="grouplist">
					<animation effect="fade" start="0" end="100" time="400">WindowOpen</animation>
					<animation effect="fade" start="100" end="0" time="300">WindowClose</animation>
					<orientation>horizontal</orientation>
					<align>right</align>
					<top>1015</top>
					<right>24</right>
					<width>1200</width>
					<itemgap>10</itemgap>
					<visible>!System.HasModalDialog + !Window.isActive(musicplaylisteditor) + !Window.isVisible(MyPVRGuide.xml) + !Window.isVisible(MyPVRChannels.xml) + !Window.isVisible(MyPVRRecordings.xml) + !Window.isVisible(MyPVRSearch.xml) + !Window.isVisible(MyPVRTimers.xml)</visible>
					<animation effect="fade" delay="1" time="200">VisibleChange</animation>
					<control type="label">
						<width>auto</width>
						<height>48</height>
						<aligny>center</aligny>
						<align>right</align>
						<shadowcolor>text_shadow</shadowcolor>
						<label>$PARAM[PageLabel]</label>
					</control>
					<control type="image">
						<width>54</width>
						<height>44</height>
						<aspectratio>keep</aspectratio>
						<texture colordiffuse="$VAR[ColourFocus]">frame/item-count.png</texture>
						<animation effect="fade" time="200">VisibleChange</animation>
						<visible>!String.IsEmpty(Container.NumItems)</visible>
						<animation effect="fade" start="100" end="0" time="250" delay="200" reversible="true" condition="Control.IsVisible(23000)">Conditional</animation>
						<animation effect="fade" start="0" end="100" time="250" reversible="true" delay="200" condition="!Control.IsVisible(23000)">Conditional</animation>
					</control>
				</control>
				<control type="grouplist">
					<animation effect="fade" start="0" end="100" time="400">WindowOpen</animation>
					<animation effect="fade" start="100" end="0" time="300">WindowClose</animation>
					<orientation>horizontal</orientation>
					<align>left</align>
					<top>1015</top>
					<left>24</left>
					<width>1200</width>
					<itemgap>10</itemgap>
					<visible>Window.isVisible(MyPVRGuide.xml) | Window.isVisible(MyPVRRecordings.xml) | Window.isVisible(MyPVRChannels.xml) | Window.isVisible(MyPVRSearch.xml) | Window.isVisible(MyPVRTimers.xml)</visible>
					<animation effect="fade" delay="1" time="200">VisibleChange</animation>
					<control type="label">
						<width>auto</width>
						<height>48</height>
						<aligny>center</aligny>
						<align>right</align>
						<shadowcolor>text_shadow</shadowcolor>
						<label>$PARAM[PageLabel]</label>
						<font>sky25</font>
					</control>
					<control type="image">
						<width>54</width>
						<height>44</height>
						<aspectratio>keep</aspectratio>
						<texture colordiffuse="$VAR[ColourFocus]">frame/item-count.png</texture>
						<animation effect="fade" time="200">VisibleChange</animation>
						<visible>!String.IsEmpty(Container.NumItems)</visible>
						<animation effect="fade" start="100" end="0" time="250" delay="200" reversible="true" condition="Control.IsVisible(23000)">Conditional</animation>
						<animation effect="fade" start="0" end="100" time="250" reversible="true" delay="200" condition="!Control.IsVisible(23000)">Conditional</animation>
					</control>
				</control>
			</control>
		</definition>
	</include>
	<include name="BottomBarTwoListInfo">
		<control type="group">
			<animation effect="fade" start="0" end="100" time="400">WindowOpen</animation>
			<animation effect="fade" start="100" end="0" time="300">WindowClose</animation>
			<control type="grouplist">
				<orientation>horizontal</orientation>
				<align>right</align>
				<top>1015</top>
				<itemgap>10</itemgap>
				<right>24</right>
				<width>1200</width>
				<control type="label">
					<width>auto</width>
					<height>48</height>
					<aligny>center</aligny>
					<align>right</align>
					<shadowcolor>text_shadow</shadowcolor>
					<textcolor>$VAR[ColourFocus]</textcolor>
					<visible>Control.HasFocus($PARAM[right_scrollbar_id])</visible>
					<label>$INFO[Container($PARAM[right_container_id]).CurrentPage,, / ]$INFO[Container($PARAM[right_container_id]).NumPages]</label>
				</control>
				<control type="label">
					<width>auto</width>
					<height>48</height>
					<aligny>center</aligny>
					<align>right</align>
					<shadowcolor>text_shadow</shadowcolor>
					<visible>!Control.HasFocus($PARAM[right_scrollbar_id])</visible>
					<label>$INFO[Container($PARAM[right_container_id]).CurrentItem,, / ]$INFO[Container($PARAM[right_container_id]).NumItems]</label>
				</control>
				<control type="image">
					<width>54</width>
					<height>44</height>
					<aspectratio>keep</aspectratio>
					<texture colordiffuse="$VAR[ColourFocus]">frame/item-count.png</texture>
				</control>
			</control>
			<control type="grouplist">
				<orientation>horizontal</orientation>
				<align>left</align>
				<top>1015</top>
				<left>24</left>
				<width>1200</width>
				<itemgap>10</itemgap>
				<control type="image">
					<width>54</width>
					<height>44</height>
					<aspectratio>keep</aspectratio>
					<texture colordiffuse="$VAR[ColourFocus]">frame/item-count.png</texture>
				</control>
				<control type="label">
					<width>auto</width>
					<height>48</height>
					<aligny>center</aligny>
					<align>right</align>
					<shadowcolor>text_shadow</shadowcolor>
					<visible>!Control.HasFocus($PARAM[left_scrollbar_id])</visible>
					<label>$INFO[Container($PARAM[left_container_id]).CurrentItem,, / ]$INFO[Container($PARAM[left_container_id]).NumItems]</label>
				</control>
				<control type="label">
					<width>auto</width>
					<height>48</height>
					<aligny>center</aligny>
					<align>right</align>
					<shadowcolor>text_shadow</shadowcolor>
					<textcolor>$VAR[ColourFocus]</textcolor>
					<visible>Control.HasFocus($PARAM[left_scrollbar_id])</visible>
					<label>$INFO[Container($PARAM[left_container_id]).CurrentPage,, / ]$INFO[Container($PARAM[left_container_id]).NumPages]</label>
				</control>
			</control>
		</control>
	</include>
	<include name="FullScreenDimensions">
		<left>0</left>
		<top>0</top>
		<width>1920</width>
		<height>1080</height>
	</include>

	<include name="Furniture_Cast">
		<control type="group">
			<visible>!Window.IsVisible(DialogVideoInfo.xml) + !Window.IsVisible(DialogAlbumInfo.xml) + !Window.IsVisible(script-ExtendedInfo Script-DialogVideoInfo.xml) + !Window.IsVisible(script-ExtendedInfo Script-DialogInfo.xml) + !Window.IsVisible(script-ExtendedInfo Script-VideoList.xml) + !Control.IsVisible(500) + !Control.IsVisible(54) + !Control.IsVisible(52) + !Control.IsVisible(53) + !Control.IsVisible(56) + !Control.IsVisible(58) + !Control.IsVisible(515) + !Control.IsVisible(517)</visible>
			<visible>Container.Content(sets) | Container.Content(movies) | Container.Content(episodes) | Container.Content(tvshows) | Container.Content(seasons)</visible>
			<visible>Skin.HasSetting(show.cast)</visible>
			<visible>!Control.IsVisible(502)</visible>
			<visible>!StringCompare(ListItem.Label,..)</visible>
			<top>82</top>
			<left>100</left>
			<control id="508923" type="wraplist">
				<top>-1</top>
				<left>10</left>
				<width>1700</width>
				<height>90</height>
				<onup>50</onup>
				<ondown>50</ondown>
				<onleft>7000</onleft>
				<onright>noop</onright>
				<onback>50</onback>
				<preloaditems>8</preloaditems>
				<focusposition>13</focusposition>
				<autoscroll time="3000">!Control.HasFocus(508923)</autoscroll>
				<viewtype label="">list</viewtype>
				<orientation>horizontal</orientation>
				<defaultcontrol always="true">0</defaultcontrol>
				<scrolltime easing="inout" tween="sine">300</scrolltime>
				<animation effect="fade" end="100" start="0" time="300">Visible</animation>
				<animation effect="fade" end="0" start="100" time="300">Hidden</animation>
				<itemlayout height="90" width="62.962963">
					<control type="group">
						<animation effect="zoom" end="85" start="100" time="200" center="auto" condition="Control.HasFocus(508923)">Conditional</animation>
						<control type="label">
							<left>0</left>
							<top>0</top>
							<right>0</right>
							<bottom>0</bottom>
							<height>90</height>
							<aligny>center</aligny>
							<align>center</align>
							<font>symbolbiggest</font>
							<label></label>
							<fadetime>300</fadetime>
						</control>
						<control type="image">
							<left>0</left>
							<top>0</top>
							<right>0</right>
							<bottom>0</bottom>
							<aspectratio align="center" aligny="top">scale</aspectratio>
							<texture background="true">$VAR[PosterImage]</texture>
							<fadetime>200</fadetime>
						</control>
						<control type="image">
							<left>0</left>
							<top>0</top>
							<right>0</right>
							<bottom>0</bottom>
							<texture colordiffuse="eeffffff">dialogs/white.png</texture>
							<animation effect="fade" end="45" start="45" time="0" condition="true">Conditional</animation>
						</control>
					</control>
				</itemlayout>
				<focusedlayout height="90" width="62.962963">
					<control type="group">
						<control type="label">
							<left>0</left>
							<top>0</top>
							<right>0</right>
							<bottom>0</bottom>
							<height>90</height>
							<aligny>center</aligny>
							<align>center</align>
							<font>symbolbiggest</font>
							<label></label>
							<fadetime>300</fadetime>
						</control>
						<control type="image">
							<left>0</left>
							<top>0</top>
							<right>0</right>
							<bottom>0</bottom>
							<aspectratio align="center" aligny="top">scale</aspectratio>
							<texture background="true">$INFO[ListItem.Icon]</texture>
							<fadetime>00</fadetime>
						</control>
					</control>
				</focusedlayout>
				<content target="video">$VAR[DefWidgetCast]</content>
			</control>
			<control type="image">
				<left>10</left>
				<top>80</top>
				<width>1700</width>
				<height>21</height>
				<texture colordiffuse="$VAR[CommunityRatingColour1]">dialogs/white.png</texture>
				<visible>IntegerGreaterThan(Container(508923).NumItems,0)</visible>
			</control>
			<control type="label">
				<left>10</left>
				<top>76</top>
				<width>1700</width>
				<height>21</height>
				<font>font9</font>
				<textcolor>black</textcolor>
				<align>center</align>
				<scroll>true</scroll>
				<label>$INFO[Container(508923).ListItem(0).Label]$INFO[Container(508923).ListItem(0).Label2, $LOCALIZE[20347] ]</label>
			</control>
		</control>
	</include>

</includes>
