<?xml version="1.0" encoding="utf-8"?>
<window>
	<defaultcontrol>-</defaultcontrol>
	<controls>
		<control type="group" id="0">
			<!-- codec infos -->
			<control type="image">
				<left>-10</left>
				<top>-465</top>
				<width>1960</width>
				<height>765</height>
				<texture colordiffuse="ff000000" border="40">buttons/dialogbutton-nofo.png</texture>
				<animation effect="slide" end="0,250" time="160" tween="cubic" condition="VideoPlayer.Content(LiveTV) + System.GetBool(pvrplayback.signalquality)">Conditional</animation>
			</control>
			<control type="label" id="10">
				<left>45</left>
				<top>15</top>
				<width>1770</width>
				<height>100</height>
				<label>-</label>
				<font>font12</font>
			</control>
			<control type="label" id="11">
				<left>45</left>
				<top>95</top>
				<width>1770</width>
				<height>100</height>
				<label>-</label>
				<font>font12</font>
			</control>
			<control type="label" id="12">
				<left>45</left>
				<top>175</top>
				<width>1770</width>
				<height>100</height>
				<label>-</label>
				<font>font12</font>
			</control>
			<control type="group">
				<visible>VideoPlayer.Content(LiveTV) + system.getbool(pvrplayback.signalquality)</visible>
				<top>310</top>
				<control type="label">
					<description>Header</description>
					<left>50</left>
					<width>1720</width>
					<height>65</height>
					<align>center</align>
					<aligny>top</aligny>
					<label>$LOCALIZE[19005]</label>
					<font>font24_title</font>
					<textcolor>$VAR[ColourFocus]</textcolor>
				</control>
				<control type="grouplist">
					<orientation>vertical</orientation>
					<left>20</left>
					<top>90</top>
					<include content="LeftRightAlignedInfoLine">
						<param name="label" value="$LOCALIZE[19012]" />
						<param name="value" value="$INFO[PVR.ActStreamClient]" />
					</include>
					<include content="LeftRightAlignedInfoLine">
						<param name="label" value="$LOCALIZE[19006]" />
						<param name="value" value="$INFO[PVR.ActStreamDevice]" />
					</include>
					<include content="LeftRightAlignedInfoLine">
						<param name="label" value="$LOCALIZE[19007]" />
						<param name="value" value="$INFO[PVR.ActStreamStatus]" />
					</include>
				</control>
				<control type="group">
					<left>1470</left>
					<top>90</top>
					<control type="label">
						<description>Signal</description>
						<width>250</width>
						<height>25</height>
						<aligny>center</aligny>
						<label>[COLOR =$VAR[ColourFocus]]$LOCALIZE[19008] :[/COLOR] $INFO[PVR.ActStreamSignal]</label>
						<font>font12</font>
					</control>
					<control type="progress">
						<top>30</top>
						<width>360</width>
						<height>12</height>
						<info>PVR.ActStreamProgrSignal</info>
					</control>
					<control type="label">
						<description>SNR</description>
						<top>60</top>
						<width>250</width>
						<height>25</height>
						<aligny>center</aligny>
						<label>[COLOR =$VAR[ColourFocus]]$LOCALIZE[19009] :[/COLOR] $INFO[PVR.ActStreamSNR]</label>
						<font>font12</font>
					</control>
					<control type="progress">
						<top>90</top>
						<width>360</width>
						<height>12</height>
						<info>PVR.ActStreamProgrSNR</info>
					</control>
				</control>
				<control type="grouplist">
					<orientation>vertical</orientation>
					<left>800</left>
					<top>90</top>
					<include content="LeftRightAlignedInfoLine">
						<param name="label" value="$LOCALIZE[19010]" />
						<param name="value" value="$INFO[PVR.ActStreamBER]" />
					</include>
					<include content="LeftRightAlignedInfoLine">
						<param name="label" value="$LOCALIZE[19011]" />
						<param name="value" value="$INFO[PVR.ActStreamUNC]" />
					</include>
					<include content="LeftRightAlignedInfoLine">
						<param name="label" value="$LOCALIZE[19015]" />
						<param name="value" value="$INFO[PVR.ActStreamEncryptionName]" />
					</include>
				</control>
			</control>
		</control>
		<control type="group" id="1">
			<visible>Player.Caching</visible>
			<animation delay="300" effect="fade" time="200">Visible</animation>
			<animation effect="fade" delay="200" time="150">Hidden</animation>
			<control type="image" id="1">
				<left>910</left>
				<top>490</top>
				<width>100</width>
				<height>100</height>
				<texture colordiffuse="$VAR[ColourFocus]">dialogs/extendedprogress/loading-back.png</texture>
				<visible>String.IsEmpty(Skin.String(SkinHelper.SpinnerTexturePath)) | String.IsEmpty(Skin.String(SkinHelper.SpinnerTexture)) | Skin.String(SkinHelper.SpinnerTexturePath,None)</visible>
			</control>
<!-- 			<control type="image" id="1">
				<left>910</left>
				<top>490</top>
				<width>100</width>
				<height>100</height>
				<texture>dialogs/volume/progress/p$INFO[Player.CacheLevel].png</texture>
				<animation effect="fade" end="50" time="0" condition="true">Conditional</animation>
				<visible>String.IsEmpty(Skin.String(SkinHelper.SpinnerTexturePath)) | String.IsEmpty(Skin.String(SkinHelper.SpinnerTexture)) | Skin.String(SkinHelper.SpinnerTexturePath,None)</visible>
			</control> -->
			<control type="image" id="1">
				<left>910</left>
				<top>490</top>
				<width>100</width>
				<height>100</height>
				<texture>dialogs/extendedprogress/loading.png</texture>
				<animation effect="rotate" center="auto" start="360" end="0" time="1500" loop="true" condition="true">Conditional</animation>
				<visible>String.IsEmpty(Skin.String(SkinHelper.SpinnerTexturePath)) | String.IsEmpty(Skin.String(SkinHelper.SpinnerTexture)) | Skin.String(SkinHelper.SpinnerTexturePath,None)</visible>
			</control>
			<control type="multiimage" id="1">
				<centerleft>50%</centerleft>
				<centertop>50%</centertop>
    				<width>100</width>
    				<height>100</height>
    				<aspectratio>keep</aspectratio>
    				<imagepath>$INFO[Skin.String(SkinHelper.SpinnerTexturePath)]</imagepath>
    				<timeperimage>75</timeperimage>
    				<randomize>false</randomize>
           			<fadetime>0</fadetime>
    				<visible>!Skin.String(SkinHelper.SpinnerTexturePath,None)</visible>
			</control>
		</control>
	</controls>
</window>
