<?xml version="1.0" encoding="UTF-8"?>
<addon id="skin.reestuarized" version="0.0.04" name="Re Estuarized" provider-name="im85288">
	<requires>
		<import version="5.12.0" addon="xbmc.gui"/>		
		<import addon="script.skinshortcuts" version="0.6.5"/>
		<import addon="script.skin.helper.service" version="1.0.0"/>
        <import addon="resource.uisounds.fromashes" version="0.0.1"/>
    </requires>
    <extension point="xbmc.gui.skin" debugging="false">
        <res width="1920" height="1440" aspect="4:3" default="false" folder="xml" />
        <res width="1920" height="1280" aspect="3:2" default="false" folder="xml" />
        <res width="1920" height="1200" aspect="16:10" default="false" folder="xml" />
        <res width="1920" height="1080" aspect="16:9" default="true" folder="xml" />
        <res width="2560" height="1080" aspect="21:9" default="false" folder="xml" />
    </extension>
	<extension point="xbmc.addon.metadata">
		<summary lang="en">Re Estuarized...a custom modification of the default Estuary Kodi skin</summary>
		<platform>all</platform>
		<license>GPL v2.0</license>
		<email></email>
		<source></source>
        <assets>
            <icon>resources/icon.png</icon>
            <fanart>resources/fanart.jpg</fanart>
            <screenshot>resources/screenshot-01.jpg</screenshot>
            <screenshot>resources/screenshot-02.jpg</screenshot>
            <screenshot>resources/screenshot-03.jpg</screenshot>
            <screenshot>resources/screenshot-04.jpg</screenshot>
            <screenshot>resources/screenshot-05.jpg</screenshot>
            <screenshot>resources/screenshot-06.jpg</screenshot>
            <screenshot>resources/screenshot-07.jpg</screenshot>
            <screenshot>resources/screenshot-08.jpg</screenshot>
            <screenshot>resources/screenshot-09.jpg</screenshot>
        </assets>
         <news>
        What's new in version 0.0.04 ?
             - Library menu now will show custom menu's
             - Option to show animated posters
             - Collection plots now shown
     </news>
	</extension>
</addon>