<?xml version="1.0" encoding="UTF-8"?>
<window>
	<defaultcontrol always="true">450</defaultcontrol>
	<include>Animation_DialogPopupOpenClose</include>
	<controls>
		<control type="group">
			<left>310</left>
			<top>100</top>
			<include content="DialogBackgroundCommons">
				<param name="DialogBackgroundWidth" value="1300" />
				<param name="DialogBackgroundHeight" value="850" />
				<param name="DialogHeaderLabel" value="-" />
				<param name="DialogHeaderId" value="411" />
			</include>
			<control type="grouplist" id="9000">
				<left>990</left>
				<top>85</top>
				<width>400</width>
				<height>400</height>
				<itemgap>-15</itemgap>
				<align>left</align>
				<orientation>vertical</orientation>
				<onleft condition="Control.IsVisible(450)">450</onleft>
				<onleft condition="Control.IsVisible(451)">451</onleft>
				<onright condition="Control.IsVisible(450)">450</onright>
				<onright condition="Control.IsVisible(451)">451</onright>
				<onup>9000</onup>
				<ondown>9000</ondown>
				<include content="DefaultDialogButton">
					<param name="id" value="413" />
					<param name="label" value="$LOCALIZE[186]" />
				</include>
				<include content="DefaultDialogButton">
					<param name="id" value="414" />
					<param name="label" value="$LOCALIZE[222]" />
				</include>
				<include content="DefaultDialogButton">
					<param name="id" value="415" />
					<param name="label" value="$LOCALIZE[119]" />
					<param name="visible" value="Control.IsEnabled(415)" />
				</include>
				<include content="DefaultDialogButton">
					<param name="id" value="416" />
					<param name="label" value="$LOCALIZE[749]" />
					<param name="visible" value="Control.IsEnabled(416)" />
				</include>
			</control>
			<control type="image">
				<left>1010</left>
				<top>420</top>
				<width>260</width>
				<height>380</height>
				<aspectratio aligny="bottom">keep</aspectratio>
				<bordertexture colordiffuse="border_alpha">colors/black.png</bordertexture>
				<bordersize>4</bordersize>
				<texture border="4" background="true">$INFO[ListItem.Icon]</texture>
			</control>
			<control type="image">
				<left>20</left>
				<top>80</top>
				<width>980</width>
				<height>740</height>
				<texture border="40">buttons/dialogbutton-nofo.png</texture>
			</control>
			<control type="panel" id="450">
				<left>40</left>
				<top>100</top>
				<width>940</width>
				<height>700</height>
				<onleft>60</onleft>
				<onright>9000</onright>
				<onup>450</onup>
				<ondown>450</ondown>
				<pagecontrol>60</pagecontrol>
				<scrolltime>200</scrolltime>
				<itemlayout height="70" width="940">
					<control type="image">
						<left>0</left>
						<top>0</top>
						<width>940</width>
						<height>71</height>
						<texture border="40">lists/separator.png</texture>
					</control>
					<control type="image">
						<left>10</left>
						<top>10</top>
						<width>50</width>
						<height>50</height>
						<texture>$INFO[ListItem.Icon]</texture>
						<aspectratio>keep</aspectratio>
					</control>
					<control type="label">
						<left>75</left>
						<top>0</top>
						<width>560</width>
						<height>70</height>
						<aligny>center</aligny>
						<selectedcolor>green</selectedcolor>
						<label>$INFO[ListItem.Label]</label>
					</control>
				</itemlayout>
				<focusedlayout height="70" width="940">
					<control type="image">
						<left>0</left>
						<top>0</top>
						<width>940</width>
						<height>71</height>
						<visible>!Control.HasFocus(450)</visible>
						<texture border="40">lists/separator.png</texture>
					</control>
					<control type="image">
						<left>0</left>
						<top>0</top>
						<width>940</width>
						<height>71</height>
						<visible>Control.HasFocus(450)</visible>
						<texture colordiffuse="$VAR[ColourFocus]">lists/focus.png</texture>
					</control>
					<control type="image">
						<left>10</left>
						<top>10</top>
						<width>50</width>
						<height>50</height>
						<texture>$INFO[ListItem.Icon]</texture>
						<aspectratio>keep</aspectratio>
					</control>
					<control type="label">
						<left>75</left>
						<top>0</top>
						<width>560</width>
						<height>70</height>
						<aligny>center</aligny>
						<selectedcolor>green</selectedcolor>
						<label>$INFO[ListItem.Label]</label>
					</control>
				</focusedlayout>
			</control>
			<control type="panel" id="451">
				<left>40</left>
				<top>100</top>
				<width>940</width>
				<height>700</height>
				<onleft>60</onleft>
				<onright>9000</onright>
				<onup>451</onup>
				<ondown>451</ondown>
				<pagecontrol>60</pagecontrol>
				<scrolltime>200</scrolltime>
				<itemlayout height="70" width="940">
					<control type="image">
						<left>0</left>
						<top>0</top>
						<width>940</width>
						<height>71</height>
						<texture border="40">lists/separator.png</texture>
					</control>
					<control type="image">
						<left>10</left>
						<top>10</top>
						<width>50</width>
						<height>50</height>
						<texture>$INFO[ListItem.Icon]</texture>
						<aspectratio>keep</aspectratio>
					</control>
					<control type="label">
						<left>75</left>
						<top>0</top>
						<width>800</width>
						<height>70</height>
						<aligny>center</aligny>
						<selectedcolor>green</selectedcolor>
						<label>$INFO[ListItem.Label]</label>
					</control>
				</itemlayout>
				<focusedlayout height="70" width="940">
					<control type="image">
						<left>0</left>
						<top>0</top>
						<width>940</width>
						<height>71</height>
						<visible>!Control.HasFocus(451)</visible>
						<texture border="40">lists/separator.png</texture>
					</control>
					<control type="image">
						<left>0</left>
						<top>0</top>
						<width>940</width>
						<height>71</height>
						<visible>Control.HasFocus(451)</visible>
						<texture colordiffuse="$VAR[ColourFocus]">lists/focus.png</texture>
					</control>
					<control type="image">
						<left>10</left>
						<top>10</top>
						<width>50</width>
						<height>50</height>
						<texture>$INFO[ListItem.Icon]</texture>
						<aspectratio>keep</aspectratio>
					</control>
					<control type="label">
						<left>75</left>
						<top>0</top>
						<width>800</width>
						<height>70</height>
						<aligny>center</aligny>
						<selectedcolor>green</selectedcolor>
						<label>$INFO[ListItem.Label]</label>
					</control>
				</focusedlayout>
			</control>
			<control type="scrollbar" id="60">
				<left>20</left>
				<top>100</top>
				<width>12</width>
				<height>698</height>
				<onleft>9000</onleft>
				<onright condition="Control.IsVisible(450)">450</onright>
				<onright condition="Control.IsVisible(451)">451</onright>
				<orientation>vertical</orientation>
			</control>
			<control type="label" id="412">
				<description>Path label</description>
				<left>25</left>
				<top>810</top>
				<width>595</width>
				<height>30</height>
				<haspath>true</haspath>
				<font>font12</font>
				<aligny>center</aligny>
				<textcolor>$VAR[ColourFocus]</textcolor>
				<shadowcolor>black</shadowcolor>
			</control>
			<control type="label">
				<description>Page label</description>
				<left>0</left>
				<top>810</top>
				<width>1270</width>
				<height>30</height>
				<align>right</align>
				<aligny>center</aligny>
				<textcolor>grey</textcolor>
				<font>font12</font>
				<label>[COLOR=$VAR[ColourFocus]]$INFO[Container(450).NumItems][/COLOR] $LOCALIZE[31036] - $LOCALIZE[31035] [COLOR=subwhite]$INFO[Container(450).CurrentPage][/COLOR]/[COLOR=subwhite]$INFO[Container(450).NumPages][/COLOR]</label>
				<wrapmultiline>true</wrapmultiline>
				<visible>!Control.IsVisible(451)</visible>
			</control>
			<control type="label">
				<description>Page label</description>
				<left>0</left>
				<top>810</top>
				<width>1270</width>
				<height>30</height>
				<align>right</align>
				<aligny>center</aligny>
				<textcolor>grey</textcolor>
				<font>font12</font>
				<label>[COLOR=$VAR[ColourFocus]]$INFO[Container(451).NumItems][/COLOR] $LOCALIZE[31036] - $LOCALIZE[31035] [COLOR=subwhite]$INFO[Container(451).CurrentPage][/COLOR]/[COLOR=subwhite]$INFO[Container(451).NumPages][/COLOR]</label>
				<wrapmultiline>true</wrapmultiline>
				<visible>Control.IsVisible(451)</visible>
			</control>
		</control>
		<include content="UpDownArrows">
			<param name="container_id" value="450" />
			<param name="posx" value="830" />
			<param name="up_posy" value="50" />
			<param name="down_posy" value="980" />
			<param name="visible" value="!System.HasModalDialog" />
		</include>
	</controls>
</window>
